yr_mfr,kms_run,fuel_type,city,body_type,transmission,make,model,total_owners,car_rating,warranty_avail,sale_price
2015,8063,petrol,noida,hatchback,manual,maruti,swift,2,great,False,386399
2016,23104,petrol,noida,hatchback,manual,maruti,alto 800,1,great,False,265499
2017,23402,petrol,noida,hatchback,manual,hyundai,grand i10,1,great,False,477699
2013,39124,diesel,noida,hatchback,manual,maruti,swift,1,great,False,307999
2015,22116,petrol,noida,hatchback,manual,hyundai,grand i10,1,great,False,361499
2018,23534,petrol,noida,hatchback,,maruti,alto k10,1,great,False,335299
2012,41213,diesel,noida,hatchback,manual,maruti,ritz,1,great,False,281999
2012,38328,petrol,noida,hatchback,manual,hyundai,i20,3,great,False,321499
2014,56402,diesel,noida,hatchback,manual,hyundai,elite i20,1,great,False,456199
2018,32703,petrol,noida,hatchback,manual,renault,kwid,1,great,False,281299
2014,53180,petrol,noida,hatchback,manual,maruti,alto 800,1,great,False,206899
2008,44219,petrol,noida,hatchback,manual,hyundai,i10,1,good,False,194699
2012,55764,diesel,noida,hatchback,manual,hyundai,i20,2,great,False,287999
2012,58581,petrol,noida,hatchback,manual,honda,brio,1,great,False,235699
2011,49761,petrol,noida,hatchback,manual,hyundai,i10,1,good,False,207499
2010,63808,petrol,noida,sedan,manual,honda,city,1,great,False,304199
2011,70126,petrol,noida,hatchback,manual,hyundai,i10,1,great,False,217599
2013,49817,petrol,noida,hatchback,manual,hyundai,eon,1,great,False,216899
2015,62806,diesel,noida,hatchback,manual,maruti,swift,1,great,False,396499
2015,58396,petrol,noida,hatchback,manual,honda,brio,2,great,False,347399
2014,59559,petrol,noida,hatchback,manual,hyundai,eon,1,great,False,209799
2012,68355,diesel,noida,sedan,manual,hyundai,verna,1,great,False,398799
2010,82078,petrol,noida,hatchback,manual,maruti,ritz,1,great,False,207099
2013,66350,diesel,noida,hatchback,manual,maruti,swift,1,great,False,318399
2010,56231,petrol,noida,hatchback,manual,maruti,alto,2,good,False,180999
2010,72985,petrol,noida,hatchback,manual,hyundai,i20,1,great,False,227699
2009,79244,petrol,noida,hatchback,manual,hyundai,santro xing,1,good,False,164899
2014,71876,petrol,noida,hatchback,manual,maruti,swift,1,great,False,389699
2011,90479,petrol,noida,sedan,manual,maruti,swift dzire,1,great,False,224299
2013,66940,diesel,noida,suv,manual,ford,ecosport,1,great,False,397199
2013,80394,diesel,noida,sedan,manual,maruti,swift dzire,1,great,False,332499
2012,77954,diesel,noida,sedan,manual,maruti,swift dzire,2,great,False,306899
2012,82364,petrol,noida,sedan,manual,nissan,sunny,1,great,False,287099
2014,66743,diesel,noida,sedan,manual,hyundai,xcent,1,great,False,276299
2012,114402,diesel,noida,hatchback,manual,maruti,ritz,1,great,False,228699
2012,83767,diesel,noida,hatchback,manual,hyundai,i20,1,great,False,244399
2012,87914,diesel,noida,hatchback,manual,toyota,etios liva,1,great,False,266299
2013,74429,diesel,noida,hatchback,manual,maruti,swift,2,great,False,314499
2014,81137,diesel,noida,hatchback,manual,maruti,swift,2,great,False,381299
2012,85689,diesel,noida,hatchback,manual,hyundai,i20,1,great,False,302299
2011,139038,petrol,noida,hatchback,manual,hyundai,santro xing,1,great,False,165499
2013,82328,petrol,noida,hatchback,manual,hyundai,grand i10,1,great,False,364399
2015,87238,diesel,noida,sedan,manual,hyundai,verna,1,great,False,542699
2010,95236,petrol,noida,sedan,manual,maruti,swift dzire,2,great,False,202499
2012,92532,petrol,noida,hatchback,manual,maruti,alto k10,1,great,False,215599
2016,104962,petrol & cng,noida,hatchback,manual,maruti,celerio,1,great,False,326499
2016,88453,diesel,noida,hatchback,manual,maruti,baleno,1,great,False,545799
2013,77823,diesel,noida,sedan,manual,maruti,swift dzire,1,great,False,390699
2013,82016,diesel,noida,sedan,manual,maruti,swift dzire,2,great,False,274399
2012,112314,diesel,noida,hatchback,manual,hyundai,i20,1,great,False,294799
2013,96826,diesel,noida,sedan,manual,maruti,swift dzire,1,great,False,352799
2015,91280,diesel,noida,hatchback,manual,maruti,swift,1,great,False,405399
2015,92527,diesel,noida,hatchback,manual,maruti,swift,1,great,False,372899
2013,81971,diesel,noida,luxury sedan,manual,hyundai,new elantra,1,great,False,604299
2012,118130,diesel,noida,hatchback,manual,hyundai,i20,3,great,False,243299
2014,124969,diesel,noida,hatchback,manual,maruti,swift,1,great,False,367999
2011,133175,diesel,noida,hatchback,manual,maruti,swift,1,great,False,289199
2013,110484,diesel,noida,sedan,manual,maruti,swift dzire,1,great,False,391499
2014,78097,petrol,noida,sedan,manual,honda,amaze,2,great,False,337799
2012,100995,diesel,noida,hatchback,manual,maruti,ritz,1,great,False,234399
2012,123546,diesel,noida,hatchback,manual,maruti,ritz,1,great,False,215699
2015,110531,diesel,noida,hatchback,manual,hyundai,elite i20,1,great,False,420299
2018,78027,diesel,noida,suv,automatic,hyundai,creta,2,great,False,1149984
2012,129639,diesel,noida,hatchback,manual,maruti,swift,1,great,False,306199
2009,118559,petrol & cng,noida,hatchback,manual,maruti,swift,2,great,False,215299
2012,156680,diesel,noida,hatchback,manual,maruti,swift,1,great,False,291399
2010,176287,petrol & cng,noida,hatchback,manual,maruti,wagon r 1.0,1,good,False,219999
2015,123934,diesel,noida,sedan,manual,honda,amaze,2,great,False,315599
2014,66027,diesel,noida,luxury suv,,audi,q3,1,great,False,1332390
2015,88375,diesel,noida,suv,,hyundai,creta,1,great,False,789799
2012,180639,diesel,noida,sedan,manual,maruti,swift dzire,1,great,False,312099
2015,116697,diesel,noida,hatchback,manual,hyundai,elite i20,1,great,False,536999
2016,111613,diesel,noida,suv,manual,maruti,vitara brezza,1,great,False,593099
2014,98992,diesel,noida,sedan,manual,honda,amaze,1,great,False,293999
2017,148526,diesel,noida,hatchback,manual,hyundai,elite i20,1,great,False,514799
2014,103033,diesel,noida,luxury sedan,manual,toyota,corolla altis,1,great,False,694599
2013,194203,diesel,noida,hatchback,manual,maruti,swift,1,great,False,284099
2014,90959,diesel,noida,luxury suv,,audi,q3,1,great,False,1103827
2015,111562,diesel,noida,suv,manual,toyota,innova,1,great,False,844899
2013,219642,diesel,noida,sedan,manual,renault,scala,1,good,False,264299
2015,11343,petrol,noida,hatchback,manual,maruti,wagon r 1.0,1,great,False,334899
2019,2510,petrol & cng,noida,hatchback,manual,maruti,alto 800,1,great,False,346599
2013,21784,petrol,noida,hatchback,manual,maruti,alto k10,2,great,False,240199
2019,4279,petrol,noida,hatchback,manual,renault,kwid,1,great,False,341199
2019,11393,petrol,noida,sedan,manual,maruti,dzire,1,great,False,516599
2019,11221,petrol,noida,hatchback,,maruti,alto k10,1,great,False,358099
2010,47405,petrol,noida,sedan,manual,honda,city,1,great,False,360799
2013,43803,petrol,noida,hatchback,manual,maruti,swift,1,great,False,352799
2013,24955,petrol,noida,hatchback,manual,hyundai,eon,1,great,False,226199
2016,34451,petrol,noida,hatchback,manual,maruti,alto 800,1,great,False,259999
2016,40154,petrol,noida,hatchback,manual,renault,kwid,1,great,False,213999
2016,37916,petrol,noida,hatchback,manual,renault,kwid,1,great,False,234099
2017,25826,petrol,noida,hatchback,,hyundai,grand i10,1,great,False,488699
2017,38901,petrol & cng,noida,hatchback,,hyundai,grand i10,1,great,False,462899
2012,39131,petrol,noida,hatchback,manual,maruti,wagon r 1.0,1,great,False,232999
2013,28769,diesel,noida,suv,manual,renault,duster,1,great,False,454599
2018,3212,petrol,noida,hatchback,manual,maruti,alto k10,1,great,False,394399
2016,14776,petrol,noida,hatchback,manual,hyundai,eon,1,great,False,278199
2013,50647,diesel,noida,hatchback,manual,maruti,swift,2,great,False,349299
2019,21556,petrol,noida,hatchback,,hyundai,elite i20,1,great,False,571299
2013,48461,petrol,noida,hatchback,manual,maruti,swift,1,great,False,370599
2012,62476,diesel,noida,hatchback,manual,maruti,swift,1,great,False,317399
2017,85779,diesel,noida,hatchback,manual,tata,tiago,2,great,False,332399
2015,20087,petrol,noida,suv,manual,hyundai,creta,2,great,False,823499
2011,59431,petrol,noida,hatchback,manual,hyundai,i10,1,great,False,223599
2013,40911,petrol,noida,hatchback,manual,toyota,etios liva,2,good,False,294399
2019,8326,petrol,noida,suv,,maruti,ertiga,1,great,False,897199
2011,71538,petrol,noida,hatchback,manual,hyundai,i20,1,great,False,256699
2016,28840,petrol,noida,hatchback,manual,datsun,redi go,1,good,False,221399
2015,53095,petrol,noida,hatchback,manual,maruti,celerio,1,great,False,354999
2012,59922,diesel,noida,hatchback,manual,hyundai,i20,1,good,False,276399
2018,28290,petrol,noida,suv,manual,honda,wr-v,1,great,False,709899
2017,34205,petrol,noida,hatchback,manual,maruti,baleno,1,great,False,509399
2015,57972,petrol,noida,hatchback,manual,maruti,swift,3,great,False,369399
2008,61909,petrol,noida,hatchback,manual,maruti,swift,1,good,False,203099
2012,49367,diesel,noida,luxury suv,manual,mahindra,xuv500,3,good,False,479899
2014,64950,diesel,noida,luxury suv,manual,mahindra,xuv500,2,great,False,555999
2010,61261,petrol,noida,sedan,manual,maruti,sx4,1,good,False,232899
2013,72461,diesel,noida,sedan,manual,honda,amaze,1,great,False,301399
2013,67011,diesel,noida,hatchback,manual,maruti,swift,1,great,False,369299
2015,53171,petrol,noida,hatchback,manual,hyundai,elite i20,1,great,False,480399
2017,93152,petrol,noida,hatchback,,hyundai,grand i10,1,good,False,377799
2011,59541,petrol,noida,hatchback,manual,volkswagen,polo,2,good,False,275099
2011,89510,petrol,noida,hatchback,manual,maruti,zen estilo,1,good,False,188399
2016,55538,petrol,noida,hatchback,manual,tata,tiago,1,great,False,359399
2015,50968,diesel,noida,suv,manual,mahindra,scorpio,1,great,False,801099
2017,42841,diesel,noida,suv,manual,toyota,innova crysta,1,great,False,1415109
2013,65942,petrol,noida,hatchback,manual,volkswagen,polo,1,great,False,317199
2016,59831,diesel,noida,suv,manual,mahindra,scorpio,1,great,False,1092313
2016,61582,petrol,noida,suv,manual,hyundai,creta,2,great,False,720299
2016,61330,diesel,noida,suv,manual,mahindra,scorpio,2,great,False,1030804
2012,58699,diesel,noida,hatchback,manual,ford,figo,1,fair,False,233099
2009,96354,petrol,noida,hatchback,manual,maruti,swift,2,good,False,239299
2009,95127,petrol,noida,luxury suv,manual,mitsubishi,outlander,3,great,False,307099
2014,81676,diesel,noida,sedan,manual,hyundai,verna,1,great,False,520499
2014,84334,diesel,noida,sedan,manual,hyundai,verna,1,great,False,510699
2017,73768,diesel,noida,sedan,manual,volkswagen,ameo,1,great,False,486299
2010,65057,petrol,noida,hatchback,manual,maruti,zen estilo,1,good,False,208999
2012,89988,petrol,noida,hatchback,manual,maruti,alto k10,2,good,False,206399
2016,100780,petrol & cng,noida,hatchback,manual,maruti,celerio,2,great,False,358299
2013,90659,petrol,noida,hatchback,manual,honda,brio,2,good,False,251399
2013,79800,petrol,noida,hatchback,manual,hyundai,santro xing,1,great,False,220699
2012,90220,petrol,noida,sedan,manual,maruti,swift dzire,1,great,False,290899
2013,99113,diesel,noida,suv,manual,ford,ecosport,1,great,False,413099
2014,60070,diesel,noida,luxury suv,manual,mahindra,xuv500,1,great,False,699399
2014,110471,diesel,noida,suv,manual,nissan,terrano,1,great,False,469099
2014,86304,petrol,noida,sedan,manual,honda,amaze,1,great,False,364599
2010,108338,petrol,noida,hatchback,manual,maruti,ritz,1,great,False,230799
2012,122256,diesel,noida,hatchback,manual,hyundai,i20,1,great,False,299399
2015,168109,petrol,noida,sedan,manual,toyota,etios,1,great,False,330899
2012,186207,diesel,noida,suv,manual,maruti,ertiga,1,good,False,440199
2013,192715,diesel,noida,sedan,manual,volkswagen,vento,1,great,False,377799
2014,134937,petrol,noida,luxury sedan,manual,toyota,corolla altis,1,great,False,751399
2013,114155,diesel,noida,luxury suv,automatic,audi,q3,2,great,False,1072517
2016,124714,diesel,noida,suv,,hyundai,creta,1,great,False,818799
2013,107465,diesel,noida,luxury sedan,automatic,audi,a6,2,great,False,1202706
2013,154297,diesel,noida,luxury suv,automatic,toyota,fortuner,1,great,False,1213917
2014,214389,diesel,noida,suv,manual,toyota,innova,1,great,False,619299
2015,158356,petrol & cng,noida,hatchback,manual,maruti,celerio,1,great,False,316399
2015,27191,petrol,noida,hatchback,manual,maruti,swift,1,great,False,365799
2017,15581,petrol,noida,hatchback,manual,maruti,alto 800,1,great,False,257699
2011,15248,petrol,noida,sedan,manual,maruti,swift dzire,1,great,False,254299
2018,17599,petrol,noida,hatchback,manual,maruti,alto k10,1,great,False,335199
2013,34861,diesel,noida,suv,manual,mahindra,scorpio,1,great,False,506799
2019,9218,petrol,noida,hatchback,manual,maruti,swift,1,great,False,568299
2019,7794,petrol,noida,hatchback,manual,hyundai,grand i10,1,great,False,513399
2018,14537,petrol,noida,hatchback,,datsun,redi go,1,great,False,277899
2013,45994,diesel,noida,hatchback,manual,maruti,swift,1,great,False,356099
2010,55388,petrol,noida,hatchback,manual,hyundai,i10,2,great,False,190499
2010,51871,petrol,noida,sedan,,maruti,sx4,1,good,False,238199
2011,41762,petrol,noida,hatchback,manual,maruti,ritz,1,great,False,239399
2016,37219,diesel,noida,suv,automatic,mahindra,tuv300,1,great,False,551499
2020,11146,petrol,noida,hatchback,,hyundai,elite i20,1,great,False,532799
2014,48845,petrol,noida,sedan,manual,honda,city,1,great,False,530499
2019,21000,petrol,noida,,,maruti,new  wagon-r,1,great,False,397699
2017,37426,petrol,noida,sedan,manual,honda,amaze,1,great,False,450999
2018,31537,petrol,noida,hatchback,manual,renault,kwid,1,great,False,283999
2010,68453,petrol,noida,hatchback,manual,hyundai,i10,1,great,False,174499
2017,28074,petrol & cng,noida,sedan,manual,honda,city,1,great,False,791599
2014,68235,diesel,noida,sedan,manual,hyundai,xcent,2,great,False,275699
2013,67411,diesel,noida,sedan,manual,maruti,swift dzire,1,great,False,271499
2012,80671,diesel,noida,sedan,manual,maruti,swift dzire,1,great,False,336099
2009,48907,petrol,noida,hatchback,manual,maruti,ritz,1,great,False,189299
2015,57933,diesel,noida,suv,manual,maruti,ertiga,2,great,False,574199
2009,86251,petrol,noida,hatchback,manual,hyundai,i20,2,great,False,175299
2019,50244,petrol & cng,noida,hatchback,manual,maruti,alto,2,great,False,313399
2014,70930,petrol & cng,noida,hatchback,manual,maruti,alto k10,1,good,False,274799
2012,83630,petrol & cng,noida,hatchback,manual,maruti,wagon r 1.0,1,great,False,218899
2018,38712,diesel,noida,sedan,automatic,hyundai,verna,1,great,False,949499
2017,39663,diesel,noida,suv,manual,maruti,vitara brezza,1,great,False,732399
2017,38307,diesel,noida,sedan,manual,hyundai,verna,1,great,False,747999
2015,71692,diesel,noida,suv,automatic,mahindra,tuv300,2,great,False,579599
2019,25800,diesel,noida,sedan,,hyundai,verna,1,great,False,846799
2012,89257,diesel,noida,suv,manual,maruti,ertiga,1,great,False,419599
2018,42277,petrol & cng,noida,hatchback,manual,hyundai,elite i20,1,great,False,523699
2018,28572,diesel,noida,suv,manual,maruti,vitara brezza,1,great,False,780799
2018,11844,petrol,noida,suv,manual,ford,ecosport,1,great,False,791199
2012,81227,diesel,noida,suv,manual,maruti,ertiga,2,great,False,380599
2012,84027,diesel,noida,sedan,manual,hyundai,verna,2,great,False,283299
2019,10643,petrol,noida,suv,,maruti,xl6,2,great,False,877199
2019,50873,diesel,noida,suv,,tata,harrier,1,great,False,1280577
2014,74867,diesel,noida,sedan,manual,honda,city,2,great,False,514499
2010,86619,petrol,noida,sedan,automatic,honda,civic,2,great,False,273199
2009,89564,petrol,noida,hatchback,manual,maruti,swift,2,great,False,177099
2014,75854,diesel,noida,sedan,manual,hyundai,verna,1,great,False,488299
2014,76938,petrol,noida,hatchback,manual,honda,brio,1,great,False,273899
2015,87634,petrol & cng,noida,hatchback,manual,hyundai,i10,1,good,False,297599
2016,19492,diesel,noida,luxury sedan,manual,mercedes benz,cla class,2,great,False,2055348
2016,81175,diesel,noida,hatchback,manual,maruti,baleno,1,great,False,538099
2012,88696,petrol,noida,hatchback,manual,hyundai,i10,1,great,False,200799
2018,56926,diesel,noida,sedan,manual,honda,amaze,1,great,False,569899
2018,57860,diesel,noida,sedan,manual,maruti,ciaz,1,great,False,770199
2016,99569,diesel,noida,suv,manual,mahindra,kuv100,1,great,False,266299
2009,133196,petrol,noida,sedan,,honda,city,2,great,False,201899
2017,105847,petrol & cng,noida,suv,manual,maruti,eeco,1,great,False,280699
2009,109466,petrol & cng,noida,hatchback,manual,maruti,alto,2,great,False,105999
2016,76749,petrol,noida,luxury sedan,automatic,audi,a3,1,great,False,1663670
2013,95093,petrol,noida,sedan,manual,maruti,swift dzire,1,great,False,288599
2014,82866,diesel,noida,luxury suv,manual,mahindra,xuv500,2,great,False,504199
2012,118659,petrol,noida,luxury sedan,automatic,toyota,corolla altis,2,great,False,444299
2014,93529,petrol,noida,sedan,manual,honda,city,2,great,True,478899
2017,109022,diesel,noida,suv,,hyundai,creta,1,great,False,754099
2013,93866,petrol,noida,hatchback,manual,hyundai,i10,1,great,False,234299
2014,110019,diesel,noida,sedan,manual,honda,amaze,1,great,False,282299
2014,101288,petrol & cng,noida,hatchback,manual,maruti,alto 800,1,great,False,212699
2014,104448,petrol & cng,noida,hatchback,manual,maruti,swift,1,great,False,314999
2012,169704,diesel,noida,luxury suv,manual,toyota,fortuner,1,great,False,1089687
2015,147944,petrol,noida,sedan,manual,honda,city,2,great,False,554899
2010,84568,petrol & cng,noida,hatchback,manual,hyundai,santro xing,2,good,True,135000
2015,45412,diesel,noida,suv,manual,mahindra,xuv500,1,good,False,700000
2013,29656,petrol,noida,hatchback,manual,hyundai,i20,1,great,False,339299
2012,48415,petrol,noida,hatchback,manual,honda,brio,1,great,False,199499
2019,5906,petrol,noida,sedan,manual,honda,amaze,1,great,False,581299
2014,45361,petrol,noida,hatchback,manual,hyundai,santro xing,1,great,False,265899
2014,22307,petrol & cng,noida,hatchback,manual,maruti,alto 800,1,good,False,254999
2017,29238,petrol,noida,hatchback,manual,renault,kwid,1,great,False,301499
2014,27619,diesel,noida,sedan,manual,maruti,swift dzire,1,great,False,481099
2019,5631,petrol,noida,hatchback,manual,maruti,baleno,1,great,False,602799
2018,11550,petrol,noida,hatchback,manual,maruti,swift,1,great,False,537399
2018,24883,petrol,noida,sedan,manual,maruti,dzire,1,great,False,563999
2016,31898,petrol,noida,hatchback,manual,renault,kwid,1,great,False,245999
2017,21259,petrol,noida,hatchback,manual,datsun,redi go,1,good,False,233399
2008,50292,petrol,noida,sedan,manual,maruti,sx4,2,great,False,128299
2016,44946,petrol,noida,hatchback,manual,renault,kwid,1,great,False,248699
2015,42878,petrol,noida,hatchback,manual,tata,nano,1,fair,False,152399
2015,51368,petrol,noida,hatchback,manual,hyundai,i10,1,great,False,305599
2015,27144,petrol,noida,suv,manual,hyundai,creta,1,great,False,802499
2018,28594,petrol,noida,hatchback,manual,maruti,baleno,1,great,False,624399
2018,22800,diesel,noida,suv,manual,mahindra,thar,2,great,False,764399
2015,57988,petrol,noida,sedan,manual,maruti,swift dzire,1,great,False,393799
2017,57086,petrol & cng,noida,sedan,manual,honda,amaze,2,great,False,470799
2013,136954,diesel,noida,hatchback,manual,chevrolet,beat,1,great,False,157999
2018,52916,diesel,noida,sedan,manual,maruti,dzire,1,great,False,558599
2014,72120,diesel,noida,suv,manual,maruti,ertiga,1,great,False,529099
2013,85174,diesel,noida,sedan,manual,maruti,swift dzire,1,great,False,297499
2015,59372,diesel,noida,luxury suv,manual,toyota,fortuner,1,great,False,1502599
2019,33317,diesel,noida,suv,,maruti,vitara brezza,1,great,False,802799
2013,80307,diesel,noida,suv,manual,toyota,innova,1,great,False,691399
2019,41908,diesel,noida,suv,manual,mahindra,scorpio,2,great,False,1307948
2016,105733,diesel,noida,hatchback,manual,hyundai,elite i20,1,great,False,469399
2016,71231,diesel,noida,suv,,mahindra,scorpio,1,great,False,865499
2016,74429,petrol & cng,noida,hatchback,manual,maruti,wagon r 1.0,1,great,False,276299
2013,191884,diesel,noida,suv,manual,maruti,ertiga,1,great,False,441199
2013,64676,diesel,noida,sedan,manual,maruti,swift dzire,1,great,True,280000
2012,73920,diesel,noida,hatchback,manual,maruti,swift,3,great,True,240000
2014,38295,petrol,noida,hatchback,manual,maruti,alto 800,2,great,True,170000
2005,58000,petrol,noida,,,maruti,800,2,,False,35
2016,34501,petrol,noida,hatchback,manual,renault,kwid,2,good,True,210000
2012,98040,diesel,noida,hatchback,manual,maruti,swift,1,great,False,270000
2005,136658,petrol & cng,noida,hatchback,manual,hyundai,santro xing,1,overpriced,False,47000
2012,94634,diesel,noida,sedan,manual,hyundai,verna,1,fair,False,482000
2009,42024,petrol,noida,hatchback,manual,chevrolet,aveo u va,2,overpriced,True,90000
2005,147503,petrol,noida,sedan,manual,honda,city,2,great,False,60000
2011,120066,diesel,noida,hatchback,manual,tata,indica vista,2,overpriced,False,115000
2012,98644,diesel,noida,sedan,manual,hyundai,verna,1,good,False,375000
2011,117782,diesel,noida,sedan,manual,hyundai,verna,2,great,False,250000
2012,37193,diesel,noida,hatchback,manual,toyota,etios liva,1,great,True,250000
2011,34028,petrol,gurgaon,hatchback,manual,maruti,alto k10,1,great,False,184599
2017,11976,petrol,gurgaon,hatchback,manual,maruti,alto k10,1,great,False,323999
2015,17181,petrol,gurgaon,hatchback,manual,hyundai,grand i10,1,great,False,378699
2016,20092,petrol,gurgaon,hatchback,manual,maruti,baleno,1,great,False,499499
2016,19069,petrol,gurgaon,hatchback,manual,hyundai,grand i10,1,great,False,461699
2010,41190,petrol,gurgaon,hatchback,manual,maruti,alto k10,1,great,False,183599
2014,29959,diesel,gurgaon,hatchback,,maruti,ritz,1,great,False,387499
2013,36501,petrol,gurgaon,hatchback,manual,maruti,wagon r 1.0,2,great,False,270599
2017,27705,petrol,gurgaon,hatchback,,maruti,alto k10,1,great,False,339399
2010,47182,petrol,gurgaon,hatchback,manual,maruti,alto,1,great,False,158599
2011,61632,petrol,gurgaon,sedan,manual,honda,city,1,great,False,343099
2014,44353,diesel,gurgaon,hatchback,,maruti,ritz,1,great,False,346099
2013,40273,petrol,gurgaon,hatchback,manual,hyundai,grand i10,1,great,False,350099
2018,11949,petrol,gurgaon,hatchback,manual,renault,kwid,1,great,False,311199
2016,41227,petrol,gurgaon,hatchback,manual,hyundai,grand i10,3,great,False,381799
2014,48866,petrol,gurgaon,hatchback,manual,maruti,swift,1,great,False,398399
2017,23274,petrol,gurgaon,sedan,manual,honda,amaze,1,great,False,520199
2018,27886,petrol,gurgaon,hatchback,manual,maruti,alto 800,1,great,False,289299
2010,45983,petrol,gurgaon,sedan,manual,maruti,swift dzire,1,great,False,306099
2018,4220,petrol,gurgaon,sedan,,maruti,ciaz,1,great,False,890399
2013,46210,petrol,gurgaon,hatchback,manual,honda,brio,1,great,False,277299
2012,48288,diesel,gurgaon,sedan,manual,hyundai,verna,1,great,False,410499
2017,43373,petrol,gurgaon,hatchback,manual,hyundai,grand i10,2,great,False,368699
2015,58187,petrol & cng,gurgaon,hatchback,,maruti,alto k10,2,great,False,270399
2012,48390,diesel,gurgaon,sedan,manual,maruti,swift dzire,1,great,False,326999
2016,43120,petrol,gurgaon,hatchback,manual,hyundai,grand i10,1,great,False,401299
2010,47870,petrol,gurgaon,hatchback,manual,hyundai,i10,1,great,False,219699
2013,56137,petrol,gurgaon,hatchback,manual,honda,brio,1,great,False,251499
2017,44311,petrol,gurgaon,hatchback,manual,hyundai,grand i10,1,great,False,406399
2015,19037,petrol,gurgaon,hatchback,manual,hyundai,eon,3,great,False,245799
2017,38245,petrol,gurgaon,hatchback,manual,renault,kwid,2,great,False,229499
2015,52490,diesel,gurgaon,hatchback,manual,maruti,swift,1,great,False,424499
2009,53021,petrol,gurgaon,hatchback,manual,hyundai,i10,1,great,False,173899
2017,18113,petrol,gurgaon,hatchback,manual,maruti,alto 800,1,great,False,307899
2017,30113,petrol,gurgaon,hatchback,manual,maruti,alto k10,1,great,False,314099
2016,60011,petrol,gurgaon,hatchback,manual,hyundai,grand i10,1,great,False,394299
2017,51476,petrol,gurgaon,hatchback,manual,maruti,wagon r 1.0,1,great,False,308199
2017,51147,petrol & cng,gurgaon,hatchback,manual,maruti,alto 800,2,great,False,275799
2012,82002,diesel,gurgaon,sedan,manual,maruti,swift dzire,1,great,False,346799
2014,59700,diesel,gurgaon,hatchback,manual,toyota,etios liva,2,great,False,386999
2017,71937,petrol & cng,gurgaon,hatchback,manual,maruti,alto 800,1,great,False,267399
2013,49004,petrol,gurgaon,hatchback,manual,volkswagen,polo,2,great,False,316199
2014,31745,petrol,gurgaon,hatchback,manual,maruti,alto 800,1,good,False,266399
2015,63435,diesel,gurgaon,hatchback,manual,maruti,swift,1,great,False,446199
2014,68678,petrol,gurgaon,hatchback,manual,hyundai,i20,1,great,False,389299
2016,47218,petrol,gurgaon,sedan,manual,maruti,ciaz,1,great,False,547199
2014,43574,petrol,gurgaon,hatchback,manual,maruti,celerio,1,great,False,307299
2015,66476,diesel,gurgaon,hatchback,manual,maruti,swift,1,great,False,401299
2018,69958,petrol,gurgaon,hatchback,manual,maruti,wagon r 1.0,1,great,False,378599
2019,14775,petrol,gurgaon,hatchback,automatic,maruti,swift,1,great,False,630599
2013,51901,petrol,gurgaon,hatchback,manual,hyundai,i20,2,great,False,376299
2011,45122,petrol,gurgaon,hatchback,manual,hyundai,i10,3,good,False,232999
2016,56403,petrol,gurgaon,sedan,manual,honda,city,1,great,True,580899
2017,27711,diesel,gurgaon,suv,manual,maruti,vitara brezza,1,great,False,739899
2009,79226,petrol,gurgaon,hatchback,manual,maruti,swift,1,great,False,198799
2016,54854,petrol,gurgaon,hatchback,manual,hyundai,eon,1,good,False,268299
2011,73397,petrol,gurgaon,hatchback,manual,hyundai,i20,1,great,False,285499
2011,73453,petrol,gurgaon,hatchback,manual,hyundai,i10,1,great,False,221699
2015,53523,diesel,gurgaon,hatchback,manual,hyundai,elite i20,1,great,False,516999
2009,72093,petrol,gurgaon,sedan,manual,honda,city,1,great,False,256999
2015,55683,petrol,gurgaon,hatchback,manual,hyundai,elite i20,1,great,False,556499
2016,51803,diesel,gurgaon,sedan,manual,honda,city,2,great,False,574899
2013,61470,petrol,gurgaon,hatchback,manual,maruti,swift,1,great,False,336199
2007,95040,petrol,gurgaon,hatchback,manual,maruti,swift,1,good,False,149199
2014,64348,petrol,gurgaon,sedan,manual,hyundai,xcent,1,great,False,413499
2016,43864,petrol,gurgaon,hatchback,manual,maruti,baleno,1,great,False,486899
2017,65194,petrol,gurgaon,hatchback,manual,hyundai,grand i10,1,great,False,459499
2010,66292,petrol,gurgaon,hatchback,manual,hyundai,i10,1,good,False,224399
2020,20199,diesel,gurgaon,,,kia,seltos,1,great,False,1399656
2018,14337,diesel,gurgaon,suv,automatic,maruti,vitara brezza,1,great,False,1010806
2008,91018,petrol,gurgaon,hatchback,manual,hyundai,santro xing,1,good,False,126699
2019,25835,diesel,gurgaon,suv,,hyundai,venue,1,great,False,1050802
2012,49146,petrol,gurgaon,hatchback,manual,hyundai,eon,1,good,False,212099
2011,62890,petrol,gurgaon,hatchback,manual,volkswagen,polo,3,good,False,238499
2018,21843,diesel,gurgaon,suv,manual,maruti,vitara brezza,2,great,False,783599
2018,17350,diesel,gurgaon,suv,automatic,maruti,vitara brezza,1,great,False,921299
2010,89560,petrol,gurgaon,sedan,manual,honda,city,1,great,False,305499
2011,66094,petrol & cng,gurgaon,hatchback,manual,maruti,wagon r 1.0,1,good,False,242799
2019,26930,diesel,gurgaon,suv,manual,maruti,vitara brezza,1,great,False,796099
2011,118427,petrol,gurgaon,hatchback,manual,maruti,alto k10,1,great,False,177299
2014,79144,diesel,gurgaon,hatchback,manual,maruti,swift,1,great,False,381099
2013,68546,diesel,gurgaon,hatchback,manual,maruti,swift,1,great,False,353499
2018,77097,petrol & cng,gurgaon,hatchback,manual,maruti,wagon r 1.0,2,great,False,338099
2015,70952,diesel,gurgaon,hatchback,manual,maruti,swift,1,great,False,446499
2013,63628,petrol,gurgaon,hatchback,manual,hyundai,eon,1,good,False,225399
2009,94856,petrol,gurgaon,hatchback,manual,hyundai,i20,2,great,False,203799
2016,84427,petrol,gurgaon,hatchback,manual,honda,jazz,1,great,False,435399
2011,114464,diesel,gurgaon,sedan,manual,toyota,etios,1,great,False,235099
2012,78059,diesel,gurgaon,suv,manual,toyota,innova,1,great,True,549699
2012,99207,petrol,gurgaon,hatchback,manual,maruti,alto 800,1,good,False,192799
2015,85657,diesel,gurgaon,suv,manual,maruti,s cross,1,great,False,429599
2009,133401,petrol,gurgaon,sedan,manual,maruti,swift dzire,1,great,False,198399
2014,83368,diesel,gurgaon,hatchback,manual,maruti,swift,1,great,False,360999
2014,86132,petrol,gurgaon,sedan,automatic,honda,amaze,1,great,False,390399
2018,40585,diesel,gurgaon,sedan,automatic,hyundai,verna,2,great,False,917999
2009,99003,petrol,gurgaon,sedan,manual,honda,city,2,great,False,258599
2015,73411,petrol,gurgaon,hatchback,manual,maruti,swift,1,great,False,342399
2015,74165,diesel,gurgaon,suv,automatic,mahindra,tuv300,1,good,False,530399
2012,89809,diesel,gurgaon,hatchback,manual,maruti,swift,1,great,False,292199
2012,98304,diesel,gurgaon,hatchback,manual,hyundai,i20,1,great,False,253699
2016,84113,diesel,gurgaon,sedan,manual,volkswagen,ameo,1,great,False,448699
2010,74464,petrol,gurgaon,sedan,manual,honda,city,2,great,False,298999
2011,112222,petrol,gurgaon,hatchback,manual,honda,brio,1,good,False,231499
2017,70268,diesel,gurgaon,sedan,manual,maruti,ciaz,1,great,False,579799
2016,87720,diesel,gurgaon,suv,manual,ford,ecosport,3,great,False,502599
2015,54862,diesel,gurgaon,hatchback,manual,maruti,swift,1,great,False,505199
2012,97973,diesel,gurgaon,sedan,manual,maruti,swift dzire,1,great,False,350199
2013,93447,diesel,gurgaon,sedan,manual,honda,amaze,1,great,False,323599
2013,87567,diesel,gurgaon,hatchback,manual,maruti,swift,1,great,False,342199
2017,60967,diesel,gurgaon,suv,automatic,hyundai,creta,2,great,False,975299
2015,82388,diesel,gurgaon,hatchback,manual,hyundai,elite i20,1,great,True,489199
2012,90249,diesel,gurgaon,sedan,manual,maruti,swift dzire,1,great,False,326399
2012,93626,petrol,gurgaon,hatchback,manual,maruti,ritz,1,great,False,203399
2012,26566,diesel,gurgaon,luxury sedan,automatic,bmw,3 series,2,great,False,1090697
2013,84308,diesel,gurgaon,hatchback,manual,maruti,swift,2,great,False,319599
2012,108007,diesel,gurgaon,hatchback,manual,hyundai,i20,2,great,False,316199
2013,93013,petrol,gurgaon,hatchback,manual,honda,brio,1,great,False,223599
2015,81692,diesel,gurgaon,sedan,manual,maruti,ciaz,2,great,False,474599
2010,94371,petrol,gurgaon,hatchback,manual,hyundai,i20,1,great,False,237399
2013,82786,diesel,gurgaon,hatchback,manual,maruti,swift,2,great,False,264299
2016,80252,petrol,gurgaon,luxury sedan,manual,toyota,camry,1,great,False,1591960
2012,106913,diesel,gurgaon,sedan,manual,maruti,swift dzire,2,great,False,276399
2013,90030,diesel,gurgaon,hatchback,manual,maruti,swift,1,great,False,319199
2015,64236,petrol,gurgaon,hatchback,manual,hyundai,grand i10,2,great,False,407299
2017,58561,petrol,gurgaon,sedan,manual,honda,city,2,great,True,720299
2014,97711,diesel,gurgaon,hatchback,manual,maruti,swift,1,great,False,368799
2013,106300,diesel,gurgaon,sedan,manual,maruti,swift dzire,1,great,False,339699
2013,90775,diesel,gurgaon,sedan,manual,maruti,swift dzire,1,great,False,362699
2011,105271,petrol,gurgaon,hatchback,manual,hyundai,i10,1,good,False,209599
2012,107016,petrol,gurgaon,sedan,automatic,ford,fiesta,1,great,False,299599
2012,121312,petrol,gurgaon,sedan,manual,maruti,swift dzire,1,great,False,289099
2012,89318,diesel,gurgaon,hatchback,manual,maruti,swift,1,great,False,307299
2014,101891,diesel,gurgaon,sedan,manual,maruti,swift dzire,1,great,False,381499
2015,82393,petrol,gurgaon,hatchback,manual,hyundai,eon,1,good,False,277499
2015,73479,diesel,gurgaon,suv,manual,maruti,s cross,2,great,False,538799
2015,126440,diesel,gurgaon,sedan,manual,maruti,swift dzire,1,great,True,405899
2013,104976,diesel,gurgaon,sedan,manual,maruti,swift dzire,2,great,False,335799
2012,105865,diesel,gurgaon,luxury sedan,manual,toyota,corolla altis,1,great,False,366899
2012,46303,diesel,gurgaon,luxury sedan,,audi,a4,1,great,False,948899
2012,45643,diesel,gurgaon,luxury sedan,automatic,audi,a4,1,great,False,1159074
2014,106521,diesel,gurgaon,hatchback,manual,maruti,swift,1,great,False,385999
2012,121820,diesel,gurgaon,sedan,manual,toyota,etios,1,good,False,300599
2013,100427,diesel,gurgaon,sedan,manual,maruti,swift dzire,2,great,False,317199
2012,160408,diesel,gurgaon,hatchback,manual,toyota,etios liva,1,great,False,263599
2014,103867,diesel,gurgaon,sedan,manual,maruti,ciaz,1,great,False,479099
2015,105284,petrol & cng,gurgaon,hatchback,automatic,maruti,celerio,2,great,False,324499
2013,130274,diesel,gurgaon,suv,manual,ford,ecosport,1,great,True,420199
2016,104467,diesel,gurgaon,luxury suv,,mahindra,xuv500,1,great,False,969399
2013,134080,diesel,gurgaon,sedan,manual,hyundai,verna,1,great,False,385699
2012,128836,diesel,gurgaon,sedan,manual,maruti,swift dzire,1,great,False,290399
2015,109260,diesel,gurgaon,luxury suv,automatic,audi,q3,1,great,False,1616402
2014,69781,diesel,gurgaon,suv,manual,toyota,innova,1,great,False,1016967
2013,136399,diesel,gurgaon,suv,manual,toyota,innova,1,great,False,614199
2012,87995,diesel,gurgaon,hatchback,manual,hyundai,i20,3,good,False,261399
2012,136700,diesel,gurgaon,hatchback,manual,maruti,swift,1,great,False,318299
2014,82096,diesel,gurgaon,suv,manual,toyota,innova,1,great,False,1013331
2015,149249,diesel,gurgaon,suv,,hyundai,creta,1,great,False,730599
2012,96301,diesel,gurgaon,luxury suv,manual,toyota,fortuner,2,great,False,1040904
2012,166542,diesel,gurgaon,luxury suv,manual,toyota,fortuner,1,great,False,1102413
2012,194439,diesel,gurgaon,luxury suv,manual,toyota,fortuner,1,great,False,1158367
2011,86336,petrol,gurgaon,hatchback,manual,volkswagen,polo,2,good,False,245799
2017,22003,petrol,gurgaon,hatchback,manual,hyundai,eon,1,great,False,288499
2015,29903,diesel,gurgaon,hatchback,manual,maruti,swift,1,great,False,453799
2015,19172,petrol,gurgaon,hatchback,manual,maruti,wagon r 1.0,1,great,False,314699
2015,39401,petrol,gurgaon,hatchback,manual,maruti,wagon r 1.0,1,great,True,246499
2011,80346,petrol,gurgaon,hatchback,manual,maruti,alto k10,1,great,False,179299
2014,50941,petrol,gurgaon,hatchback,manual,hyundai,grand i10,1,great,False,388299
2012,64085,diesel,gurgaon,sedan,manual,maruti,swift dzire,1,great,True,358999
2009,72497,petrol & cng,gurgaon,hatchback,manual,hyundai,i10,2,great,False,120099
2019,29804,diesel,gurgaon,suv,manual,maruti,vitara brezza,1,great,False,800199
2010,86768,petrol,gurgaon,sedan,manual,honda,city,3,great,False,296499
2019,45528,diesel,gurgaon,suv,,maruti,vitara brezza,1,great,False,798999
2014,84706,petrol,gurgaon,hatchback,manual,maruti,wagon r stingray,2,great,False,293899
2014,76208,diesel,gurgaon,hatchback,manual,toyota,etios liva,1,great,False,302499
2018,41612,diesel,gurgaon,suv,manual,mahindra,scorpio,1,great,False,1018886
2008,91288,petrol,gurgaon,hatchback,manual,hyundai,santro xing,1,great,False,154499
2014,73916,petrol,gurgaon,hatchback,,maruti,ritz,1,great,False,288399
2016,80256,petrol,gurgaon,hatchback,automatic,honda,jazz,1,great,True,449299
2014,92498,diesel,gurgaon,hatchback,manual,maruti,swift,1,great,False,359799
2018,75459,diesel,gurgaon,suv,automatic,hyundai,creta,1,great,False,1207251
2017,98685,diesel,gurgaon,suv,,hyundai,creta,2,great,False,858999
2010,161419,petrol,gurgaon,hatchback,manual,maruti,ritz,2,great,False,183299
2009,168110,petrol,gurgaon,hatchback,manual,hyundai,i20,1,good,False,214399
2014,101927,diesel,gurgaon,suv,manual,toyota,innova,1,great,False,748099
2012,95741,diesel,gurgaon,sedan,manual,hyundai,verna,1,great,False,413899
2012,67267,diesel,gurgaon,luxury sedan,automatic,bmw,3 series,1,good,False,1056256
2015,17575,petrol,gurgaon,hatchback,,maruti,alto k10,1,great,False,295299
2015,23701,petrol,gurgaon,hatchback,manual,maruti,swift,1,great,False,414699
2014,29626,diesel,gurgaon,sedan,manual,maruti,swift dzire,1,great,False,408099
2016,17015,petrol,gurgaon,hatchback,manual,maruti,swift,2,great,False,363599
2011,62664,petrol,gurgaon,hatchback,manual,honda,jazz,3,great,True,219899
2020,6003,petrol,gurgaon,,,maruti,new  wagon-r,1,great,False,434699
2016,8265,petrol,gurgaon,hatchback,,maruti,alto k10,1,great,False,281799
2016,29477,petrol,gurgaon,hatchback,manual,maruti,wagon r 1.0,1,great,False,322799
2016,21898,petrol,gurgaon,hatchback,manual,hyundai,grand i10,1,great,False,394099
2014,27716,petrol,gurgaon,hatchback,automatic,maruti,celerio,2,great,False,305599
2017,25355,petrol,gurgaon,hatchback,manual,hyundai,grand i10,1,great,False,434999
2018,21043,petrol,gurgaon,sedan,manual,maruti,dzire,1,great,False,471699
2011,43114,petrol,gurgaon,luxury sedan,,toyota,corolla altis,1,great,False,417499
2012,46077,diesel,gurgaon,sedan,manual,maruti,swift dzire,1,great,False,312599
2013,48097,petrol,gurgaon,sedan,manual,hyundai,verna,1,great,False,399899
2011,46475,petrol,gurgaon,sedan,automatic,volkswagen,vento,3,good,False,307899
2017,38100,diesel,gurgaon,hatchback,manual,hyundai,grand i10,1,great,False,395799
2014,45027,petrol,gurgaon,hatchback,manual,maruti,celerio,1,great,False,285699
2016,15844,petrol,gurgaon,hatchback,manual,hyundai,grand i10,1,great,False,422099
2016,45391,petrol,gurgaon,hatchback,manual,hyundai,grand i10,1,great,True,373099
2012,46907,petrol,gurgaon,hatchback,manual,maruti,ritz,2,great,False,242699
2016,37705,petrol,gurgaon,hatchback,manual,hyundai,grand i10,1,great,False,405599
2018,14882,petrol,gurgaon,hatchback,manual,tata,tiago,1,great,False,428499
2014,52879,petrol,gurgaon,hatchback,manual,maruti,swift,2,great,False,346499
2019,18699,petrol,gurgaon,hatchback,manual,renault,kwid,1,great,False,295799
2016,48780,diesel,gurgaon,hatchback,manual,maruti,swift,2,great,True,456899
2010,65467,petrol,gurgaon,hatchback,manual,volkswagen,polo,3,great,False,154599
2014,48498,diesel,gurgaon,sedan,manual,hyundai,verna,1,great,False,523699
2016,37822,petrol,gurgaon,hatchback,manual,tata,tiago,1,great,False,309399
2008,67127,petrol,gurgaon,hatchback,manual,maruti,swift,1,good,False,179499
2019,25167,petrol,gurgaon,hatchback,,volkswagen,polo,1,great,False,462099
2019,4400,petrol,gurgaon,suv,manual,ford,ecosport,1,great,False,810799
2019,6439,petrol,gurgaon,sedan,,honda,amaze,1,great,False,729299
2017,35270,diesel,gurgaon,sedan,automatic,hyundai,verna,1,great,False,853499
2016,48792,petrol & cng,gurgaon,sedan,manual,maruti,swift dzire,1,great,False,385299
2019,13740,petrol,gurgaon,sedan,,honda,civic,1,great,False,1744268
2019,22471,petrol,gurgaon,hatchback,manual,renault,kwid,1,great,False,323799
2017,32496,diesel,gurgaon,suv,manual,maruti,vitara brezza,1,great,False,773499
2012,73120,petrol,gurgaon,luxury sedan,manual,toyota,corolla altis,1,great,False,410299
2010,58964,petrol,gurgaon,hatchback,manual,hyundai,i20,2,great,False,222699
2015,51344,petrol,gurgaon,hatchback,manual,hyundai,eon,1,great,False,252099
2008,69766,petrol,gurgaon,hatchback,manual,hyundai,i10,1,great,False,182599
2017,41796,diesel,gurgaon,suv,manual,maruti,vitara brezza,1,great,False,625099
2008,73135,petrol & cng,gurgaon,sedan,manual,honda,city,3,good,False,232099
2013,63834,petrol,gurgaon,sedan,manual,hyundai,verna,1,great,False,431099
2017,40553,diesel,gurgaon,suv,,hyundai,creta,1,great,False,802999
2016,83683,petrol,gurgaon,hatchback,manual,renault,kwid,1,great,False,224799
2018,70583,petrol & cng,gurgaon,hatchback,manual,maruti,celerio,1,great,False,387299
2015,78491,petrol,gurgaon,sedan,,honda,city,1,great,False,603599
2018,44983,petrol & cng,gurgaon,suv,manual,maruti,eeco,1,great,False,304299
2016,56105,petrol,gurgaon,suv,manual,hyundai,creta,3,great,False,697799
2016,66278,diesel,gurgaon,sedan,manual,maruti,ciaz,1,great,False,584899
2012,80048,petrol,gurgaon,sedan,manual,maruti,swift dzire,1,great,False,318599
2010,59658,petrol,gurgaon,luxury sedan,manual,skoda,laura,3,good,False,219999
2016,73846,petrol,gurgaon,hatchback,manual,maruti,baleno,1,great,False,435099
2009,89020,petrol,gurgaon,sedan,automatic,honda,city,2,great,False,260699
2016,49159,diesel,gurgaon,luxury suv,automatic,mahindra,xuv500,2,great,False,981399
2018,74494,petrol & cng,gurgaon,hatchback,manual,maruti,baleno,1,great,False,484099
2018,44149,diesel,gurgaon,hatchback,manual,maruti,baleno,1,great,False,582299
2009,98596,petrol,gurgaon,sedan,manual,honda,city,1,great,False,251099
2018,63056,diesel,gurgaon,hatchback,manual,maruti,swift,1,great,False,579899
2017,65370,petrol,gurgaon,hatchback,manual,tata,tiago,1,great,False,366099
2017,58298,diesel,gurgaon,suv,automatic,hyundai,creta,2,great,False,991799
2018,30186,petrol,gurgaon,suv,,hyundai,creta,2,great,False,1123320
2017,80820,diesel,gurgaon,suv,automatic,mahindra,tuv300,2,great,False,570999
2016,94910,petrol & cng,gurgaon,sedan,manual,honda,amaze,1,great,False,396099
2008,82904,petrol,gurgaon,hatchback,manual,maruti,alto,1,great,False,118199
2015,79123,diesel,gurgaon,sedan,manual,toyota,etios,1,great,False,410599
2016,72491,diesel,gurgaon,suv,manual,maruti,vitara brezza,2,great,False,581299
2013,102048,petrol & cng,gurgaon,hatchback,manual,maruti,wagon r 1.0,2,great,False,240899
2012,94180,diesel,gurgaon,luxury suv,manual,mahindra,xuv500,1,great,False,390799
2018,44750,diesel,gurgaon,suv,automatic,maruti,vitara brezza,1,great,False,780799
2013,87987,petrol,gurgaon,hatchback,automatic,volkswagen,polo,1,great,False,379899
2017,79368,diesel,gurgaon,suv,,ford,ecosport,1,great,False,690399
2013,71426,diesel,gurgaon,sedan,manual,hyundai,verna,1,great,False,433899
2010,99103,petrol & cng,gurgaon,hatchback,manual,maruti,wagon r 1.0,2,great,False,202599
2016,73312,petrol & cng,gurgaon,suv,manual,maruti,eeco,1,great,False,256799
2014,77656,petrol,gurgaon,sedan,manual,honda,city,3,great,False,508199
2011,124966,petrol,gurgaon,hatchback,manual,ford,figo,1,great,False,166099
2007,110801,petrol,gurgaon,sedan,manual,toyota,corolla,1,great,False,107799
2015,91915,petrol,gurgaon,sedan,manual,maruti,swift dzire,1,great,False,360799
2014,83433,diesel,gurgaon,suv,manual,renault,duster,1,great,False,411699
2013,100898,diesel,gurgaon,luxury sedan,,skoda,superb,2,great,False,468999
2012,125145,diesel,gurgaon,luxury suv,manual,mahindra,xuv500,1,great,False,398799
2014,149605,diesel,gurgaon,luxury suv,manual,mahindra,xuv500,1,great,False,462899
2011,58021,petrol,gurgaon,hatchback,manual,hyundai,i20,3,great,False,172013
2009,103285,petrol,gurgaon,hatchback,manual,maruti,ritz,2,great,False,170000
2012,101882,diesel,gurgaon,hatchback,manual,ford,figo,1,fair,True,208000
2006,100000,petrol,gurgaon,sedan,manual,maruti,esteem,2,great,False,39760
2012,10150,petrol,gurgaon,sedan,manual,maruti,swift dzire,1,great,False,349399
2011,157428,diesel,gurgaon,suv,manual,mahindra,bolero,1,good,False,250000
2018,11593,petrol,gurgaon,hatchback,automatic,hyundai,grand i10,1,great,False,440999
2009,113165,petrol,gurgaon,hatchback,manual,hyundai,santro xing,1,good,False,125000
2017,26406,petrol,gurgaon,hatchback,manual,hyundai,elite i20,1,great,False,538299
2014,68661,diesel,gurgaon,sedan,manual,hyundai,verna,2,great,False,392499
2013,68561,petrol,gurgaon,sedan,manual,maruti,swift dzire,2,great,False,327099
2019,9682,petrol,gurgaon,sedan,,honda,civic,1,great,False,1812342
2015,44386,diesel,gurgaon,luxury sedan,automatic,volvo,s60,1,great,False,1142399
2018,44160,diesel,gurgaon,suv,,maruti,vitara brezza,1,great,False,744599
2014,106923,diesel,gurgaon,sedan,manual,maruti,swift dzire,2,great,False,280899
2017,48000,diesel,gurgaon,,,renault,captur,1,good,False,600000
2013,105134,diesel,gurgaon,suv,manual,maruti,ertiga,2,great,True,450000
2011,62182,diesel,gurgaon,luxury sedan,manual,mercedes benz,e class,2,overpriced,False,1500000
2012,88300,petrol,gurgaon,,,maruti,sx4,1,good,False,260000
2011,118777,diesel,gurgaon,luxury sedan,automatic,hyundai,sonata transform,2,overpriced,True,390000
2005,109658,petrol & cng,gurgaon,sedan,manual,hyundai,accent,3,fair,False,35340
2006,77260,petrol,gurgaon,hatchback,manual,hyundai,santro xing,2,fair,False,70000
2008,89675,petrol,gurgaon,hatchback,manual,hyundai,i10,1,fair,False,120000
2012,175047,diesel,gurgaon,sedan,manual,volkswagen,vento,1,good,False,175000
2018,16259,petrol,gurgaon,hatchback,manual,maruti,baleno,1,good,False,675000
2014,75985,diesel,gurgaon,hatchback,manual,maruti,swift,2,fair,True,430000
2017,59250,diesel,gurgaon,suv,manual,maruti,vitara brezza,1,great,True,750000
2015,107558,petrol & cng,gurgaon,suv,manual,maruti,eeco,1,fair,False,250000
2012,63249,diesel,gurgaon,suv,manual,mahindra,xuv500,1,overpriced,False,750000
2008,159036,petrol & cng,gurgaon,hatchback,manual,hyundai,i10,3,great,False,90000
2012,102335,petrol & cng,gurgaon,hatchback,manual,maruti,wagon r 1.0,3,great,False,160000
2015,29643,petrol,gurgaon,hatchback,manual,maruti,wagon r 1.0,1,good,True,340000
2006,111757,petrol & cng,gurgaon,hatchback,manual,maruti,wagon r,2,good,False,48000
2015,59167,diesel,gurgaon,,,hyundai,creta,1,great,True,930000
2015,122284,diesel,gurgaon,sedan,manual,maruti,ciaz,1,great,True,530000
2016,69336,diesel,gurgaon,hatchback,manual,hyundai,grand i10,1,great,False,390000
2013,117259,diesel,gurgaon,sedan,manual,hyundai,verna,2,good,False,540000
2017,26186,diesel,gurgaon,suv,manual,mahindra,xuv500,2,good,True,1275000
2011,120060,diesel,gurgaon,suv,manual,mahindra,scorpio,1,good,False,440000
2013,67225,diesel,gurgaon,sedan,manual,hyundai,verna,1,great,False,460000
2011,28710,diesel,gurgaon,hatchback,manual,hyundai,i20,1,great,False,270000
2012,100983,petrol & cng,gurgaon,hatchback,manual,maruti,alto,1,overpriced,False,176000
2010,40198,petrol,bengaluru,hatchback,manual,hyundai,i10,2,fair,False,339099
2010,23012,petrol,bengaluru,hatchback,manual,hyundai,i10,2,great,False,297699
2010,32291,petrol,bengaluru,hatchback,manual,maruti,alto,1,great,False,238899
2015,13978,petrol,bengaluru,hatchback,manual,tata,nano,1,great,False,178899
2016,6190,petrol,bengaluru,hatchback,manual,renault,kwid,1,great,False,368799
2017,8709,petrol,bengaluru,hatchback,,renault,kwid,1,great,False,438699
2014,25514,petrol,bengaluru,hatchback,manual,tata,nano,1,good,False,188499
2016,13203,petrol,bengaluru,hatchback,manual,tata,nano,1,great,False,198599
2011,39755,petrol,bengaluru,hatchback,manual,maruti,ritz,1,great,False,377499
2012,19565,petrol,bengaluru,hatchback,manual,maruti,alto k10,1,great,False,275299
2010,47596,petrol,bengaluru,hatchback,manual,hyundai,i20,1,great,False,356499
2008,70527,petrol,bengaluru,hatchback,manual,hyundai,i10,2,good,False,286199
2016,19290,petrol,bengaluru,hatchback,automatic,maruti,celerio,2,great,False,444599
2017,10242,petrol,bengaluru,hatchback,automatic,maruti,celerio,2,great,False,437399
2012,34739,petrol,bengaluru,hatchback,manual,hyundai,i10,1,great,False,300999
2016,18981,petrol,bengaluru,hatchback,manual,tata,nano,1,great,False,193299
2015,31398,petrol,bengaluru,hatchback,manual,renault,kwid,1,great,False,292399
2013,34146,petrol,bengaluru,hatchback,manual,maruti,ritz,1,great,False,394299
2011,27561,petrol,bengaluru,hatchback,manual,maruti,ritz,2,great,False,348199
2013,33225,petrol,bengaluru,hatchback,manual,maruti,ritz,1,great,False,420499
2011,73911,petrol,bengaluru,hatchback,manual,hyundai,i10,2,great,False,329199
2015,28815,petrol,bengaluru,sedan,automatic,hyundai,xcent,1,great,False,496499
2015,24612,petrol,bengaluru,hatchback,manual,maruti,alto k10,2,great,False,313199
2007,20585,petrol,bengaluru,hatchback,manual,hyundai,santro xing,1,good,False,214899
2012,39773,petrol,bengaluru,hatchback,manual,maruti,alto,2,great,False,268799
2013,36029,petrol,bengaluru,hatchback,manual,maruti,alto 800,1,great,False,296699
2014,11139,petrol,bengaluru,hatchback,manual,hyundai,eon,1,great,False,328499
2013,23439,petrol,bengaluru,hatchback,manual,hyundai,grand i10,2,great,False,425699
2012,17312,petrol,bengaluru,hatchback,manual,maruti,alto,1,great,False,233599
2015,15252,petrol,bengaluru,hatchback,automatic,maruti,celerio,1,great,False,443499
2012,44118,petrol,bengaluru,hatchback,manual,maruti,alto k10,1,great,False,278799
2010,35088,petrol,bengaluru,hatchback,manual,hyundai,i20,3,good,False,377599
2015,24628,petrol,bengaluru,hatchback,manual,hyundai,i10,1,great,False,372499
2012,29624,petrol,bengaluru,hatchback,manual,maruti,swift,1,great,False,447099
2011,10252,petrol,bengaluru,hatchback,manual,hyundai,santro xing,1,great,False,315099
2011,6863,petrol,bengaluru,hatchback,manual,maruti,wagon r 1.0,1,great,False,320899
2013,54931,petrol,bengaluru,hatchback,manual,maruti,alto k10,1,great,False,251199
2016,24432,petrol,bengaluru,hatchback,automatic,maruti,celerio,2,great,False,477899
2013,23011,petrol,bengaluru,hatchback,manual,honda,brio,2,great,False,363899
2012,22030,petrol,bengaluru,hatchback,manual,hyundai,i10,1,great,False,314299
2015,28768,petrol,bengaluru,suv,manual,maruti,eeco,1,great,False,324599
2013,14346,petrol,bengaluru,hatchback,manual,maruti,alto 800,1,great,False,289099
2010,57125,petrol,bengaluru,suv,manual,maruti,eeco,2,great,False,260899
2015,21715,petrol,bengaluru,hatchback,automatic,maruti,celerio,1,great,False,426699
2013,47169,petrol,bengaluru,hatchback,manual,maruti,alto 800,1,great,False,263799
2013,36275,petrol,bengaluru,hatchback,manual,tata,nano,1,great,False,133399
2017,6202,petrol,bengaluru,hatchback,manual,maruti,alto 800,2,great,False,374799
2010,28345,petrol,bengaluru,hatchback,manual,maruti,alto,1,great,False,217599
2016,8540,petrol,bengaluru,hatchback,manual,renault,kwid,1,great,False,356699
2010,36141,petrol,bengaluru,hatchback,manual,maruti,alto,1,good,False,261999
2014,42845,petrol,bengaluru,hatchback,manual,maruti,alto 800,1,great,False,252299
2017,12375,petrol,bengaluru,hatchback,manual,renault,kwid,2,great,False,356499
2016,28652,petrol,bengaluru,hatchback,,maruti,alto k10,2,great,False,395599
2016,5000,electric,bengaluru,hatchback,manual,mahindra,e 20,1,great,False,366399
2015,10755,petrol,bengaluru,hatchback,manual,hyundai,grand i10,1,great,False,501099
2016,27002,petrol,bengaluru,hatchback,manual,renault,kwid,1,great,False,371699
2008,41579,petrol,bengaluru,hatchback,manual,maruti,zen estilo,1,good,False,219799
2017,17942,petrol,bengaluru,hatchback,manual,maruti,swift,2,great,False,571499
2010,32707,petrol,bengaluru,hatchback,manual,hyundai,i20,1,great,False,407399
2015,24449,petrol,bengaluru,hatchback,manual,maruti,swift,2,great,False,472399
2013,46248,petrol,bengaluru,hatchback,manual,maruti,wagon r 1.0,1,great,False,398099
2012,36453,petrol,bengaluru,hatchback,manual,maruti,alto k10,1,great,False,300899
2017,27757,petrol,bengaluru,hatchback,manual,hyundai,eon,1,great,False,339799
2012,32591,petrol,bengaluru,hatchback,manual,maruti,ritz,1,great,False,390799
2017,28568,petrol,bengaluru,hatchback,,renault,kwid,1,great,False,416199
2012,42699,petrol,bengaluru,hatchback,manual,maruti,swift,2,great,False,462699
2019,15290,petrol,bengaluru,suv,manual,maruti,eeco,2,great,False,476299
2013,35235,petrol,bengaluru,,,maruti,omni e,1,great,False,255499
2017,11167,petrol,bengaluru,hatchback,manual,hyundai,eon,1,great,False,355399
2013,18428,petrol,bengaluru,suv,manual,maruti,eeco,1,great,False,340699
2011,46155,petrol,bengaluru,hatchback,manual,maruti,alto k10,1,great,False,224099
2010,25571,petrol,bengaluru,hatchback,manual,hyundai,i10,1,good,False,370199
2015,17835,petrol,bengaluru,hatchback,manual,hyundai,i10,2,great,False,389399
2016,28762,petrol,bengaluru,hatchback,manual,honda,jazz,1,great,False,576099
2012,10260,petrol,bengaluru,hatchback,manual,maruti,alto,1,great,False,254999
2015,22017,petrol,bengaluru,hatchback,manual,hyundai,eon,1,great,False,322799
2012,41889,petrol,bengaluru,hatchback,automatic,hyundai,i10,2,great,False,368299
2012,59345,diesel,bengaluru,hatchback,manual,tata,indica vista,1,great,False,321999
2014,32866,petrol,bengaluru,hatchback,manual,hyundai,eon,1,great,False,293399
2010,38191,petrol,bengaluru,hatchback,manual,maruti,ritz,1,good,False,400299
2012,32292,petrol,bengaluru,hatchback,manual,maruti,swift,1,great,False,457099
2010,22696,petrol,bengaluru,hatchback,manual,maruti,wagon r 1.0,1,great,False,351299
2016,23598,petrol,bengaluru,hatchback,manual,maruti,alto 800,1,great,False,310299
2009,35925,petrol,bengaluru,hatchback,manual,hyundai,i10,1,great,False,326299
2013,20587,petrol,bengaluru,sedan,manual,maruti,swift dzire,2,great,False,511399
2012,34182,diesel,bengaluru,hatchback,manual,hyundai,i20,3,great,False,368899
2013,38726,petrol,bengaluru,hatchback,manual,hyundai,i10,1,great,False,364999
2017,24651,petrol,bengaluru,hatchback,manual,renault,kwid,1,great,False,334999
2013,17291,petrol,bengaluru,hatchback,manual,maruti,wagon r 1.0,1,great,False,354699
2009,428123,petrol,bengaluru,hatchback,manual,maruti,alto,2,great,False,205699
2017,11194,petrol,bengaluru,hatchback,,renault,kwid,1,great,False,408299
2011,33686,petrol,bengaluru,hatchback,manual,hyundai,i10,3,great,False,337099
2014,32647,petrol,bengaluru,hatchback,manual,maruti,alto k10,1,great,False,374199
2016,23213,petrol,bengaluru,hatchback,manual,maruti,wagon r 1.0,1,great,False,439099
2014,25857,petrol,bengaluru,hatchback,manual,hyundai,eon,1,great,False,324499
2016,34448,petrol,bengaluru,hatchback,manual,hyundai,grand i10,2,great,False,443299
2018,10044,petrol,bengaluru,hatchback,automatic,maruti,celerio,1,great,False,514599
2011,34888,petrol,bengaluru,hatchback,manual,toyota,etios liva,1,great,False,422299
2013,20524,petrol,bengaluru,hatchback,manual,hyundai,i10,1,great,False,405999
2015,25908,petrol,bengaluru,hatchback,automatic,maruti,celerio,1,great,False,410899
2015,46783,petrol,bengaluru,sedan,manual,maruti,swift dzire,1,great,False,445999
2015,38701,petrol,bengaluru,hatchback,automatic,maruti,celerio,1,great,False,408899
2015,55157,petrol,bengaluru,hatchback,automatic,maruti,celerio,1,great,False,402199
2018,12731,petrol,bengaluru,hatchback,manual,maruti,swift,1,great,False,643099
2015,44013,petrol,bengaluru,hatchback,manual,hyundai,grand i10,1,great,False,472299
2014,39824,petrol,bengaluru,hatchback,manual,maruti,alto k10,2,great,False,301199
2020,3175,petrol,bengaluru,hatchback,manual,maruti,alto,1,great,False,392599
2008,57944,petrol,bengaluru,hatchback,manual,hyundai,santro xing,1,great,False,186399
2015,23775,petrol,bengaluru,hatchback,automatic,maruti,celerio,2,great,False,391599
2012,38630,petrol,bengaluru,hatchback,manual,hyundai,i20,1,great,False,429799
2012,30224,petrol,bengaluru,sedan,manual,toyota,etios,2,great,False,419199
2011,34963,petrol,bengaluru,sedan,manual,honda,city,2,great,False,457499
2015,26140,petrol,bengaluru,hatchback,manual,maruti,alto k10,2,great,False,319099
2017,22422,petrol,bengaluru,hatchback,manual,renault,kwid,1,great,False,354999
2017,21549,petrol,bengaluru,hatchback,manual,hyundai,grand i10,1,great,False,491599
2009,63584,petrol,bengaluru,sedan,manual,maruti,swift dzire,3,great,False,274599
2011,62717,petrol,bengaluru,hatchback,manual,maruti,alto k10,2,great,False,221299
2015,29556,petrol,bengaluru,hatchback,automatic,tata,nano,2,great,False,236099
2012,25985,petrol,bengaluru,hatchback,manual,maruti,alto,1,great,False,304199
2011,16438,petrol,bengaluru,sedan,manual,toyota,etios,1,great,False,383499
2012,24679,petrol,bengaluru,hatchback,manual,maruti,alto 800,3,great,False,257799
2014,27274,petrol,bengaluru,hatchback,manual,maruti,wagon r 1.0,1,great,False,416899
2010,19693,petrol,bengaluru,hatchback,manual,hyundai,i20,2,good,False,442899
2018,11156,petrol,bengaluru,hatchback,manual,hyundai,elite i20,1,great,False,731099
2011,74130,diesel,bengaluru,hatchback,manual,maruti,swift,3,great,False,361099
2009,38304,petrol,bengaluru,hatchback,manual,hyundai,i10,1,great,False,294599
2012,67346,petrol,bengaluru,hatchback,manual,maruti,alto k10,1,great,False,266599
2013,23279,petrol,bengaluru,sedan,manual,maruti,swift dzire,1,great,False,491999
2014,30303,petrol,bengaluru,hatchback,manual,hyundai,eon,1,great,False,331899
2014,35366,petrol,bengaluru,hatchback,automatic,maruti,celerio,2,great,False,410999
2016,27428,petrol,bengaluru,hatchback,manual,maruti,wagon r 1.0,2,great,False,432999
2011,33891,petrol,bengaluru,hatchback,manual,maruti,wagon r 1.0,1,great,False,321599
2011,58519,petrol,bengaluru,hatchback,manual,maruti,wagon r 1.0,1,great,False,307999
2018,14176,petrol,bengaluru,hatchback,,renault,kwid,1,great,False,438499
2015,21980,petrol,bengaluru,hatchback,manual,maruti,alto 800,1,great,False,319099
2011,63460,petrol,bengaluru,hatchback,manual,maruti,wagon r 1.0,1,great,False,318399
2012,30556,petrol,bengaluru,hatchback,manual,honda,brio,2,great,False,360999
2019,13217,petrol,bengaluru,hatchback,manual,maruti,alto,1,great,False,353199
2011,27318,petrol,bengaluru,hatchback,manual,hyundai,eon,1,good,False,281699
2013,59237,petrol,bengaluru,hatchback,automatic,hyundai,i10,1,great,False,420699
2015,32958,petrol,bengaluru,hatchback,automatic,maruti,celerio,1,great,False,429099
2011,35585,petrol,bengaluru,hatchback,manual,hyundai,i20,1,great,False,411999
2012,27067,petrol,bengaluru,hatchback,automatic,maruti,a star,1,great,False,343999
2010,68339,petrol,bengaluru,hatchback,manual,maruti,swift,2,great,False,350499
2014,3813,petrol,bengaluru,sedan,manual,maruti,swift dzire,1,great,False,538899
2010,48371,petrol,bengaluru,hatchback,manual,hyundai,i10,1,great,False,317299
2015,24740,petrol,bengaluru,hatchback,manual,maruti,swift,1,great,False,501299
2014,52410,petrol,bengaluru,hatchback,manual,maruti,ritz,1,great,False,432999
2011,39213,petrol,bengaluru,hatchback,manual,hyundai,i10,1,great,False,392499
2015,35276,petrol,bengaluru,hatchback,manual,maruti,swift,2,great,False,497899
2018,16503,petrol,bengaluru,,,maruti,omni e,1,great,False,349599
2010,62086,petrol,bengaluru,hatchback,manual,hyundai,i10,2,great,False,331399
2011,34630,petrol,bengaluru,hatchback,manual,hyundai,i20,1,great,False,404799
2015,30446,petrol,bengaluru,hatchback,automatic,maruti,celerio,1,great,False,431399
2011,44575,petrol,bengaluru,hatchback,manual,toyota,etios liva,1,great,False,389199
2019,13190,petrol,bengaluru,hatchback,automatic,renault,kwid,1,great,False,443499
2011,49419,petrol,bengaluru,hatchback,manual,hyundai,santro xing,2,great,False,241599
2014,39855,petrol,bengaluru,hatchback,manual,maruti,alto k10,1,great,False,363999
2012,34311,petrol,bengaluru,hatchback,manual,maruti,swift,1,great,False,457999
2013,45209,petrol,bengaluru,hatchback,manual,hyundai,santro xing,2,great,False,298299
2012,36836,petrol,bengaluru,hatchback,manual,maruti,swift,1,great,False,497799
2010,53506,petrol,bengaluru,hatchback,manual,hyundai,i20,3,great,False,347399
2012,40807,petrol,bengaluru,hatchback,manual,hyundai,i10,1,great,False,330899
2017,22418,petrol,bengaluru,hatchback,manual,hyundai,eon,1,great,False,369199
2014,54073,petrol,bengaluru,hatchback,manual,maruti,ritz,2,great,False,385699
2010,37163,petrol,bengaluru,hatchback,manual,hyundai,i10,1,great,False,318299
2014,26578,petrol,bengaluru,hatchback,manual,hyundai,grand i10,1,great,False,506199
2015,18966,petrol,bengaluru,hatchback,manual,maruti,ritz,1,great,False,505899
2018,17788,petrol,bengaluru,hatchback,manual,maruti,alto k10,1,great,False,404399
2017,30029,petrol,bengaluru,hatchback,automatic,maruti,celerio,1,great,False,505699
2016,17171,petrol,bengaluru,hatchback,manual,renault,kwid,1,great,False,333199
2017,12173,petrol,bengaluru,hatchback,automatic,maruti,ignis,1,great,False,588699
2013,14965,petrol,bengaluru,hatchback,automatic,hyundai,i10,1,great,False,477099
2016,34615,petrol,bengaluru,hatchback,manual,maruti,baleno,1,great,False,614899
2018,6428,petrol,bengaluru,hatchback,,maruti,alto k10,1,great,False,410599
2014,26028,petrol,bengaluru,hatchback,automatic,maruti,celerio,1,great,False,435099
2010,48994,diesel,bengaluru,hatchback,manual,maruti,swift,1,great,False,406399
2010,43249,petrol,bengaluru,hatchback,manual,maruti,zen estilo,2,great,False,225499
2016,20505,petrol,bengaluru,hatchback,manual,renault,kwid,2,great,False,325399
2015,9075,petrol,bengaluru,sedan,manual,honda,amaze,1,great,False,468099
2011,45165,petrol,bengaluru,hatchback,manual,hyundai,i20,2,great,False,415099
2017,12021,petrol,bengaluru,sedan,automatic,maruti,dzire,1,great,False,713199
2015,21822,petrol,bengaluru,hatchback,manual,tata,nano,2,good,False,200699
2017,13001,petrol,bengaluru,hatchback,manual,maruti,baleno,1,great,False,672199
2016,46013,petrol,bengaluru,hatchback,manual,renault,kwid,1,great,False,343199
2016,38594,diesel,bengaluru,suv,manual,mahindra,kuv100,1,great,False,408099
2011,53572,petrol,bengaluru,hatchback,manual,hyundai,i10,1,great,False,385599
2012,59747,petrol,bengaluru,hatchback,automatic,maruti,a star,1,great,False,304999
2017,15075,petrol,bengaluru,hatchback,,hyundai,grand i10,1,great,False,608899
2016,29645,petrol,bengaluru,hatchback,manual,renault,kwid,1,great,False,315099
2011,69819,petrol,bengaluru,hatchback,manual,hyundai,santro xing,2,great,False,246199
2008,55593,petrol,bengaluru,luxury sedan,,toyota,corolla altis,2,great,False,394699
2016,30759,petrol,bengaluru,hatchback,manual,renault,kwid,2,great,False,369099
2016,42195,petrol,bengaluru,hatchback,manual,maruti,celerio,1,great,False,454199
2015,19346,petrol,bengaluru,hatchback,manual,hyundai,grand i10,1,great,False,492699
2014,56757,petrol,bengaluru,hatchback,manual,hyundai,eon,1,great,False,270199
2015,23841,petrol,bengaluru,hatchback,manual,hyundai,i10,1,great,False,458599
2014,14670,petrol,bengaluru,sedan,manual,maruti,swift dzire,1,great,False,575899
2015,14867,petrol,bengaluru,hatchback,manual,hyundai,grand i10,1,great,False,494199
2011,53404,petrol,bengaluru,hatchback,manual,maruti,swift,2,great,False,409499
2012,16071,petrol,bengaluru,hatchback,manual,maruti,alto,2,great,False,298999
2013,22219,petrol,bengaluru,hatchback,manual,maruti,alto 800,2,great,False,293299
2008,45476,petrol,bengaluru,hatchback,manual,maruti,alto,1,great,False,190399
2011,54931,petrol,bengaluru,hatchback,manual,toyota,etios liva,1,great,False,368799
2016,30190,petrol,bengaluru,hatchback,manual,hyundai,i20 active,2,great,False,631999
2012,60223,petrol,bengaluru,hatchback,manual,maruti,wagon r 1.0,1,great,False,311099
2010,43402,petrol,bengaluru,hatchback,manual,hyundai,i10,3,great,False,283299
2012,34268,petrol,bengaluru,hatchback,manual,maruti,alto k10,2,great,False,290499
2017,12804,petrol,bengaluru,hatchback,automatic,tata,nano,2,great,False,268099
2017,21187,petrol,bengaluru,hatchback,,maruti,wagon r 1.0,1,great,False,425699
2010,49583,petrol,bengaluru,hatchback,manual,hyundai,i10,1,great,False,366799
2010,47758,petrol,bengaluru,hatchback,manual,maruti,alto,1,great,False,261599
2016,29788,petrol,bengaluru,hatchback,manual,renault,kwid,1,great,False,376899
2010,46535,petrol,bengaluru,hatchback,manual,maruti,zen estilo,1,great,False,206599
2008,33618,petrol,bengaluru,hatchback,manual,maruti,alto,2,great,False,197699
2019,13902,petrol,bengaluru,suv,manual,maruti,eeco,1,great,False,464799
2016,39669,petrol,bengaluru,hatchback,manual,renault,kwid,2,great,False,307099
2017,29546,petrol,bengaluru,hatchback,,renault,kwid,2,great,False,330999
2008,40542,petrol,bengaluru,hatchback,manual,hyundai,santro xing,3,great,False,184299
2016,22110,petrol,bengaluru,hatchback,automatic,hyundai,grand i10,1,great,False,574199
2014,33972,petrol,bengaluru,hatchback,manual,hyundai,i20,1,great,False,502399
2011,59096,petrol,bengaluru,hatchback,manual,maruti,swift,2,great,False,400799
2016,15874,petrol,bengaluru,hatchback,manual,renault,kwid,1,good,False,389899
2010,49994,petrol,bengaluru,hatchback,manual,hyundai,i10,1,great,False,332899
2011,59735,petrol,bengaluru,hatchback,manual,hyundai,i20,3,great,False,334699
2011,51746,petrol,bengaluru,hatchback,manual,hyundai,i20,1,great,False,359399
2016,19280,petrol,bengaluru,hatchback,automatic,tata,nano,2,great,False,247599
2013,24570,petrol,bengaluru,hatchback,manual,hyundai,i20,1,great,False,463399
2012,59253,petrol,bengaluru,hatchback,manual,maruti,alto k10,1,great,False,243699
2016,3546,petrol,bengaluru,hatchback,manual,maruti,baleno,1,great,False,637399
2016,19472,petrol,bengaluru,hatchback,manual,hyundai,grand i10,1,great,False,507499
2012,60412,petrol,bengaluru,hatchback,manual,maruti,wagon r 1.0,1,great,False,323499
2016,36800,petrol,bengaluru,hatchback,manual,maruti,alto k10,1,great,False,353199
2016,7113,petrol,bengaluru,hatchback,manual,maruti,celerio,1,great,False,481399
2010,36981,petrol,bengaluru,hatchback,manual,hyundai,i10,1,great,False,343299
2015,27835,petrol,bengaluru,hatchback,manual,maruti,alto k10,1,great,False,339199
2014,24268,petrol,bengaluru,hatchback,manual,maruti,swift,1,great,False,532799
2017,35447,petrol,bengaluru,hatchback,manual,toyota,etios liva,2,great,False,493799
2011,34450,petrol,bengaluru,hatchback,manual,hyundai,eon,1,good,False,268599
2016,30523,petrol,bengaluru,hatchback,manual,renault,pulse,1,great,False,383599
2013,46057,petrol,bengaluru,hatchback,automatic,hyundai,i10,1,great,False,431199
2012,39970,petrol,bengaluru,hatchback,manual,hyundai,i10,2,great,False,356999
2014,34163,petrol,bengaluru,hatchback,manual,maruti,alto k10,2,great,False,367199
2013,45342,petrol,bengaluru,hatchback,manual,maruti,swift,3,great,False,435999
2009,20028,petrol,bengaluru,hatchback,manual,chevrolet,spark,1,good,False,198099
2013,44121,petrol,bengaluru,hatchback,manual,hyundai,i10,2,great,False,353999
2011,48576,petrol,bengaluru,hatchback,automatic,hyundai,i10,2,great,False,356399
2016,28797,petrol,bengaluru,hatchback,manual,hyundai,elite i20,2,great,False,583399
2010,42056,petrol,bengaluru,hatchback,manual,hyundai,i20,2,great,False,391499
2010,40429,petrol,bengaluru,hatchback,manual,hyundai,i10,1,great,False,302699
2011,39169,petrol,bengaluru,hatchback,manual,maruti,alto k10,1,great,False,286799
2014,35551,petrol,bengaluru,hatchback,manual,maruti,alto 800,2,great,False,287599
2014,38527,petrol,bengaluru,hatchback,manual,tata,nano,1,good,False,178799
2011,10967,petrol,bengaluru,hatchback,manual,hyundai,eon,1,great,False,281899
2015,5839,petrol,bengaluru,hatchback,automatic,tata,nano,2,good,False,283799
2017,26189,petrol,bengaluru,hatchback,manual,hyundai,eon,3,great,False,313099
2008,60152,petrol & lpg,bengaluru,hatchback,manual,hyundai,santro xing,1,good,False,238599
2011,65735,petrol,bengaluru,hatchback,manual,hyundai,i20,3,great,False,354799
2017,24005,petrol,bengaluru,hatchback,,renault,kwid,1,great,False,382799
2017,28486,petrol,bengaluru,,,maruti,omni e,2,great,False,332199
2015,50622,petrol,bengaluru,hatchback,manual,hyundai,elite i20,2,great,False,507099
2014,51984,petrol,bengaluru,hatchback,manual,maruti,alto k10,1,great,False,319199
2012,37867,petrol,bengaluru,hatchback,manual,hyundai,eon,2,good,False,295099
2017,23044,petrol,bengaluru,hatchback,automatic,maruti,celerio,1,great,False,510699
2011,60921,petrol,bengaluru,hatchback,manual,maruti,ritz,2,great,False,374799
2015,35751,petrol,bengaluru,hatchback,manual,hyundai,grand i10,1,great,False,504399
2014,34483,petrol,bengaluru,hatchback,manual,maruti,swift,1,great,False,515799
2011,38847,petrol,bengaluru,hatchback,manual,maruti,alto k10,2,great,False,258199
2013,58454,petrol,bengaluru,hatchback,manual,maruti,wagon r 1.0,2,great,False,330799
2010,25549,petrol,bengaluru,hatchback,manual,maruti,a star,1,good,False,293299
2015,59844,petrol,bengaluru,hatchback,automatic,maruti,celerio,1,great,False,393299
2010,57869,petrol,bengaluru,hatchback,manual,maruti,swift,1,great,False,370199
2017,23536,petrol,bengaluru,hatchback,manual,maruti,swift,1,great,False,514799
2015,40621,petrol,bengaluru,suv,manual,honda,mobilio,1,great,False,504899
2014,20078,petrol,bengaluru,sedan,manual,honda,city,1,great,False,659499
2017,32578,petrol,bengaluru,hatchback,,renault,kwid,1,great,False,360699
2017,24945,petrol,bengaluru,hatchback,,maruti,ignis,1,great,False,554899
2017,9679,petrol,bengaluru,hatchback,manual,maruti,baleno,1,great,False,677799
2010,24045,petrol,bengaluru,hatchback,manual,maruti,alto,2,great,False,207199
2010,54397,petrol,bengaluru,hatchback,manual,maruti,wagon r 1.0,2,great,False,291499
2010,23373,petrol,bengaluru,hatchback,manual,hyundai,i10,1,great,False,324499
2012,47671,diesel,bengaluru,sedan,manual,toyota,etios,1,great,False,439299
2014,36253,petrol,bengaluru,hatchback,manual,hyundai,eon,1,great,False,294899
2015,30533,petrol,bengaluru,sedan,manual,hyundai,xcent,1,great,False,489299
2012,48891,petrol,bengaluru,hatchback,manual,maruti,alto 800,1,great,False,260199
2011,76229,petrol,bengaluru,hatchback,manual,hyundai,i20,1,great,False,402999
2009,52710,petrol,bengaluru,hatchback,manual,hyundai,getz prime,3,great,False,204799
2014,21527,petrol,bengaluru,hatchback,manual,volkswagen,polo,1,great,False,543599
2014,41623,petrol,bengaluru,sedan,manual,maruti,swift dzire,1,great,False,539699
2008,67059,petrol,bengaluru,hatchback,manual,hyundai,santro xing,3,great,False,196199
2009,26687,petrol,bengaluru,hatchback,automatic,hyundai,i10,1,great,False,314499
2014,46468,petrol,bengaluru,hatchback,manual,maruti,wagon r 1.0,2,great,False,365999
2016,13181,petrol,bengaluru,hatchback,manual,maruti,baleno,1,great,False,628199
2016,33185,petrol,bengaluru,hatchback,manual,toyota,etios liva,1,great,False,522099
2014,52726,petrol,bengaluru,hatchback,manual,hyundai,grand i10,3,great,False,401099
2016,31528,petrol,bengaluru,hatchback,manual,maruti,baleno,1,great,False,620599
2015,47468,petrol,bengaluru,hatchback,manual,maruti,wagon r 1.0,1,great,False,386999
2012,39236,petrol,bengaluru,hatchback,manual,maruti,swift,1,great,False,483599
2016,26486,petrol,bengaluru,hatchback,manual,hyundai,grand i10,1,great,False,473999
2018,3642,petrol,bengaluru,hatchback,manual,maruti,swift,1,great,False,658899
2010,27225,petrol,bengaluru,hatchback,manual,hyundai,i10,1,great,False,308899
2012,62639,diesel,bengaluru,sedan,manual,toyota,etios,2,great,False,424199
2015,12903,petrol,bengaluru,hatchback,manual,hyundai,elite i20,2,great,False,638599
2014,27253,petrol,bengaluru,hatchback,manual,hyundai,eon,1,good,False,321599
2017,17602,petrol,bengaluru,hatchback,manual,maruti,swift,1,great,False,612699
2010,56045,petrol,bengaluru,hatchback,manual,hyundai,i20,2,great,False,383099
2011,62420,petrol,bengaluru,hatchback,manual,maruti,ritz,1,great,False,392899
2008,73710,petrol,bengaluru,hatchback,manual,maruti,alto,1,great,False,187799
2010,67770,petrol,bengaluru,hatchback,manual,hyundai,santro xing,3,great,False,228599
2011,63546,petrol,bengaluru,hatchback,manual,hyundai,i10,1,great,False,273299
2018,28457,petrol,bengaluru,suv,manual,maruti,eeco,1,great,False,392699
2017,50292,petrol,bengaluru,hatchback,manual,tata,tiago,1,great,False,471199
2013,52421,petrol,bengaluru,hatchback,manual,maruti,wagon r 1.0,1,great,False,389799
2015,39456,petrol,bengaluru,hatchback,manual,hyundai,i10,1,great,False,444799
2018,21352,petrol,bengaluru,sedan,manual,maruti,dzire,1,great,False,681399
2013,78618,diesel,bengaluru,hatchback,manual,hyundai,i20,1,great,False,403199
2012,64058,petrol,bengaluru,hatchback,manual,maruti,alto k10,1,great,False,263099
2015,44930,petrol,bengaluru,hatchback,manual,hyundai,elite i20,1,great,False,616199
2009,66948,petrol,bengaluru,hatchback,automatic,hyundai,i10,3,great,False,266999
2013,23401,petrol,bengaluru,hatchback,manual,maruti,wagon r 1.0,1,good,False,352699
2011,66875,petrol,bengaluru,hatchback,manual,maruti,alto k10,1,great,False,268199
2009,43770,petrol,bengaluru,hatchback,manual,maruti,alto,1,great,False,226399
2014,43290,petrol,bengaluru,hatchback,manual,maruti,alto k10,3,great,False,342299
2014,62516,diesel,bengaluru,hatchback,manual,hyundai,elite i20,1,great,False,599099
2011,107079,diesel,bengaluru,hatchback,manual,maruti,swift,1,great,False,366499
2013,50364,petrol,bengaluru,sedan,manual,hyundai,verna,2,great,False,552799
2010,35835,petrol,bengaluru,hatchback,manual,hyundai,i10,1,great,False,353799
2016,31828,petrol,bengaluru,hatchback,manual,tata,nano,1,great,False,197599
2013,56244,diesel,bengaluru,hatchback,manual,volkswagen,polo,3,great,False,343899
2016,39227,petrol,bengaluru,,,maruti,omni e,1,great,False,265599
2011,63550,petrol,bengaluru,hatchback,manual,maruti,alto k10,3,great,False,222999
2015,50210,petrol,bengaluru,sedan,manual,honda,city,1,great,False,658299
2011,74354,petrol,bengaluru,sedan,manual,honda,city,1,great,False,484399
2013,22236,petrol,bengaluru,sedan,,maruti,swift dzire,1,great,False,470699
2015,47724,diesel,bengaluru,suv,manual,maruti,ertiga,1,great,False,786899
2015,35074,petrol,bengaluru,hatchback,automatic,tata,nano,1,great,False,247699
2019,16097,petrol,bengaluru,hatchback,manual,hyundai,elite i20,2,great,False,721099
2010,64985,petrol,bengaluru,sedan,manual,honda,city,1,great,False,421999
2012,30968,petrol,bengaluru,hatchback,manual,chevrolet,beat,1,fair,False,250899
2018,19150,petrol,bengaluru,sedan,,honda,amaze,1,great,False,711099
2017,32330,petrol,bengaluru,hatchback,manual,tata,tiago,1,great,False,519099
2012,43307,diesel,bengaluru,hatchback,manual,ford,figo,2,good,False,355899
2016,51712,petrol,bengaluru,hatchback,manual,renault,kwid,2,great,False,284199
2011,71654,petrol,bengaluru,hatchback,manual,hyundai,i20,3,great,False,380399
2015,36647,petrol,bengaluru,suv,manual,maruti,eeco,1,great,False,401099
2010,65697,petrol,bengaluru,hatchback,manual,hyundai,i10,1,great,False,349299
2013,53166,petrol,bengaluru,sedan,,maruti,swift dzire,1,great,False,442399
2016,39609,petrol,bengaluru,hatchback,manual,maruti,baleno,1,great,False,586499
2012,65435,petrol,bengaluru,hatchback,manual,hyundai,eon,1,great,False,252699
2019,6430,petrol,bengaluru,hatchback,,hyundai,grand i10 nios,1,great,False,717699
2018,9948,petrol,bengaluru,hatchback,automatic,maruti,swift,2,great,False,641899
2010,99476,petrol,bengaluru,hatchback,manual,maruti,alto k10,2,great,False,198999
2010,72728,petrol,bengaluru,hatchback,manual,ford,figo,2,good,False,259499
2012,52419,petrol,bengaluru,hatchback,manual,hyundai,i10,2,great,False,338199
2009,43468,petrol,bengaluru,hatchback,manual,maruti,wagon r,2,great,False,241999
2014,51232,petrol,bengaluru,hatchback,manual,maruti,swift,1,great,False,519999
2009,45611,petrol,bengaluru,hatchback,manual,hyundai,i10,1,great,False,259999
2015,40944,petrol,bengaluru,hatchback,manual,maruti,swift,1,great,False,537599
2019,10705,petrol,bengaluru,hatchback,manual,maruti,swift,1,great,False,643399
2012,61801,petrol,bengaluru,hatchback,manual,hyundai,i20,1,great,False,448199
2019,21040,petrol,bengaluru,hatchback,,hyundai,elite i20,1,great,False,667199
2015,32984,petrol,bengaluru,hatchback,manual,honda,brio,2,great,False,474599
2009,44610,petrol,bengaluru,hatchback,manual,hyundai,i10,2,great,False,262499
2013,63792,petrol,bengaluru,hatchback,manual,tata,nano,1,good,False,134899
2019,19013,petrol,bengaluru,,,maruti,new  wagon-r,1,great,False,503099
2010,59671,petrol,bengaluru,hatchback,manual,maruti,a star,3,great,False,227599
2016,35352,petrol,bengaluru,hatchback,manual,maruti,swift,1,great,False,559899
2016,43664,petrol,bengaluru,,,maruti,omni e,1,great,False,297499
2010,47003,petrol,bengaluru,hatchback,manual,chevrolet,beat,1,good,False,234699
2010,40200,petrol,bengaluru,hatchback,automatic,hyundai,i10,1,good,False,379499
2010,88390,petrol,bengaluru,hatchback,manual,maruti,swift,2,great,False,287399
2013,53702,diesel,bengaluru,sedan,manual,maruti,swift dzire,2,great,False,493599
2011,61322,petrol,bengaluru,hatchback,manual,hyundai,i10,1,great,False,353999
2013,43825,petrol,bengaluru,sedan,manual,hyundai,verna,2,great,False,565599
2013,45204,petrol,bengaluru,hatchback,automatic,volkswagen,polo,1,great,False,642599
2010,42705,petrol,bengaluru,hatchback,manual,maruti,alto k10,2,great,False,263299
2015,22337,petrol,bengaluru,sedan,manual,honda,city,1,great,False,713899
2013,48132,diesel,bengaluru,sedan,manual,maruti,swift dzire,1,great,False,511599
2012,42779,petrol,bengaluru,hatchback,manual,maruti,swift,2,great,False,484199
2018,16598,petrol,bengaluru,sedan,,maruti,ciaz,1,great,False,830599
2014,50960,petrol,bengaluru,sedan,manual,maruti,swift dzire,2,great,False,498799
2012,46403,petrol,bengaluru,suv,manual,maruti,eeco,2,good,False,339299
2008,41350,petrol,bengaluru,hatchback,manual,hyundai,santro xing,2,good,False,232299
2017,14962,petrol,bengaluru,hatchback,manual,maruti,baleno,2,great,False,634899
2017,30068,petrol,bengaluru,hatchback,manual,maruti,baleno,1,great,False,635999
2013,38521,petrol,bengaluru,sedan,manual,maruti,swift dzire,1,great,False,515099
2010,33225,petrol,bengaluru,hatchback,manual,chevrolet,beat,2,good,False,232699
2007,79620,petrol,bengaluru,hatchback,manual,hyundai,i10,3,good,False,209499
2018,22678,petrol,bengaluru,hatchback,manual,maruti,swift,1,great,False,629999
2008,45812,petrol,bengaluru,hatchback,manual,maruti,alto,2,good,False,217399
2011,71585,diesel,bengaluru,hatchback,manual,maruti,ritz,2,great,False,363699
2010,56300,petrol,bengaluru,hatchback,manual,maruti,alto k10,1,great,False,259099
2015,53989,petrol,bengaluru,hatchback,manual,maruti,alto k10,1,great,False,316799
2011,73153,petrol,bengaluru,hatchback,manual,hyundai,i10,1,great,False,336199
2013,58907,petrol,bengaluru,hatchback,manual,maruti,ritz,2,great,False,377899
2010,55232,petrol,bengaluru,hatchback,manual,hyundai,i20,1,great,False,391199
2018,29928,petrol,bengaluru,hatchback,manual,maruti,alto k10,1,great,False,393399
2019,4566,diesel,bengaluru,suv,manual,maruti,vitara brezza,1,great,False,900799
2017,22899,petrol,bengaluru,hatchback,automatic,honda,jazz,1,great,False,712899
2012,41418,petrol,bengaluru,hatchback,manual,volkswagen,polo,2,great,False,500899
2014,65190,petrol,bengaluru,hatchback,manual,maruti,alto k10,1,great,False,303899
2018,36367,diesel,bengaluru,sedan,,honda,amaze,1,great,False,777199
2012,74010,diesel,bengaluru,sedan,manual,maruti,swift dzire,1,great,False,445299
2008,66836,petrol,bengaluru,sedan,manual,hyundai,verna,2,great,False,274099
2012,68156,petrol,bengaluru,hatchback,manual,maruti,alto k10,2,great,False,238699
2019,21250,petrol,bengaluru,hatchback,manual,maruti,baleno,1,great,False,666699
2009,45139,petrol,bengaluru,hatchback,manual,maruti,wagon r,1,great,False,239799
2013,56518,petrol,bengaluru,sedan,manual,maruti,swift dzire,2,great,False,484299
2010,61105,petrol,bengaluru,hatchback,manual,hyundai,i20,1,good,False,428399
2014,59761,petrol,bengaluru,hatchback,manual,maruti,swift,1,great,False,486499
2015,41499,petrol,bengaluru,hatchback,manual,hyundai,elite i20,1,great,False,556299
2011,66451,petrol,bengaluru,hatchback,manual,ford,figo,1,great,False,287199
2012,45163,petrol,bengaluru,sedan,manual,honda,city,2,great,False,466499
2014,48559,petrol,bengaluru,sedan,manual,honda,city,1,great,False,612199
2012,48171,petrol,bengaluru,hatchback,manual,honda,brio,1,good,False,369799
2007,104893,petrol,bengaluru,hatchback,manual,hyundai,santro xing,1,great,False,183499
2015,57353,petrol,bengaluru,hatchback,manual,volkswagen,cross polo,1,great,False,494299
2015,53684,diesel,bengaluru,suv,manual,maruti,ertiga,2,great,False,684999
2009,65823,petrol,bengaluru,hatchback,manual,maruti,wagon r,2,great,False,232299
2013,70555,petrol,bengaluru,hatchback,manual,maruti,alto 800,2,great,False,244899
2013,72925,petrol,bengaluru,hatchback,manual,maruti,wagon r 1.0,1,great,False,389399
2017,34120,petrol,bengaluru,sedan,manual,maruti,dzire,1,great,False,668199
2008,68811,petrol,bengaluru,hatchback,manual,hyundai,i10,1,great,False,260499
2016,46454,diesel,bengaluru,hatchback,manual,hyundai,elite i20,1,great,False,731099
2019,5436,petrol,bengaluru,suv,,renault,triber,1,great,False,661199
2009,85871,petrol,bengaluru,hatchback,manual,hyundai,i20,2,great,False,275499
2013,60187,diesel,bengaluru,suv,manual,renault,duster,1,great,False,629899
2015,49959,petrol,bengaluru,hatchback,manual,honda,jazz,2,great,False,490999
2012,81811,petrol,bengaluru,hatchback,manual,maruti,alto k10,1,great,False,266199
2016,45087,petrol,bengaluru,hatchback,manual,maruti,baleno,1,great,False,551899
2017,22556,petrol,bengaluru,sedan,automatic,maruti,ciaz,2,great,False,720399
2009,57357,petrol,bengaluru,hatchback,manual,maruti,alto,1,great,False,186899
2010,118439,petrol,bengaluru,hatchback,manual,maruti,swift,1,great,False,295499
2011,42491,petrol,bengaluru,hatchback,manual,maruti,alto,1,good,False,283299
2019,19006,petrol,bengaluru,hatchback,manual,maruti,celerio,1,great,False,535199
2014,26036,petrol,bengaluru,hatchback,manual,hyundai,grand i10,1,great,False,529799
2010,69401,petrol,bengaluru,hatchback,manual,maruti,ritz,1,great,False,349599
2014,56580,petrol,bengaluru,hatchback,manual,hyundai,i20,1,great,False,477799
2009,42203,petrol,bengaluru,hatchback,manual,hyundai,i10,2,good,False,298899
2018,32733,petrol,bengaluru,hatchback,,renault,kwid,1,great,False,414099
2014,57275,petrol,bengaluru,hatchback,manual,maruti,wagon r 1.0,1,great,False,367799
2011,66167,petrol,bengaluru,hatchback,manual,maruti,alto k10,1,good,False,274999
2008,60195,petrol,bengaluru,hatchback,manual,maruti,a star,2,good,False,216999
2018,11839,petrol,bengaluru,hatchback,manual,honda,jazz,1,great,False,731399
2011,46746,petrol,bengaluru,hatchback,manual,maruti,alto,2,good,False,281699
2012,82823,petrol,bengaluru,hatchback,manual,hyundai,i10,1,great,False,381599
2012,69377,petrol,bengaluru,hatchback,manual,hyundai,i10,1,great,False,344299
2009,49308,petrol,bengaluru,sedan,manual,maruti,swift dzire,1,good,False,394099
2013,77367,petrol,bengaluru,hatchback,manual,maruti,wagon r stingray,1,great,False,345499
2018,23374,diesel,bengaluru,suv,manual,maruti,ertiga,1,great,False,891899
2009,54431,petrol,bengaluru,hatchback,manual,maruti,ritz,1,great,False,300499
2014,89674,petrol,bengaluru,sedan,manual,hyundai,xcent,1,great,False,449999
2010,77711,petrol,bengaluru,hatchback,manual,maruti,a star,2,great,False,250399
2019,7600,petrol,bengaluru,hatchback,manual,maruti,baleno,1,great,False,673299
2017,38584,diesel,bengaluru,sedan,automatic,volkswagen,ameo,3,great,False,609099
2014,64614,petrol,bengaluru,sedan,manual,maruti,swift dzire,1,great,False,493799
2018,33951,petrol,bengaluru,hatchback,manual,hyundai,elite i20,1,great,False,709999
2013,56462,petrol,bengaluru,hatchback,manual,maruti,wagon r stingray,1,great,False,389099
2018,16556,diesel,bengaluru,suv,automatic,maruti,vitara brezza,1,great,False,910199
2015,77939,diesel,bengaluru,suv,manual,renault,duster,3,great,False,640799
2018,14516,petrol,bengaluru,hatchback,manual,volkswagen,polo,1,great,False,921499
2019,10442,petrol,bengaluru,hatchback,manual,maruti,celerio,1,great,False,508799
2012,95289,diesel,bengaluru,hatchback,manual,hyundai,i20,1,great,False,413499
2011,127738,diesel,bengaluru,hatchback,manual,hyundai,i20,1,great,False,330299
2008,84335,petrol,bengaluru,hatchback,manual,maruti,alto,1,great,False,172199
2016,61270,diesel,bengaluru,hatchback,manual,maruti,baleno,1,great,False,690999
2019,7641,petrol,bengaluru,hatchback,manual,maruti,swift,1,great,False,630399
2011,76052,petrol,bengaluru,hatchback,manual,maruti,ritz,2,great,False,362899
2019,3391,petrol,bengaluru,hatchback,,hyundai,elite i20,2,great,False,637599
2008,87637,petrol,bengaluru,hatchback,manual,hyundai,i10,3,great,False,251999
2019,21554,petrol,bengaluru,sedan,,ford,figo aspire,1,great,False,614799
2009,102544,petrol,bengaluru,hatchback,manual,hyundai,i10,2,great,False,263499
2008,71113,petrol,bengaluru,hatchback,manual,maruti,zen estilo,2,good,False,168499
2016,48833,diesel,bengaluru,hatchback,manual,maruti,swift,1,great,False,609499
2007,82791,petrol,bengaluru,hatchback,manual,hyundai,santro xing,1,great,False,198299
2017,14164,petrol,bengaluru,hatchback,automatic,honda,jazz,1,great,False,728499
2013,90057,diesel,bengaluru,hatchback,manual,ford,figo,1,great,False,298099
2014,64332,diesel,bengaluru,sedan,manual,maruti,swift dzire,3,great,False,413899
2018,28249,petrol,bengaluru,sedan,automatic,maruti,dzire,1,great,False,641999
2011,65270,petrol,bengaluru,hatchback,manual,maruti,wagon r 1.0,1,good,False,365399
2011,81119,petrol,bengaluru,hatchback,manual,maruti,ritz,1,great,False,381099
2010,85595,petrol,bengaluru,hatchback,manual,maruti,wagon r 1.0,1,great,False,284999
2011,64152,petrol,bengaluru,hatchback,manual,maruti,alto k10,1,good,False,286199
2014,61970,diesel,bengaluru,hatchback,manual,maruti,swift,2,great,False,483399
2009,60745,petrol,bengaluru,hatchback,manual,hyundai,i20,2,great,False,337899
2010,78605,petrol,bengaluru,hatchback,manual,maruti,ritz,1,good,False,356899
2010,87033,diesel,bengaluru,hatchback,manual,maruti,swift,3,great,False,307499
2015,43106,petrol,bengaluru,hatchback,manual,hyundai,grand i10,1,great,False,565999
2015,37437,petrol,bengaluru,hatchback,manual,volkswagen,polo,1,great,False,517099
2013,86307,diesel,bengaluru,hatchback,manual,maruti,swift,1,great,False,513299
2016,44970,diesel,bengaluru,hatchback,manual,hyundai,elite i20,1,great,False,681199
2011,71708,petrol,bengaluru,hatchback,manual,hyundai,i10,2,good,False,348899
2018,26118,petrol,bengaluru,hatchback,manual,hyundai,elite i20,1,great,False,730199
2017,40163,diesel,bengaluru,hatchback,manual,maruti,swift,1,great,False,625099
2018,13259,petrol,bengaluru,hatchback,manual,volkswagen,polo,1,great,False,912099
2009,65199,petrol,bengaluru,hatchback,manual,hyundai,i10,3,great,False,280299
2011,124220,diesel,bengaluru,sedan,manual,volkswagen,vento,2,great,False,335899
2010,88825,petrol,bengaluru,hatchback,manual,hyundai,i20,1,great,False,393799
2016,50069,diesel,bengaluru,hatchback,manual,maruti,swift,1,great,False,655799
2018,30455,petrol,bengaluru,hatchback,manual,volkswagen,polo,1,great,False,844799
2009,63634,petrol,bengaluru,hatchback,automatic,hyundai,i10,1,fair,False,320699
2019,21305,petrol,bengaluru,sedan,manual,honda,city,2,great,False,853999
2011,77484,petrol,bengaluru,hatchback,manual,hyundai,eon,1,great,False,228199
2019,13444,petrol,bengaluru,sedan,automatic,maruti,dzire,1,great,False,719299
2013,73374,diesel,bengaluru,hatchback,manual,hyundai,i20,1,great,False,440699
2017,64317,diesel,bengaluru,suv,manual,maruti,vitara brezza,1,great,False,884599
2019,2974,petrol,bengaluru,suv,manual,maruti,eeco,1,good,False,498299
2018,43620,diesel,bengaluru,hatchback,manual,hyundai,elite i20,1,great,False,753399
2009,102742,petrol,bengaluru,hatchback,manual,maruti,alto,1,great,False,200199
2018,25004,diesel,bengaluru,suv,automatic,maruti,vitara brezza,1,great,False,994099
2009,85451,petrol,bengaluru,hatchback,manual,hyundai,i10,1,great,False,276899
2007,47752,petrol,bengaluru,hatchback,manual,maruti,wagon r,2,good,False,191799
2012,96495,petrol,bengaluru,hatchback,manual,hyundai,i10,1,great,False,299199
2009,94064,petrol,bengaluru,hatchback,manual,maruti,alto,1,good,False,233399
2010,107442,petrol,bengaluru,hatchback,manual,ford,figo,3,great,False,219899
2013,69231,diesel,bengaluru,sedan,manual,maruti,swift dzire,1,great,False,483399
2013,96486,diesel,bengaluru,hatchback,manual,fiat,grand punto,2,great,False,284399
2011,108720,petrol,bengaluru,hatchback,manual,hyundai,i10,1,great,False,324999
2015,59917,diesel,bengaluru,sedan,,maruti,swift dzire,1,great,False,555099
2009,71441,petrol,bengaluru,hatchback,manual,maruti,a star,1,good,False,256799
2013,71850,petrol,bengaluru,hatchback,manual,hyundai,grand i10,1,great,False,408499
2009,88231,petrol,bengaluru,hatchback,manual,hyundai,i10,1,great,False,270899
2017,72907,petrol,bengaluru,hatchback,automatic,maruti,celerio,1,great,False,442099
2008,67270,petrol & lpg,bengaluru,hatchback,manual,hyundai,santro xing,1,great,False,223999
2010,86200,petrol,bengaluru,sedan,manual,maruti,sx4,2,great,False,314499
2008,79647,petrol,bengaluru,hatchback,manual,maruti,swift,3,great,False,262199
2019,3478,petrol,bengaluru,sedan,manual,honda,city,1,great,False,942299
2010,67928,petrol,bengaluru,hatchback,manual,nissan,micra,1,good,False,275699
2013,61950,petrol,bengaluru,hatchback,manual,chevrolet,sail uva,1,great,False,255499
2011,41502,petrol,bengaluru,sedan,manual,hyundai,verna,1,good,False,503299
2016,52584,petrol,bengaluru,hatchback,automatic,maruti,celerio,1,great,False,412699
2019,12672,petrol,bengaluru,sedan,manual,toyota,yaris,1,great,False,800199
2016,56435,diesel,bengaluru,hatchback,manual,hyundai,i20 active,1,great,False,674499
2014,63766,petrol,bengaluru,suv,automatic,ford,ecosport,2,great,False,618499
2016,53799,petrol,bengaluru,hatchback,manual,volkswagen,polo,1,great,False,570499
2015,69479,diesel,bengaluru,suv,manual,ford,ecosport,1,great,False,712999
2018,15934,petrol,bengaluru,hatchback,manual,volkswagen,polo,1,great,False,903499
2019,30902,petrol,bengaluru,suv,,renault,captur,1,great,False,834899
2018,31913,petrol,bengaluru,sedan,manual,hyundai,verna,1,great,False,878099
2017,30059,petrol,bengaluru,suv,manual,renault,duster,2,great,False,710799
2009,67415,petrol,bengaluru,hatchback,manual,maruti,alto,2,good,False,219499
2007,72432,petrol,bengaluru,hatchback,manual,hyundai,i10,2,great,False,225499
2017,55499,diesel,bengaluru,sedan,manual,maruti,dzire,1,great,False,666699
2013,59930,petrol,bengaluru,hatchback,manual,maruti,wagon r 1.0,1,good,False,335399
2018,40179,petrol,bengaluru,suv,,ford,ecosport,1,great,False,919099
2016,68833,petrol,bengaluru,hatchback,manual,renault,kwid,1,great,False,289399
2017,57992,petrol,bengaluru,hatchback,automatic,maruti,celerio,1,great,False,461099
2014,128553,diesel,bengaluru,hatchback,manual,hyundai,i20,1,great,False,466399
2010,67892,petrol,bengaluru,hatchback,manual,hyundai,i10,1,great,False,327199
2017,45025,petrol,bengaluru,hatchback,manual,maruti,celerio,1,great,False,419299
2010,72693,petrol,bengaluru,hatchback,manual,hyundai,i20,2,great,False,356899
2015,56672,diesel,bengaluru,suv,manual,maruti,s cross,1,great,False,662899
2015,69826,petrol,bengaluru,sedan,manual,maruti,swift dzire,1,great,False,557799
2015,78800,diesel,bengaluru,suv,manual,toyota,innova,2,great,False,1261387
2009,56137,petrol,bengaluru,hatchback,manual,fiat,grand punto,1,fair,False,269199
2014,62745,petrol,bengaluru,suv,automatic,ford,ecosport,1,great,False,686599
2018,22993,petrol,bengaluru,hatchback,manual,hyundai,elite i20,2,great,False,720599
2018,27039,diesel,bengaluru,suv,,maruti,vitara brezza,1,great,False,909599
2012,119610,diesel,bengaluru,hatchback,manual,hyundai,i20,1,great,False,376099
2007,69390,petrol,bengaluru,hatchback,manual,hyundai,santro xing,2,good,False,207599
2017,19307,petrol,bengaluru,sedan,manual,honda,city,1,great,False,777199
2017,30589,diesel,bengaluru,suv,manual,mahindra,thar,2,great,False,790299
2010,75257,petrol,bengaluru,hatchback,manual,maruti,swift,1,great,False,379799
2016,51594,petrol,bengaluru,hatchback,manual,maruti,swift,1,great,False,518199
2015,81268,petrol,bengaluru,suv,manual,maruti,eeco,2,great,False,298199
2011,100966,diesel,bengaluru,hatchback,manual,volkswagen,polo,3,great,False,368699
2012,147268,petrol,bengaluru,sedan,manual,maruti,swift dzire,2,great,False,447899
2013,63140,petrol,bengaluru,hatchback,manual,hyundai,i10,1,great,False,361699
2011,106988,petrol,bengaluru,hatchback,manual,hyundai,i10,1,great,False,330799
2019,30625,petrol,bengaluru,hatchback,,maruti,swift,1,great,False,732099
2011,85649,petrol,bengaluru,hatchback,manual,maruti,alto k10,2,great,False,211199
2014,67449,electric,bengaluru,hatchback,manual,mahindra,e 20,1,good,False,267199
2018,27247,petrol,bengaluru,hatchback,manual,hyundai,elite i20,1,great,False,773599
2014,106319,petrol,bengaluru,hatchback,manual,maruti,swift,1,great,False,453899
2010,91313,petrol,bengaluru,hatchback,manual,maruti,alto,2,great,False,207499
2015,51013,diesel,bengaluru,suv,manual,maruti,ertiga,1,great,False,699399
2010,63163,petrol & lpg,bengaluru,hatchback,manual,maruti,wagon r duo,1,good,False,242999
2016,52435,petrol,bengaluru,sedan,manual,maruti,swift dzire,1,great,False,521399
2016,85074,diesel,bengaluru,suv,manual,maruti,vitara brezza,1,great,False,717599
2014,69261,petrol,bengaluru,hatchback,manual,maruti,swift,2,great,False,451499
2010,75066,petrol,bengaluru,hatchback,manual,ford,figo,1,good,False,270699
2016,69898,petrol,bengaluru,hatchback,automatic,volkswagen,polo,1,great,True,633199
2014,81253,diesel,bengaluru,sedan,manual,honda,amaze,1,great,False,444199
2011,96475,diesel,bengaluru,sedan,manual,volkswagen,vento,2,great,False,387199
2010,137545,petrol,bengaluru,hatchback,manual,maruti,ritz,2,great,False,245599
2017,37975,diesel,bengaluru,suv,automatic,tata,hexa,2,great,False,1356731
2008,76502,petrol,bengaluru,hatchback,manual,maruti,alto,2,good,False,215299
2016,64633,diesel,bengaluru,suv,manual,mahindra,kuv100,2,great,False,436899
2009,83374,petrol,bengaluru,hatchback,manual,maruti,ritz,1,great,False,292099
2016,33050,petrol,bengaluru,sedan,,honda,city,2,good,False,753599
2013,77659,diesel,bengaluru,hatchback,manual,volkswagen,polo,1,great,False,446799
2013,112013,diesel,bengaluru,suv,manual,maruti,ertiga,2,great,False,601299
2012,129687,diesel,bengaluru,hatchback,manual,volkswagen,polo,1,great,False,369599
2015,58291,petrol,bengaluru,sedan,manual,maruti,swift dzire,1,great,False,572399
2009,95319,petrol,bengaluru,sedan,manual,ford,fiesta,2,great,False,283699
2012,93827,petrol,bengaluru,hatchback,manual,maruti,alto k10,3,great,False,222999
2015,70098,petrol,bengaluru,hatchback,manual,maruti,alto k10,1,great,False,290099
2012,83863,diesel,bengaluru,hatchback,manual,fiat,grand punto,2,great,False,292399
2019,2264,petrol,bengaluru,suv,,hyundai,venue,1,great,False,971599
2009,94539,petrol,bengaluru,hatchback,automatic,hyundai,i10,2,great,False,283499
2009,63993,petrol,bengaluru,hatchback,manual,maruti,wagon r,1,good,False,281199
2017,38228,diesel,bengaluru,suv,automatic,toyota,innova crysta,1,great,False,1984244
2015,76693,petrol,bengaluru,hatchback,manual,hyundai,elite i20,1,great,False,599499
2017,36613,diesel,bengaluru,suv,automatic,toyota,innova crysta,2,great,False,1878194
2016,76685,petrol,bengaluru,hatchback,manual,hyundai,grand i10,1,great,False,449999
2014,97307,petrol,bengaluru,sedan,manual,hyundai,xcent,1,great,False,406999
2009,93600,petrol,bengaluru,hatchback,manual,maruti,ritz,1,great,False,299399
2015,86812,diesel,bengaluru,sedan,automatic,volkswagen,vento,1,great,False,675599
2016,62140,petrol,bengaluru,hatchback,manual,hyundai,elite i20,1,great,False,633799
2010,90132,petrol,bengaluru,hatchback,manual,hyundai,i10,3,great,False,265799
2016,81252,diesel,bengaluru,luxury suv,manual,mahindra,xuv500,2,great,False,825199
2018,19487,diesel,bengaluru,suv,,ford,ecosport,1,great,False,987399
2009,77463,petrol,bengaluru,hatchback,manual,maruti,swift,1,great,False,381399
2013,78058,petrol,bengaluru,sedan,manual,maruti,swift dzire,1,great,False,443799
2013,73269,diesel,bengaluru,hatchback,manual,hyundai,i20,3,great,False,433499
2018,31071,diesel,bengaluru,suv,manual,maruti,vitara brezza,1,great,False,888699
2018,34000,petrol,bengaluru,sedan,automatic,hyundai,verna,1,great,False,1047368
2011,102352,petrol,bengaluru,hatchback,manual,maruti,alto,1,great,False,195099
2011,94359,petrol,bengaluru,hatchback,manual,maruti,wagon r 1.0,1,good,False,313699
2017,71208,diesel,bengaluru,suv,,hyundai,creta,1,great,False,1180688
2015,66961,diesel,bengaluru,luxury suv,automatic,hyundai,santa fe,1,great,False,1538430
2014,86798,petrol,bengaluru,hatchback,manual,maruti,ritz,1,great,False,367999
2015,77606,petrol,bengaluru,hatchback,manual,hyundai,grand i10,1,great,False,483299
2019,5652,diesel,bengaluru,suv,manual,mahindra,thar,1,great,False,1031208
2015,65102,petrol,bengaluru,sedan,manual,honda,city,2,great,False,624699
2010,89162,petrol,bengaluru,sedan,automatic,volkswagen,vento,1,great,False,406799
2011,91825,diesel,bengaluru,sedan,manual,maruti,swift dzire,1,good,False,422799
2008,104288,petrol,bengaluru,hatchback,manual,hyundai,santro xing,2,good,False,253099
2015,81374,petrol,bengaluru,hatchback,manual,hyundai,elite i20,1,great,False,580199
2010,89736,petrol,bengaluru,hatchback,manual,maruti,zen estilo,2,great,False,221599
2014,78875,diesel,bengaluru,hatchback,manual,fiat,grand punto,1,great,False,388299
2009,68496,diesel,bengaluru,suv,manual,toyota,innova,2,great,False,713999
2012,83637,petrol,bengaluru,hatchback,manual,maruti,swift,1,great,False,430499
2014,78401,petrol,bengaluru,sedan,manual,hyundai,xcent,2,great,False,455499
2010,106323,petrol,bengaluru,hatchback,manual,maruti,swift,2,great,False,328599
2013,98614,petrol,bengaluru,luxury sedan,automatic,hyundai,new elantra,1,great,False,592499
2014,82997,petrol,bengaluru,hatchback,manual,hyundai,elite i20,2,great,False,477599
2015,72459,petrol,bengaluru,hatchback,manual,hyundai,grand i10,2,great,False,430899
2013,73656,diesel,bengaluru,luxury suv,manual,mahindra,xuv500,1,great,False,800299
2014,87454,diesel,bengaluru,sedan,manual,maruti,swift dzire,2,great,False,539099
2010,91409,diesel,bengaluru,hatchback,manual,hyundai,i20,1,good,False,345699
2010,97299,petrol,bengaluru,hatchback,manual,hyundai,i10,1,great,False,304699
2011,137461,petrol,bengaluru,sedan,manual,maruti,swift dzire,1,great,False,291199
2014,75129,diesel,bengaluru,sedan,manual,maruti,swift dzire,1,great,False,489699
2012,97067,diesel,bengaluru,sedan,manual,maruti,swift dzire,1,great,False,499199
2012,98650,diesel,bengaluru,hatchback,manual,maruti,swift,2,great,False,412799
2015,41688,diesel,bengaluru,luxury suv,manual,mahindra,xuv500,1,great,False,955399
2011,103268,diesel,bengaluru,hatchback,manual,maruti,swift,2,great,False,396099
2015,34172,diesel,bengaluru,luxury suv,manual,mahindra,xuv500,1,great,False,1112210
2009,147270,petrol,bengaluru,sedan,manual,maruti,swift dzire,1,good,False,345699
2013,92412,petrol,bengaluru,hatchback,manual,maruti,swift,1,great,False,432399
2012,93262,diesel,bengaluru,suv,manual,toyota,innova,1,great,False,516999
2012,104404,diesel,bengaluru,luxury sedan,automatic,skoda,laura,2,great,False,540099
2012,112264,diesel,bengaluru,hatchback,manual,maruti,ritz,1,great,True,344399
2013,115055,petrol,bengaluru,hatchback,manual,maruti,wagon r 1.0,2,great,False,308799
2012,78206,petrol,bengaluru,hatchback,manual,chevrolet,spark,2,good,False,201699
2016,76930,diesel,bengaluru,luxury suv,manual,mahindra,xuv500,2,great,False,947899
2014,60304,diesel,bengaluru,suv,manual,toyota,innova,2,great,False,1468336
2009,142543,petrol,bengaluru,sedan,manual,honda,city,1,great,False,314199
2010,114547,petrol,bengaluru,hatchback,manual,hyundai,i20,1,great,False,346599
2016,77962,petrol,bengaluru,hatchback,manual,maruti,ritz,1,great,True,487999
2016,109225,diesel,bengaluru,luxury suv,manual,mahindra,xuv500,1,great,False,895799
2010,103131,petrol,bengaluru,hatchback,manual,hyundai,i20,2,good,False,389999
2007,126399,petrol,bengaluru,hatchback,manual,hyundai,santro xing,1,great,False,210699
2010,128489,diesel,bengaluru,hatchback,manual,ford,figo,1,good,False,304599
2010,84284,diesel,bengaluru,suv,manual,toyota,innova,1,great,False,752899
2018,73455,petrol,bengaluru,hatchback,manual,maruti,ignis,1,great,False,575699
2009,150758,diesel,bengaluru,hatchback,manual,tata,indica vista,1,great,False,181299
2015,80931,petrol,bengaluru,suv,manual,maruti,omni,2,good,False,272099
2015,90272,petrol,bengaluru,hatchback,manual,volkswagen,polo,1,great,False,519699
2008,118781,diesel,bengaluru,suv,manual,toyota,innova,2,great,False,543699
2009,143765,diesel,bengaluru,suv,manual,toyota,innova,2,great,False,705199
2008,127994,petrol & lpg,bengaluru,hatchback,manual,maruti,wagon r duo,1,great,False,208899
2008,124921,diesel,bengaluru,hatchback,manual,maruti,swift,2,great,False,269299
2013,113856,petrol,bengaluru,sedan,manual,volkswagen,vento,2,great,False,413499
2013,107100,petrol,bengaluru,hatchback,manual,maruti,alto 800,2,good,False,274699
2012,115096,petrol,bengaluru,sedan,manual,maruti,swift dzire,1,great,False,401799
2012,119930,petrol,bengaluru,hatchback,manual,maruti,swift,2,great,False,405699
2009,194924,diesel,bengaluru,hatchback,manual,maruti,swift,2,great,False,238399
2012,83486,diesel,bengaluru,luxury sedan,manual,mercedes benz,c class,2,great,False,1192909
2012,95484,diesel,bengaluru,hatchback,manual,tata,indica vista,2,good,False,305299
2013,141347,diesel,bengaluru,suv,manual,renault,duster,1,great,False,542699
2011,98931,petrol,bengaluru,hatchback,manual,maruti,ritz,2,good,False,404699
2011,138398,petrol,bengaluru,hatchback,manual,hyundai,i20,2,great,False,343699
2012,130343,diesel,bengaluru,sedan,manual,maruti,swift dzire,1,great,False,531899
2015,157108,petrol,bengaluru,hatchback,manual,maruti,baleno,1,great,False,509399
2016,123507,petrol,bengaluru,hatchback,manual,maruti,swift,1,great,False,497999
2013,117275,petrol,bengaluru,hatchback,manual,maruti,alto 800,1,great,False,236999
2013,160483,petrol,bengaluru,sedan,manual,hyundai,verna,2,great,False,478799
2014,99272,diesel,bengaluru,luxury suv,manual,mahindra,xuv500,2,great,False,811399
2014,110838,diesel,bengaluru,sedan,manual,maruti,swift dzire,1,great,False,459699
2012,128797,diesel,bengaluru,suv,manual,toyota,innova,2,great,False,1053832
2015,129011,diesel,bengaluru,suv,manual,maruti,ertiga,2,great,False,680999
2016,130303,diesel,bengaluru,suv,automatic,renault,duster,1,great,True,693299
2014,26357,petrol,bengaluru,hatchback,manual,tata,nano,1,good,False,180799
2013,38167,petrol,bengaluru,hatchback,manual,maruti,wagon r stingray,1,great,False,333099
2014,28483,petrol,bengaluru,sedan,manual,hyundai,xcent,1,great,False,457999
2016,10478,petrol,bengaluru,hatchback,manual,maruti,alto 800,1,great,False,294499
2013,32429,petrol,bengaluru,sedan,,nissan,sunny,2,great,False,497099
2014,32986,petrol,bengaluru,hatchback,manual,hyundai,elite i20,1,great,False,525799
2016,9893,petrol,bengaluru,hatchback,manual,maruti,alto k10,1,great,False,366499
2014,21287,petrol,bengaluru,hatchback,manual,hyundai,i10,1,great,False,384799
2014,34394,petrol,bengaluru,hatchback,manual,tata,nano,1,great,False,176899
2016,19682,petrol,bengaluru,hatchback,,renault,kwid,1,great,False,369099
2013,14350,petrol,bengaluru,hatchback,manual,hyundai,i10,1,great,False,423299
2013,48229,diesel,bengaluru,hatchback,manual,ford,figo,2,great,False,302299
2014,23271,petrol,bengaluru,hatchback,manual,hyundai,i10,1,great,False,397299
2016,19484,petrol,bengaluru,hatchback,manual,hyundai,eon,1,great,False,340799
2014,24444,petrol,bengaluru,hatchback,manual,hyundai,eon,2,good,False,306099
2020,2151,petrol,bengaluru,suv,,renault,triber,1,great,False,726799
2015,33947,petrol,bengaluru,sedan,manual,toyota,etios,2,great,False,458799
2011,17001,petrol,bengaluru,hatchback,manual,maruti,alto,1,good,False,289899
2013,34019,petrol,bengaluru,hatchback,manual,hyundai,i10,1,great,False,372299
2012,7044,petrol,bengaluru,hatchback,manual,maruti,alto 800,2,great,False,259399
2015,12427,petrol,bengaluru,hatchback,manual,renault,kwid,1,great,False,343499
2010,66102,petrol,bengaluru,hatchback,manual,maruti,ritz,2,great,False,334799
2015,32836,petrol,bengaluru,hatchback,manual,hyundai,grand i10,1,great,False,473099
2015,30606,petrol,bengaluru,hatchback,manual,maruti,swift,1,great,False,572799
2015,11798,petrol,bengaluru,hatchback,manual,hyundai,grand i10,1,great,False,486999
2012,34162,petrol,bengaluru,hatchback,manual,hyundai,i10,1,great,False,340899
2014,37253,petrol,bengaluru,hatchback,manual,maruti,wagon r 1.0,1,great,False,410599
2011,24700,petrol,bengaluru,hatchback,manual,hyundai,i20,2,great,False,403899
2011,33609,petrol,bengaluru,hatchback,manual,toyota,etios liva,1,good,False,416899
2016,34733,petrol,bengaluru,suv,manual,maruti,eeco,2,great,False,390799
2014,24024,petrol,bengaluru,hatchback,manual,hyundai,eon,3,good,False,327499
2018,6319,petrol,bengaluru,sedan,manual,tata,tigor,1,great,False,605499
2015,26447,petrol,bengaluru,hatchback,manual,maruti,swift,1,great,False,551099
2012,51798,petrol,bengaluru,hatchback,manual,hyundai,i10,2,great,False,363799
2012,59439,petrol,bengaluru,hatchback,manual,ford,figo,3,great,False,297699
2010,46077,petrol,bengaluru,hatchback,manual,hyundai,i10,1,great,False,356299
2011,23688,petrol,bengaluru,hatchback,manual,maruti,wagon r 1.0,2,great,False,345599
2016,5063,petrol,bengaluru,hatchback,automatic,tata,nano,1,good,False,276099
2013,33334,petrol,bengaluru,hatchback,manual,maruti,alto 800,1,great,False,278899
2012,67714,petrol,bengaluru,hatchback,manual,hyundai,santro xing,1,great,False,258499
2017,26136,petrol,bengaluru,suv,manual,honda,wr-v,1,great,False,750499
2017,17259,petrol,bengaluru,suv,automatic,hyundai,creta,1,great,False,1174426
2018,17306,petrol,bengaluru,hatchback,automatic,maruti,baleno,1,great,False,795399
2014,49713,petrol,bengaluru,sedan,manual,hyundai,verna,1,great,False,572699
2017,25199,petrol,bengaluru,hatchback,,maruti,alto k10,1,great,False,363599
2016,38561,petrol,bengaluru,hatchback,manual,hyundai,grand i10,2,great,False,482999
2016,31393,petrol,bengaluru,hatchback,manual,maruti,alto k10,1,great,False,355099
2014,43623,petrol,bengaluru,hatchback,manual,hyundai,elite i20,1,great,False,498399
2019,13482,petrol,bengaluru,,,maruti,new  wagon-r,1,great,False,484899
2010,43093,petrol,bengaluru,hatchback,manual,maruti,swift,1,great,False,381399
2016,30212,petrol,bengaluru,hatchback,manual,hyundai,i10,1,great,False,421599
2011,42935,petrol,bengaluru,hatchback,manual,maruti,alto k10,2,good,False,242699
2015,21156,petrol,bengaluru,hatchback,manual,maruti,swift,1,great,False,563799
2018,19093,petrol,bengaluru,hatchback,,renault,kwid,2,great,False,427199
2015,8664,petrol,bengaluru,hatchback,manual,tata,nano,1,great,False,209899
2010,52160,petrol,bengaluru,hatchback,manual,maruti,wagon r 1.0,1,great,False,296499
2011,97999,petrol,bengaluru,sedan,manual,honda,city,1,great,False,446299
2010,52027,petrol,bengaluru,hatchback,manual,hyundai,i10,1,great,False,327899
2014,34233,petrol,bengaluru,sedan,manual,hyundai,xcent,1,great,False,505599
2016,34081,petrol,bengaluru,hatchback,manual,maruti,alto 800,1,great,False,329299
2016,33834,diesel,bengaluru,hatchback,manual,maruti,swift,1,great,False,615999
2017,7688,petrol,bengaluru,hatchback,,renault,kwid,1,great,False,458499
2009,37025,petrol,bengaluru,hatchback,manual,hyundai,i10,3,great,False,287999
2016,19581,petrol,bengaluru,hatchback,manual,hyundai,i20 active,1,great,False,650499
2020,5975,petrol,bengaluru,hatchback,manual,maruti,swift,1,great,False,742299
2012,58683,petrol,bengaluru,hatchback,manual,maruti,alto k10,1,great,False,295699
2014,28276,petrol,bengaluru,hatchback,manual,hyundai,grand i10,2,great,False,497299
2015,40878,petrol,bengaluru,hatchback,manual,hyundai,elite i20,2,great,False,633399
2013,107116,diesel,bengaluru,sedan,manual,maruti,swift dzire,2,great,False,463899
2015,63035,diesel,bengaluru,hatchback,manual,maruti,swift,1,great,False,576399
2017,31833,petrol,bengaluru,hatchback,manual,maruti,baleno,1,great,False,623299
2018,26739,petrol,bengaluru,hatchback,,datsun,redi go,2,great,False,359799
2015,41680,electric,bengaluru,hatchback,manual,mahindra,e 20,1,great,False,304199
2014,42772,petrol,bengaluru,sedan,manual,maruti,swift dzire,1,great,False,528499
2014,46178,petrol,bengaluru,hatchback,manual,hyundai,santro xing,1,great,False,318399
2015,39157,petrol,bengaluru,hatchback,automatic,tata,nano,1,good,False,262199
2010,67106,petrol,bengaluru,sedan,manual,honda,city,2,great,False,427999
2019,24929,petrol,bengaluru,,,maruti,new  wagon-r,1,great,False,516199
2014,79961,diesel,bengaluru,sedan,automatic,hyundai,verna,1,great,False,649899
2018,15127,diesel,bengaluru,sedan,,honda,amaze,1,great,False,791799
2013,78085,diesel,bengaluru,suv,manual,ford,ecosport,2,great,False,612399
2010,41586,petrol,bengaluru,hatchback,manual,chevrolet,beat,1,good,False,243199
2013,56566,petrol,bengaluru,hatchback,manual,maruti,swift,1,great,False,466899
2012,108611,petrol,bengaluru,hatchback,manual,hyundai,i10,1,great,False,359199
2016,22224,diesel,bengaluru,suv,manual,mahindra,thar,1,great,False,794799
2009,82548,petrol,bengaluru,hatchback,manual,hyundai,i20,2,great,False,320699
2014,51284,petrol,bengaluru,hatchback,manual,hyundai,santro xing,1,great,False,368299
2017,35956,petrol,bengaluru,hatchback,manual,hyundai,grand i10,2,great,False,512799
2008,85451,petrol,bengaluru,sedan,manual,maruti,swift dzire,1,good,False,318399
2008,62730,petrol,bengaluru,hatchback,manual,hyundai,i10,3,great,False,259599
2014,54694,petrol,bengaluru,sedan,manual,hyundai,xcent,1,great,False,477599
2014,68796,petrol,bengaluru,sedan,manual,maruti,swift dzire,2,great,False,503199
2012,102509,diesel,bengaluru,sedan,manual,maruti,swift dzire,1,great,False,502399
2013,47077,petrol,bengaluru,hatchback,manual,maruti,alto 800,1,good,False,293899
2010,127516,petrol,bengaluru,hatchback,manual,maruti,alto k10,2,great,False,209899
2015,43825,petrol,bengaluru,hatchback,manual,hyundai,eon,2,good,False,317499
2009,58231,petrol,bengaluru,hatchback,automatic,hyundai,i10,2,great,False,250299
2012,70204,diesel,bengaluru,hatchback,manual,ford,figo,1,great,False,309299
2015,54713,diesel,bengaluru,suv,manual,renault,duster,1,great,False,689899
2009,70598,petrol,bengaluru,hatchback,manual,maruti,zen estilo,1,great,False,234199
2018,24962,diesel,bengaluru,suv,automatic,tata,hexa,2,great,False,1445510
2018,35547,diesel,bengaluru,suv,,maruti,vitara brezza,1,great,False,888599
2018,23055,diesel,bengaluru,hatchback,automatic,maruti,swift,1,great,False,758999
2017,37166,petrol,bengaluru,hatchback,automatic,maruti,ignis,1,great,False,634699
2008,10036,petrol,bengaluru,hatchback,manual,hyundai,i10,1,great,False,303599
2010,73792,petrol & lpg,bengaluru,hatchback,manual,hyundai,santro xing,3,great,False,238599
2011,98592,petrol,bengaluru,hatchback,manual,hyundai,i20,1,great,False,357499
2010,91316,petrol,bengaluru,hatchback,manual,hyundai,i20,1,great,False,324799
2008,63300,petrol,bengaluru,sedan,manual,hyundai,verna,2,good,False,276399
2018,11385,petrol,bengaluru,hatchback,manual,hyundai,elite i20,2,great,False,706199
2017,25418,diesel,bengaluru,suv,manual,mahindra,thar,1,great,False,823899
2016,55352,diesel,bengaluru,hatchback,manual,hyundai,i20 active,1,great,False,716699
2011,81592,petrol,bengaluru,hatchback,manual,hyundai,i10,2,great,False,355899
2017,50808,petrol,bengaluru,suv,manual,maruti,eeco,1,great,False,370899
2015,93281,diesel,bengaluru,luxury sedan,automatic,skoda,octavia,1,great,False,1110089
2017,37316,diesel,bengaluru,hatchback,manual,hyundai,elite i20,1,great,False,740599
2015,58605,diesel,bengaluru,suv,manual,maruti,ertiga,1,great,False,764199
2013,98270,diesel,bengaluru,suv,manual,maruti,ertiga,1,great,False,562799
2016,64613,petrol,bengaluru,hatchback,automatic,volkswagen,polo,2,great,False,640799
2015,64770,petrol,bengaluru,sedan,manual,hyundai,verna,2,great,False,599199
2017,45023,petrol,bengaluru,hatchback,manual,hyundai,elite i20,1,great,False,702799
2019,10683,petrol,bengaluru,suv,,hyundai,venue,1,great,False,1075850
2010,76606,petrol,bengaluru,hatchback,manual,maruti,alto,1,good,False,254899
2013,69878,petrol,bengaluru,hatchback,manual,maruti,ritz,1,great,False,403699
2013,74517,petrol,bengaluru,suv,manual,chevrolet,enjoy,2,great,False,342599
2019,37057,petrol,bengaluru,suv,,renault,triber,2,great,False,603399
2015,86000,petrol,bengaluru,hatchback,manual,hyundai,i10,3,great,False,314599
2019,11297,diesel,bengaluru,suv,automatic,maruti,vitara brezza,1,great,False,1050600
2011,77395,petrol,bengaluru,hatchback,manual,maruti,alto,2,good,False,254499
2016,71519,petrol,bengaluru,hatchback,,maruti,baleno,1,great,False,597799
2008,75799,diesel,bengaluru,hatchback,manual,maruti,swift,1,great,False,336399
2010,84426,petrol,bengaluru,hatchback,manual,hyundai,i10,1,great,False,328999
2008,64242,diesel,bengaluru,suv,manual,toyota,innova,2,great,False,624899
2018,34406,diesel,bengaluru,suv,,hyundai,creta,1,great,False,961399
2010,98306,petrol,bengaluru,sedan,manual,honda,city,2,great,False,401099
2018,54652,diesel,bengaluru,sedan,,honda,amaze,1,great,False,735599
2015,111252,petrol,bengaluru,hatchback,manual,maruti,wagon r 1.0,1,great,False,384499
2015,68404,petrol,bengaluru,hatchback,manual,maruti,wagon r 1.0,2,great,False,388199
2016,68918,diesel,bengaluru,sedan,automatic,skoda,rapid,1,great,False,748899
2012,86258,petrol,bengaluru,hatchback,automatic,hyundai,i10,2,great,False,385799
2013,89822,diesel,bengaluru,suv,manual,ford,ecosport,2,great,False,574599
2014,75878,petrol,bengaluru,hatchback,automatic,maruti,celerio,2,great,False,394399
2010,122392,petrol,bengaluru,sedan,manual,honda,city,1,great,False,380699
2011,96296,petrol,bengaluru,hatchback,manual,hyundai,i20,1,great,False,399299
2013,82572,diesel,bengaluru,luxury suv,manual,mahindra,xuv500,2,great,False,783999
2011,96353,petrol,bengaluru,suv,manual,maruti,eeco,2,good,False,298199
2016,80315,petrol,bengaluru,hatchback,manual,hyundai,elite i20,1,great,False,618899
2015,86537,diesel,bengaluru,luxury sedan,,audi,a3,1,great,False,1995758
2015,86685,diesel,bengaluru,suv,manual,toyota,innova,2,great,False,1288354
2014,82474,petrol,bengaluru,hatchback,manual,maruti,alto 800,1,great,False,248299
2012,121747,diesel,bengaluru,sedan,manual,hyundai,verna,2,great,False,438899
2008,120155,petrol,bengaluru,hatchback,manual,maruti,zen estilo,1,great,False,136999
2018,92152,diesel,bengaluru,suv,manual,mahindra,thar,1,great,False,796199
2010,147768,diesel,bengaluru,hatchback,manual,maruti,swift,1,great,False,318499
2012,218118,diesel,bengaluru,sedan,manual,ford,fiesta classic,2,good,False,233499
2016,123181,diesel,bengaluru,suv,manual,maruti,vitara brezza,1,great,False,685699
2014,116056,diesel,bengaluru,hatchback,manual,maruti,swift,1,great,False,538299
2015,132016,petrol,bengaluru,suv,manual,ford,ecosport,1,great,False,583799
2009,204298,diesel,bengaluru,suv,manual,toyota,innova,2,great,False,729499
2009,184755,diesel,bengaluru,suv,manual,toyota,innova,3,great,False,676099
2017,128855,diesel,bengaluru,suv,manual,maruti,vitara brezza,1,great,False,749799
2011,28016,petrol,bengaluru,hatchback,manual,hyundai,eon,1,great,False,197399
2013,23047,petrol,bengaluru,hatchback,manual,tata,nano,2,great,False,129999
2012,29225,petrol,bengaluru,hatchback,manual,hyundai,eon,1,great,False,279199
2020,4108,petrol,bengaluru,suv,manual,maruti,eeco,1,great,False,419199
2013,35165,petrol,bengaluru,hatchback,manual,maruti,alto 800,2,great,False,267699
2016,10813,petrol,bengaluru,hatchback,automatic,hyundai,grand i10,1,great,False,550499
2008,43520,petrol,bengaluru,hatchback,manual,hyundai,santro xing,2,great,False,198499
2018,8996,petrol,bengaluru,hatchback,manual,tata,tiago,1,great,False,531299
2014,13455,petrol,bengaluru,hatchback,manual,datsun,go,2,great,False,234299
2020,2496,petrol,bengaluru,hatchback,,maruti,alto,1,great,False,359799
2017,21863,petrol,bengaluru,hatchback,,renault,kwid,2,great,False,396999
2011,24421,petrol,bengaluru,hatchback,manual,maruti,wagon r 1.0,2,great,False,287699
2016,9495,petrol,bengaluru,hatchback,manual,renault,kwid,1,great,False,302899
2011,52088,petrol,bengaluru,hatchback,manual,toyota,etios liva,1,great,False,343299
2019,12639,petrol,bengaluru,sedan,manual,toyota,etios,1,great,False,581299
2021,60,petrol,bengaluru,hatchback,manual,tata,tiago,1,great,False,534999
2014,40705,petrol,bengaluru,hatchback,manual,maruti,celerio,1,great,False,365099
2017,4110,petrol,bengaluru,,,maruti,omni e,1,great,False,334099
2013,34831,diesel,bengaluru,hatchback,manual,hyundai,grand i10,2,great,False,372099
2020,8502,petrol,bengaluru,,,maruti,new  wagon-r,1,great,False,576599
2010,42663,petrol & lpg,bengaluru,hatchback,manual,chevrolet,spark,1,good,False,186099
2012,16737,petrol,bengaluru,hatchback,,tata,nano,2,great,False,122099
2016,9146,petrol,bengaluru,hatchback,automatic,maruti,celerio,2,great,False,452099
2015,22996,petrol,bengaluru,sedan,manual,hyundai,verna,1,great,False,650799
2012,52636,petrol,bengaluru,hatchback,manual,chevrolet,beat,1,great,False,257499
2013,29482,petrol,bengaluru,hatchback,manual,hyundai,eon,1,great,False,271199
2013,37821,petrol,bengaluru,hatchback,manual,maruti,alto 800,1,great,False,267399
2018,20552,petrol & lpg,bengaluru,suv,,maruti,omni e,1,great,False,309599
2020,4001,petrol,bengaluru,hatchback,,maruti,alto,1,great,False,404399
2017,10661,petrol,bengaluru,hatchback,manual,honda,jazz,1,great,False,601299
2016,30997,petrol,bengaluru,hatchback,manual,renault,kwid,1,great,False,305999
2014,37541,petrol,bengaluru,sedan,manual,maruti,swift dzire,1,great,False,485999
2009,26432,petrol,bengaluru,hatchback,manual,maruti,alto,1,great,False,220299
2010,48772,petrol,bengaluru,hatchback,manual,maruti,alto k10,3,great,False,208199
2014,10441,petrol,bengaluru,hatchback,manual,hyundai,elite i20,1,great,False,512499
2019,13484,petrol,bengaluru,hatchback,,renault,kwid,1,great,False,398099
2011,59498,petrol,bengaluru,hatchback,manual,ford,figo,1,great,False,291599
2017,29343,petrol,bengaluru,hatchback,manual,honda,jazz,1,great,False,591999
2019,10412,petrol,bengaluru,hatchback,manual,maruti,celerio,1,great,False,476499
2018,33823,petrol,bengaluru,hatchback,,renault,kwid,1,great,False,405299
2013,42474,diesel,bengaluru,hatchback,manual,ford,figo,1,great,False,368399
2011,54590,petrol,bengaluru,sedan,manual,toyota,etios,1,great,False,393199
2019,8721,petrol,bengaluru,hatchback,manual,maruti,baleno,1,great,False,660999
2017,15912,petrol,bengaluru,hatchback,manual,hyundai,grand i10,1,great,False,483199
2018,24289,petrol,bengaluru,hatchback,,maruti,swift,1,great,False,638899
2015,25667,petrol,bengaluru,hatchback,manual,tata,bolt,1,great,False,343299
2013,53501,diesel,bengaluru,suv,manual,mahindra,quanto,1,great,False,397999
2018,22088,petrol,bengaluru,hatchback,manual,tata,tiago,1,great,False,530599
2014,21026,petrol,bengaluru,hatchback,manual,maruti,swift,1,great,False,540799
2020,862,petrol,bengaluru,hatchback,,toyota,glanza,1,great,False,893299
2018,41383,petrol,bengaluru,hatchback,manual,maruti,celerio,1,great,True,404499
2015,45210,petrol,bengaluru,hatchback,automatic,tata,nano,3,great,False,210599
2011,53218,diesel,bengaluru,suv,manual,mahindra,scorpio,1,great,False,540399
2014,55172,petrol,bengaluru,hatchback,manual,maruti,swift,1,great,False,494899
2016,32084,petrol,bengaluru,sedan,manual,honda,city,2,great,False,637099
2017,27457,diesel,bengaluru,suv,manual,maruti,ertiga,1,great,False,644599
2019,10350,petrol,bengaluru,hatchback,manual,maruti,swift,1,great,False,544199
2018,1943,petrol,bengaluru,hatchback,,volkswagen,polo,1,great,False,560799
2019,4538,petrol,bengaluru,,,hyundai,new santro,1,great,False,566999
2014,64595,petrol,bengaluru,sedan,manual,hyundai,verna,1,great,False,561199
2015,32531,petrol,bengaluru,hatchback,manual,hyundai,grand i10,1,great,False,488399
2017,5258,petrol,bengaluru,hatchback,manual,maruti,baleno,2,great,False,630699
2016,9251,petrol,bengaluru,hatchback,automatic,tata,nano,1,good,False,264399
2012,59779,petrol,bengaluru,hatchback,manual,ford,figo,2,great,False,331399
2015,43203,petrol,bengaluru,sedan,manual,maruti,swift dzire,3,great,False,433099
2012,38309,petrol,bengaluru,sedan,manual,honda,city,1,great,False,511699
2010,53440,petrol,bengaluru,hatchback,manual,ford,figo,1,good,False,303799
2016,34441,petrol,bengaluru,sedan,manual,maruti,ciaz,1,great,False,647599
2016,60212,petrol,bengaluru,luxury sedan,automatic,toyota,corolla altis,2,great,False,979899
2016,34642,diesel,bengaluru,hatchback,manual,volkswagen,polo,1,great,False,639299
2014,47469,petrol,bengaluru,hatchback,manual,maruti,swift,1,great,False,510799
2017,18822,petrol,bengaluru,hatchback,manual,maruti,baleno,1,great,False,597399
2018,11201,petrol,bengaluru,hatchback,,tata,tiago,1,great,False,563999
2012,53321,petrol,bengaluru,sedan,manual,honda,city,1,great,False,523699
2019,20413,diesel,bengaluru,hatchback,manual,maruti,baleno,1,great,False,928599
2015,51020,petrol,bengaluru,sedan,manual,honda,city,1,great,False,727999
2018,17773,diesel,bengaluru,suv,,mahindra,bolero,1,great,False,660099
2020,16594,diesel,bengaluru,,,mahindra,marazzo,1,great,False,1262296
2012,31349,diesel,bengaluru,sedan,manual,skoda,rapid,1,good,False,474599
2011,68541,petrol,bengaluru,sedan,manual,hyundai,verna,2,great,False,487499
2015,37447,diesel,bengaluru,suv,manual,maruti,ertiga,1,great,False,787599
2019,8946,petrol,bengaluru,hatchback,,tata,tiago,1,great,False,605899
2011,102067,diesel,bengaluru,suv,manual,mahindra,scorpio,2,great,False,434299
2015,50651,diesel,bengaluru,sedan,manual,volkswagen,vento,2,great,False,577799
2015,48411,diesel,bengaluru,suv,manual,ford,ecosport,1,great,False,713499
2012,92929,petrol,bengaluru,hatchback,manual,hyundai,i10,2,great,False,279299
2009,28981,petrol,bengaluru,hatchback,manual,maruti,zen estilo,1,great,False,232699
2010,71886,petrol,bengaluru,hatchback,manual,ford,figo,3,great,False,229799
2010,62284,petrol,bengaluru,hatchback,manual,honda,jazz,1,good,False,326699
2019,2795,petrol,bengaluru,,,mg,hector,1,great,False,1716899
2019,5175,diesel,bengaluru,suv,,tata,nexon ,1,great,False,860699
2017,63366,diesel,bengaluru,luxury suv,automatic,mahindra,xuv500,1,great,False,1322599
2019,12194,petrol,bengaluru,hatchback,manual,hyundai,elite i20,2,great,False,760599
2018,12750,petrol,bengaluru,hatchback,automatic,maruti,baleno,1,great,False,822799
2018,16565,diesel,bengaluru,suv,manual,maruti,vitara brezza,1,great,False,835399
2016,37032,diesel,bengaluru,suv,automatic,renault,duster,1,great,False,855799
2012,94180,diesel,bengaluru,sedan,manual,hyundai,verna,1,great,False,480099
2015,22558,diesel,bengaluru,suv,manual,renault,duster,1,great,False,731799
2019,1424,petrol,bengaluru,suv,manual,tata,nexon ,1,great,False,810499
2018,19301,diesel,bengaluru,sedan,manual,maruti,dzire,1,great,False,714599
2014,58378,petrol,bengaluru,suv,manual,maruti,ertiga,2,great,False,511199
2016,29947,petrol,bengaluru,hatchback,manual,volkswagen,polo,1,great,False,723299
2019,5211,petrol,bengaluru,hatchback,manual,hyundai,elite i20,1,great,False,775899
2015,60330,diesel,bengaluru,hatchback,manual,volkswagen,polo,1,great,False,589299
2016,48538,diesel,bengaluru,hatchback,manual,volkswagen,polo,1,great,False,735299
2012,84840,diesel,bengaluru,sedan,manual,volkswagen,vento,3,great,False,362599
2016,49903,petrol,bengaluru,suv,manual,maruti,ertiga,1,great,False,710199
2016,23293,diesel,bengaluru,suv,automatic,renault,duster,1,great,False,819799
2011,84567,petrol,bengaluru,sedan,manual,honda,city,1,great,False,411399
2010,97059,petrol,bengaluru,hatchback,manual,hyundai,i20,2,great,False,313399
2007,118121,petrol,bengaluru,hatchback,manual,maruti,zen estilo,1,great,False,138499
2010,80771,petrol,bengaluru,hatchback,manual,nissan,micra,3,great,False,256399
2015,41249,petrol,bengaluru,sedan,manual,honda,city,1,great,False,768599
2017,23384,petrol,bengaluru,suv,automatic,renault,duster,1,great,False,818699
2009,98364,petrol,bengaluru,hatchback,manual,hyundai,i10,2,great,False,228599
2018,9831,petrol,bengaluru,sedan,manual,honda,city,1,great,False,872599
2013,73366,diesel,bengaluru,sedan,manual,skoda,rapid,1,great,False,463099
2016,61191,petrol,bengaluru,hatchback,manual,maruti,swift,2,great,False,446799
2012,77208,diesel,bengaluru,hatchback,manual,volkswagen,polo,1,great,False,404199
2019,37231,petrol,bengaluru,hatchback,manual,maruti,baleno,1,great,False,621699
2018,33834,diesel,bengaluru,luxury suv,,mahindra,xuv500,1,great,False,1566099
2008,103319,petrol,bengaluru,sedan,manual,hyundai,accent,3,great,False,180499
2016,83418,diesel,bengaluru,suv,automatic,renault,duster,1,great,False,788299
2019,19605,petrol,bengaluru,suv,automatic,tata,nexon ,1,great,False,880499
2014,67946,petrol,bengaluru,hatchback,manual,maruti,wagon r 1.0,1,great,False,408899
2015,68359,diesel,bengaluru,luxury suv,automatic,toyota,fortuner,1,great,False,1959297
2018,40302,diesel,bengaluru,suv,,hyundai,creta,1,great,False,976899
2008,94711,petrol,bengaluru,sedan,manual,maruti,sx4,2,great,False,250799
2019,9236,petrol,bengaluru,suv,,ford,ecosport,1,great,False,988099
2009,126624,diesel,bengaluru,luxury suv,manual,toyota,fortuner,3,great,False,859699
2015,62730,diesel,bengaluru,luxury suv,manual,mahindra,xuv500,1,great,False,988599
2015,65477,diesel,bengaluru,luxury suv,manual,mahindra,xuv500,1,great,False,1067770
2012,94106,petrol,bengaluru,hatchback,manual,hyundai,i10,2,great,False,267799
2011,88446,diesel,bengaluru,sedan,manual,volkswagen,jetta,4,good,False,303099
2015,57322,diesel,bengaluru,luxury suv,manual,mahindra,xuv500,1,great,False,977499
2017,80797,diesel,bengaluru,luxury suv,automatic,mahindra,xuv500,1,great,False,1322391
2015,72406,diesel,bengaluru,suv,,hyundai,creta,1,great,False,1015553
2011,104496,diesel,bengaluru,suv,manual,tata,aria,2,great,False,335199
2019,37382,diesel,bengaluru,hatchback,manual,volkswagen,polo,1,great,False,855899
2016,82343,petrol,bengaluru,suv,manual,maruti,ertiga,1,great,False,680299
2013,85984,petrol,bengaluru,hatchback,manual,chevrolet,beat,1,great,False,205499
2012,154914,diesel,bengaluru,luxury sedan,manual,skoda,laura,2,great,False,448099
2016,97002,petrol,bengaluru,luxury sedan,automatic,skoda,superb,2,great,False,1316099
2014,57954,diesel,bengaluru,luxury suv,manual,mahindra,xuv500,2,great,False,881499
2015,41828,diesel,bengaluru,luxury sedan,manual,mercedes benz,cla class,1,great,False,1901828
2015,105937,petrol,bengaluru,hatchback,manual,honda,jazz,2,great,False,467899
2009,106551,diesel,bengaluru,sedan,manual,ford,fiesta,2,good,False,187199
2014,186392,diesel,bengaluru,suv,manual,toyota,innova,2,great,False,1030097
2016,97092,diesel,bengaluru,hatchback,manual,maruti,swift,1,great,False,571899
2009,204972,petrol,bengaluru,sedan,automatic,honda,city,1,great,False,393799
2014,63529,diesel,bengaluru,luxury sedan,manual,toyota,corolla altis,1,great,False,944299
2014,94495,diesel,bengaluru,luxury suv,manual,mahindra,xuv500,1,great,False,768399
2013,120349,diesel,bengaluru,luxury suv,manual,mahindra,xuv500,1,great,False,769999
2012,120240,diesel,bengaluru,sedan,manual,skoda,rapid,1,good,False,387899
2014,160426,diesel,bengaluru,sedan,manual,toyota,etios,2,great,False,411199
2016,131550,diesel,bengaluru,suv,manual,maruti,ertiga,1,great,False,699599
2014,113456,petrol,bengaluru,suv,manual,nissan,terrano,1,great,False,470199
2008,34661,petrol,bengaluru,hatchback,manual,hyundai,santro xing,3,good,False,180000
2014,32945,petrol,bengaluru,hatchback,manual,maruti,swift,2,great,False,480000
2005,51935,petrol,bengaluru,hatchback,manual,maruti,zen,2,great,False,130000
2009,80189,diesel,bengaluru,hatchback,manual,fiat,grand punto,1,fair,False,210000
2008,55392,petrol,bengaluru,sedan,manual,mahindra renault,logan,4,,False,150000
2018,41940,diesel,bengaluru,suv,manual,maruti,s cross,1,great,False,850000
2010,42481,petrol,bengaluru,sedan,manual,fiat,linea,2,good,False,257499
2018,19385,petrol,bengaluru,hatchback,manual,maruti,celerio,1,great,False,453599
2016,21465,petrol,bengaluru,suv,manual,renault,duster,1,great,False,684899
2018,6126,petrol,bengaluru,hatchback,manual,renault,kwid,1,great,False,335999
2019,3430,petrol,bengaluru,hatchback,manual,maruti,swift,1,great,False,558899
2017,22333,petrol,bengaluru,hatchback,,tata,tiago,2,great,False,515899
2013,42627,petrol,bengaluru,sedan,manual,hyundai,verna,1,great,False,540899
2016,9475,petrol,bengaluru,hatchback,manual,hyundai,i20 active,1,great,False,679499
2017,20911,petrol,bengaluru,hatchback,automatic,maruti,baleno,1,great,False,684499
2013,44515,petrol,bengaluru,hatchback,automatic,maruti,a star,2,great,False,345199
2020,3263,diesel,bengaluru,suv,,mahindra,scorpio,1,great,False,1309766
2014,51643,electric,bengaluru,hatchback,manual,mahindra,reva,1,great,False,258999
2018,9004,petrol,bengaluru,sedan,manual,honda,amaze,1,great,False,612199
2017,65269,diesel,bengaluru,hatchback,manual,hyundai,elite i20,1,great,False,727399
2018,22938,petrol,bengaluru,hatchback,manual,volkswagen,polo,1,great,False,632199
2018,16964,petrol,bengaluru,,,ford,freestyle,1,great,False,634099
2011,74600,diesel,bengaluru,sedan,manual,hyundai,verna,1,great,False,467099
2015,57087,petrol,bengaluru,hatchback,manual,datsun,go plus,2,great,False,232899
2017,21687,diesel,bengaluru,suv,manual,maruti,vitara brezza,1,great,False,772799
2010,70204,petrol,bengaluru,hatchback,manual,ford,figo,4,fair,False,225599
2016,50066,diesel,bengaluru,suv,manual,mahindra,kuv100,2,great,False,422599
2019,15457,petrol,bengaluru,,,kia,seltos,1,great,False,1641099
2013,126789,diesel,bengaluru,suv,manual,toyota,innova,2,great,False,729399
2013,30121,diesel,bengaluru,suv,manual,toyota,innova,1,great,False,991199
1999,48999,petrol,bengaluru,hatchback,manual,hyundai,santro,1,overpriced,False,26000
2007,60084,petrol,bengaluru,hatchback,manual,hyundai,santro xing,1,good,False,175000
2012,127069,diesel,bengaluru,suv,manual,maruti,ertiga,1,good,True,500000
2004,98218,petrol,bengaluru,sedan,manual,hyundai,accent,2,overpriced,False,92000
2013,62536,petrol,bengaluru,hatchback,manual,nissan,micra,3,good,False,280000
2016,37682,petrol,bengaluru,hatchback,manual,maruti,baleno,1,great,True,650000
2017,28239,petrol,bengaluru,luxury sedan,manual,toyota,camry,1,good,True,2024000
2012,37162,petrol,bengaluru,hatchback,manual,maruti,alto 800,2,good,False,220000
2012,62812,petrol,bengaluru,hatchback,manual,maruti,alto k10,2,great,False,160000
2016,42013,diesel,bengaluru,,,honda,jazz,1,fair,False,677000
2010,57886,petrol,bengaluru,hatchback,manual,maruti,alto,2,great,False,182000
2011,49947,petrol,bengaluru,hatchback,manual,maruti,ritz,2,fair,False,350000
2009,106839,diesel,bengaluru,luxury sedan,automatic,bmw,3 series,1,great,False,700000
2008,86895,petrol,bengaluru,hatchback,automatic,hyundai,santro xing,1,good,False,185000
2005,201521,diesel,bengaluru,suv,manual,toyota,innova,2,fair,False,425000
2017,66419,diesel,bengaluru,sedan,manual,maruti,ciaz,1,great,False,738000
2018,16772,diesel,bengaluru,suv,manual,maruti,ertiga,1,good,False,871000
2015,21425,petrol,bengaluru,suv,manual,honda,mobilio,1,fair,False,800000
2011,62597,diesel,bengaluru,sedan,manual,hyundai,verna,3,fair,False,540000
2011,185551,diesel,bengaluru,suv,manual,mahindra,xylo,2,fair,False,200000
2012,119365,diesel,bengaluru,sedan,manual,maruti,swift dzire,2,good,False,450000
2011,278515,diesel,bengaluru,hatchback,manual,mahindra,verito,2,good,False,70000
2010,82940,petrol,bengaluru,hatchback,manual,maruti,wagon r 1.0,1,overpriced,False,230000
2012,170513,diesel,bengaluru,luxury suv,manual,toyota,fortuner,1,fair,False,1050000
2007,154855,diesel,bengaluru,sedan,manual,hyundai,verna,1,fair,False,216000
2007,101003,petrol,bengaluru,hatchback,manual,hyundai,santro xing,1,good,False,170000
2010,91342,diesel,bengaluru,luxury sedan,automatic,bmw,3 series,2,fair,False,855000
2020,3500,petrol,new delhi,hatchback,,maruti,s presso,1,great,False,404699
2018,5441,petrol,new delhi,hatchback,,maruti,alto k10,2,great,False,379199
2017,9036,petrol,new delhi,hatchback,,maruti,alto k10,1,great,False,344999
2010,26517,petrol,new delhi,hatchback,manual,maruti,alto k10,2,great,False,168799
2011,20354,petrol,new delhi,hatchback,manual,maruti,alto k10,1,great,False,219199
2015,10957,petrol,new delhi,hatchback,manual,maruti,alto k10,1,great,False,308899
2015,17007,petrol,new delhi,hatchback,automatic,maruti,wagon r 1.0,1,great,False,355399
2016,14927,petrol,new delhi,hatchback,manual,maruti,alto 800,1,great,False,270699
2015,19044,petrol,new delhi,hatchback,manual,maruti,alto k10,1,great,False,280799
2014,33561,petrol,new delhi,hatchback,manual,hyundai,grand i10,1,great,False,349899
2014,35238,petrol,new delhi,hatchback,manual,hyundai,grand i10,1,great,False,367099
2018,17101,petrol,new delhi,hatchback,manual,maruti,wagon r 1.0,1,great,False,368599
2012,30589,diesel,new delhi,hatchback,manual,maruti,swift,1,great,False,325699
2017,9867,petrol,new delhi,hatchback,manual,maruti,baleno,1,great,False,586199
2014,24708,petrol,new delhi,hatchback,manual,maruti,swift,1,great,False,407999
2020,14468,petrol,new delhi,hatchback,,volkswagen,polo,1,great,False,653199
2012,35969,diesel,new delhi,hatchback,manual,maruti,swift,1,great,False,326799
2014,22306,petrol,new delhi,hatchback,manual,maruti,alto k10,1,great,False,282599
2010,30754,petrol,new delhi,hatchback,manual,maruti,alto,1,great,False,172999
2012,39099,diesel,new delhi,hatchback,manual,maruti,swift,1,great,False,293999
2016,16906,petrol,new delhi,hatchback,manual,maruti,baleno,1,great,False,512499
2012,42478,diesel,new delhi,sedan,manual,maruti,swift dzire,2,great,False,345599
2012,35139,petrol,new delhi,hatchback,manual,maruti,alto k10,2,great,False,201699
2013,23634,petrol,new delhi,hatchback,manual,maruti,wagon r 1.0,1,great,False,303199
2017,21951,petrol,new delhi,hatchback,manual,hyundai,elite i20,1,great,False,563799
2013,54237,diesel,new delhi,hatchback,manual,maruti,ritz,1,great,False,251199
2017,16337,petrol,new delhi,hatchback,manual,hyundai,grand i10,1,great,False,394399
2018,22957,petrol & cng,new delhi,suv,manual,maruti,eeco,1,great,False,357799
2018,5851,petrol,new delhi,hatchback,manual,maruti,alto 800,1,great,False,315099
2020,5644,petrol,new delhi,hatchback,manual,maruti,alto,1,great,False,347299
2013,43896,petrol,new delhi,hatchback,manual,hyundai,grand i10,1,great,False,366799
2015,37714,petrol,new delhi,hatchback,automatic,honda,brio,1,great,False,409899
2019,13026,petrol,new delhi,hatchback,manual,maruti,alto k10,2,great,False,360999
2012,47253,diesel,new delhi,sedan,manual,maruti,swift dzire,1,great,False,329599
2015,39904,petrol,new delhi,hatchback,manual,maruti,alto k10,1,great,False,256699
2015,41175,petrol,new delhi,hatchback,manual,honda,brio,2,great,False,345399
2014,44012,petrol,new delhi,hatchback,manual,hyundai,eon,1,great,False,214299
2013,25909,petrol,new delhi,hatchback,manual,hyundai,eon,2,great,False,216599
2012,52072,diesel,new delhi,sedan,manual,maruti,swift dzire,1,great,False,382699
2011,65478,petrol,new delhi,hatchback,manual,maruti,alto,1,good,False,145699
2013,46949,diesel,new delhi,hatchback,manual,volkswagen,polo,1,great,False,360399
2011,28153,petrol,new delhi,hatchback,manual,maruti,swift,1,great,False,282799
2014,46001,petrol,new delhi,hatchback,manual,maruti,swift,2,great,False,349799
2014,37134,petrol,new delhi,hatchback,manual,maruti,alto 800,1,great,False,264499
2011,56073,petrol,new delhi,sedan,manual,honda,city,1,great,False,344999
2013,49117,diesel,new delhi,hatchback,manual,maruti,swift,1,great,False,335399
2012,49510,diesel,new delhi,sedan,manual,maruti,swift dzire,1,great,False,346899
2009,31579,petrol,new delhi,hatchback,manual,maruti,alto,1,good,False,168999
2008,22357,petrol,new delhi,hatchback,manual,maruti,alto,1,good,False,145899
2016,33510,petrol,new delhi,hatchback,manual,maruti,alto 800,1,great,False,271999
2014,28652,diesel,new delhi,hatchback,manual,maruti,swift,1,great,False,380599
2015,38464,diesel,new delhi,sedan,manual,maruti,ciaz,1,great,False,558699
2010,41832,petrol,new delhi,hatchback,manual,maruti,ritz,1,great,False,266599
2009,34845,petrol,new delhi,hatchback,manual,hyundai,i10,1,good,False,187999
2014,42796,petrol,new delhi,hatchback,manual,maruti,alto 800,1,great,False,247199
2010,50313,petrol,new delhi,hatchback,manual,maruti,ritz,1,great,False,209299
2015,34254,petrol,new delhi,hatchback,manual,hyundai,elite i20,1,great,False,465299
2012,48710,petrol,new delhi,hatchback,manual,honda,brio,1,great,False,265299
2013,42679,diesel,new delhi,sedan,manual,maruti,swift dzire,1,great,False,351799
2017,27073,petrol,new delhi,hatchback,manual,maruti,baleno,1,great,False,566199
2010,55003,petrol,new delhi,hatchback,manual,maruti,ritz,1,great,False,191399
2014,53164,diesel,new delhi,hatchback,manual,maruti,swift,1,great,False,355299
2016,43386,petrol,new delhi,hatchback,automatic,maruti,celerio,1,great,False,361499
2014,53663,petrol,new delhi,hatchback,manual,hyundai,grand i10,2,great,False,325099
2015,34823,petrol,new delhi,hatchback,manual,maruti,wagon r 1.0,2,great,False,309199
2018,19748,petrol,new delhi,hatchback,manual,maruti,alto 800,1,great,False,262499
2009,28685,petrol,new delhi,hatchback,manual,maruti,swift,1,great,False,215499
2015,52427,petrol,new delhi,hatchback,manual,honda,brio,1,great,False,354199
2014,53009,petrol,new delhi,sedan,manual,maruti,swift dzire,1,great,False,393099
2010,49466,petrol,new delhi,sedan,manual,maruti,swift dzire,1,good,False,256199
2014,42596,diesel,new delhi,sedan,manual,hyundai,verna,1,great,False,446599
2012,61164,diesel,new delhi,sedan,manual,maruti,swift dzire,1,great,False,321499
2013,47738,diesel,new delhi,hatchback,manual,maruti,swift,1,great,False,311599
2015,46683,petrol,new delhi,hatchback,manual,maruti,alto k10,1,great,False,271299
2011,36078,petrol,new delhi,sedan,manual,honda,city,2,good,False,340899
2018,23900,petrol,new delhi,hatchback,manual,maruti,alto 800,1,great,False,290599
2019,14473,petrol,new delhi,hatchback,manual,renault,kwid,1,great,False,354199
2016,50698,petrol,new delhi,hatchback,manual,renault,kwid,1,great,False,249899
2009,39300,petrol,new delhi,hatchback,manual,maruti,alto,1,great,False,136099
2015,33553,petrol,new delhi,hatchback,manual,hyundai,elite i20,1,great,False,565599
2020,9197,diesel,new delhi,,,kia,seltos,1,great,False,1452984
2013,55995,diesel,new delhi,sedan,manual,maruti,swift dzire,1,great,False,387899
2016,29262,diesel,new delhi,suv,manual,maruti,vitara brezza,1,great,False,665099
2015,46856,diesel,new delhi,hatchback,manual,maruti,swift,1,great,False,406399
2012,56552,diesel,new delhi,sedan,manual,maruti,swift dzire,1,great,False,320799
2018,24808,petrol,new delhi,hatchback,manual,hyundai,grand i10,1,great,False,470299
2015,22781,petrol,new delhi,hatchback,manual,hyundai,eon,2,good,False,253799
2017,42709,petrol,new delhi,hatchback,manual,maruti,wagon r 1.0,1,great,False,347399
2017,39458,petrol,new delhi,hatchback,manual,maruti,wagon r 1.0,1,great,False,347899
2016,57749,petrol,new delhi,hatchback,manual,hyundai,grand i10,1,great,True,393599
2015,54409,diesel,new delhi,hatchback,manual,maruti,swift,1,great,True,412399
2014,48201,petrol,new delhi,sedan,manual,honda,city,2,great,False,502199
2016,37767,diesel,new delhi,suv,manual,maruti,vitara brezza,1,great,False,666499
2012,51369,petrol,new delhi,hatchback,manual,honda,jazz,2,great,False,291199
2012,57730,diesel,new delhi,sedan,manual,maruti,swift dzire,1,great,False,326199
2015,50367,petrol,new delhi,hatchback,manual,hyundai,i10,1,great,False,292699
2009,40894,petrol,new delhi,hatchback,manual,hyundai,i10,1,good,False,187199
2012,61443,diesel,new delhi,hatchback,manual,toyota,etios liva,1,great,False,323099
2010,46622,petrol,new delhi,hatchback,manual,maruti,ritz,3,good,False,174999
2014,58341,petrol,new delhi,hatchback,manual,hyundai,grand i10,1,great,False,363699
2014,61465,petrol,new delhi,hatchback,manual,hyundai,grand i10,1,great,False,366199
2014,59731,petrol,new delhi,hatchback,manual,hyundai,grand i10,1,great,False,352199
2015,47354,petrol,new delhi,hatchback,manual,hyundai,elite i20,1,great,False,554599
2012,74046,petrol,new delhi,hatchback,manual,maruti,alto,1,good,False,177699
2016,39122,petrol,new delhi,sedan,manual,maruti,ciaz,1,great,False,643199
2017,36027,diesel,new delhi,sedan,manual,maruti,ciaz,1,great,False,602099
2012,68582,diesel,new delhi,hatchback,manual,toyota,etios liva,1,great,False,267599
2016,34487,petrol,new delhi,hatchback,manual,maruti,alto k10,1,great,False,294299
2012,75004,diesel,new delhi,sedan,manual,maruti,swift dzire,1,great,False,304999
2013,56654,petrol,new delhi,sedan,manual,honda,city,1,great,False,425799
2015,64475,diesel,new delhi,hatchback,manual,maruti,ritz,1,great,False,301599
2017,36929,petrol,new delhi,hatchback,manual,maruti,alto k10,2,great,False,268199
2019,14151,diesel,new delhi,suv,manual,maruti,vitara brezza,2,great,False,756999
2017,33597,petrol,new delhi,hatchback,manual,maruti,baleno,1,great,False,542899
2017,34381,petrol,new delhi,hatchback,manual,maruti,alto k10,1,great,False,297699
2018,26548,petrol,new delhi,hatchback,manual,hyundai,elite i20,2,great,True,505999
2013,51981,diesel,new delhi,suv,manual,maruti,ertiga,1,great,False,470499
2015,59466,petrol,new delhi,hatchback,manual,hyundai,elite i20,1,great,False,528399
2011,28912,petrol,new delhi,hatchback,manual,hyundai,i10,3,good,False,242899
2016,66519,petrol,new delhi,hatchback,manual,volkswagen,polo,2,great,False,341999
2017,65993,diesel,new delhi,hatchback,manual,hyundai,grand i10,1,great,False,407299
2016,59746,petrol,new delhi,hatchback,manual,tata,tiago,1,great,False,399099
2015,55561,petrol,new delhi,hatchback,manual,volkswagen,polo,1,great,False,400499
2012,51551,petrol,new delhi,hatchback,manual,honda,brio,1,good,False,276799
2015,58080,diesel,new delhi,hatchback,manual,hyundai,elite i20,2,great,True,526699
2011,39300,petrol,new delhi,hatchback,manual,maruti,zen estilo,2,good,False,206999
2014,57598,diesel,new delhi,sedan,manual,hyundai,xcent,1,great,False,320399
2009,46177,petrol,new delhi,hatchback,manual,maruti,alto,1,good,False,137699
2015,47357,diesel,new delhi,luxury suv,manual,mahindra,xuv500,2,great,False,739699
2017,39891,diesel,new delhi,suv,manual,maruti,vitara brezza,3,great,False,601299
2009,35305,petrol,new delhi,hatchback,manual,hyundai,i10,1,good,False,200899
2012,95472,diesel,new delhi,sedan,manual,maruti,swift dzire,1,great,False,295099
2016,43702,diesel,new delhi,hatchback,manual,maruti,baleno,1,great,True,500499
2016,42210,diesel,new delhi,suv,manual,maruti,vitara brezza,2,great,False,655399
2015,69039,diesel,new delhi,sedan,manual,maruti,swift dzire,1,great,False,434799
2015,63642,diesel,new delhi,hatchback,manual,maruti,swift,1,great,False,401199
2012,68930,diesel,new delhi,sedan,manual,maruti,swift dzire,1,great,False,312499
2013,82296,petrol,new delhi,sedan,manual,hyundai,verna,2,great,False,476099
2014,64031,diesel,new delhi,hatchback,manual,maruti,swift,1,great,False,411299
2012,44269,petrol,new delhi,hatchback,manual,hyundai,i10,1,good,False,272999
2016,68510,petrol,new delhi,hatchback,manual,tata,tiago,1,great,False,346999
2013,66769,petrol,new delhi,hatchback,manual,hyundai,grand i10,1,great,False,311699
2016,27806,petrol,new delhi,hatchback,manual,renault,kwid,2,good,False,270399
2015,62123,diesel,new delhi,suv,manual,maruti,s cross,1,great,False,563899
2009,48058,petrol,new delhi,sedan,manual,maruti,swift dzire,1,good,False,222499
2019,32575,diesel,new delhi,suv,manual,maruti,vitara brezza,1,great,False,739599
2016,58586,diesel,new delhi,suv,manual,maruti,vitara brezza,1,great,False,572299
2015,64935,petrol,new delhi,hatchback,automatic,maruti,celerio,1,great,False,360199
2009,73461,petrol,new delhi,hatchback,manual,maruti,a star,1,great,False,166199
2019,17555,diesel,new delhi,suv,manual,maruti,vitara brezza,1,great,False,869399
2012,72105,diesel,new delhi,sedan,manual,maruti,swift dzire,1,great,False,374999
2016,52934,petrol,new delhi,hatchback,,maruti,baleno,1,great,False,510899
2013,67401,diesel,new delhi,hatchback,manual,toyota,etios liva,1,great,False,311399
2014,40902,petrol,new delhi,hatchback,manual,hyundai,eon,2,good,False,227499
2013,69171,diesel,new delhi,sedan,manual,maruti,swift dzire,1,great,False,347199
2020,15981,petrol,new delhi,sedan,,honda,city,1,great,False,1074335
2012,75435,diesel,new delhi,sedan,manual,maruti,swift dzire,1,great,False,307699
2013,41465,petrol,new delhi,hatchback,manual,maruti,alto 800,1,good,False,231299
2016,44010,petrol,new delhi,hatchback,manual,renault,kwid,1,great,False,253999
2017,36073,diesel,new delhi,suv,manual,maruti,vitara brezza,1,great,False,754799
2017,82917,petrol,new delhi,hatchback,manual,maruti,baleno,1,great,False,458399
2015,61227,petrol,new delhi,hatchback,manual,hyundai,elite i20,1,great,False,444299
2013,62602,diesel,new delhi,sedan,manual,maruti,swift dzire,1,great,False,345799
2016,52703,diesel,new delhi,suv,manual,maruti,vitara brezza,1,great,False,630599
2011,60489,petrol,new delhi,sedan,manual,maruti,swift dzire,1,good,False,269199
2015,58072,petrol,new delhi,suv,manual,hyundai,creta,1,great,False,738899
2014,64201,petrol,new delhi,hatchback,manual,hyundai,grand i10,1,great,False,367199
2015,24519,petrol,new delhi,suv,manual,hyundai,creta,2,great,False,783299
2012,115605,diesel,new delhi,hatchback,manual,maruti,swift,1,great,False,291599
2015,56205,petrol,new delhi,hatchback,manual,hyundai,elite i20,1,great,False,476499
2008,110793,petrol,new delhi,sedan,manual,maruti,swift dzire,1,great,False,169899
2018,20241,petrol,new delhi,suv,,hyundai,creta,1,great,False,1296131
2010,35644,petrol,new delhi,hatchback,manual,hyundai,i10,1,good,False,292699
2016,71565,petrol,new delhi,hatchback,manual,renault,kwid,1,good,False,259699
2015,73484,diesel,new delhi,hatchback,manual,maruti,celerio,2,great,False,248899
2016,73912,petrol,new delhi,hatchback,manual,hyundai,grand i10,1,great,False,404499
2014,71085,petrol,new delhi,sedan,manual,maruti,swift dzire,1,great,False,374899
2018,33696,petrol,new delhi,hatchback,manual,renault,kwid,1,great,False,329199
2015,71317,petrol,new delhi,hatchback,manual,honda,brio,3,great,False,271199
2019,15424,diesel,new delhi,suv,manual,maruti,vitara brezza,1,great,False,807899
2014,68299,petrol,new delhi,sedan,manual,maruti,swift dzire,1,great,False,380699
2016,72302,diesel,new delhi,hatchback,manual,maruti,swift,1,great,False,431999
2017,32036,petrol,new delhi,hatchback,manual,renault,kwid,1,good,False,296299
2013,72772,diesel,new delhi,sedan,manual,maruti,swift dzire,1,great,False,289799
2016,47603,diesel,new delhi,sedan,,maruti,ciaz,1,great,False,529699
2016,58078,diesel,new delhi,suv,manual,maruti,vitara brezza,1,great,False,689499
2018,48375,petrol,new delhi,hatchback,manual,maruti,alto 800,1,great,False,279899
2010,70239,petrol,new delhi,hatchback,manual,maruti,alto,1,great,False,152499
2015,62045,petrol,new delhi,sedan,manual,honda,amaze,1,great,False,449799
2014,69029,diesel,new delhi,sedan,manual,honda,city,1,great,False,433699
2014,71704,diesel,new delhi,sedan,manual,honda,amaze,1,great,False,365199
2014,53232,petrol,new delhi,hatchback,manual,maruti,wagon r 1.0,1,good,False,293199
2012,84352,diesel,new delhi,hatchback,manual,maruti,swift,1,great,False,326799
2015,75571,diesel,new delhi,sedan,manual,maruti,swift dzire,2,great,False,412799
2010,87755,petrol,new delhi,sedan,manual,honda,city,2,great,False,323799
2017,40514,petrol & cng,new delhi,suv,manual,maruti,eeco,2,great,False,304599
2011,66492,petrol,new delhi,hatchback,manual,hyundai,i10,1,good,False,258999
2012,79776,diesel,new delhi,sedan,manual,maruti,swift dzire,1,great,False,347799
2013,68742,diesel,new delhi,suv,manual,renault,duster,1,good,False,411099
2008,77954,petrol,new delhi,hatchback,manual,maruti,zen estilo,2,good,False,131999
2014,66906,diesel,new delhi,sedan,manual,maruti,swift dzire,2,great,False,391899
2012,80575,diesel,new delhi,hatchback,manual,maruti,ritz,2,great,False,239199
2015,78343,diesel,new delhi,hatchback,manual,hyundai,elite i20,1,great,False,458499
2015,82293,diesel,new delhi,hatchback,manual,maruti,swift,2,great,False,393199
2010,76740,petrol,new delhi,sedan,manual,honda,city,3,great,False,318599
2015,72533,diesel,new delhi,hatchback,manual,maruti,swift,2,great,False,440799
2008,83258,petrol,new delhi,hatchback,manual,maruti,alto,1,good,False,140999
2008,81636,petrol,new delhi,hatchback,manual,maruti,alto,1,good,False,124999
2010,54844,petrol,new delhi,hatchback,manual,maruti,zen estilo,2,good,False,183099
2016,72059,petrol,new delhi,hatchback,manual,maruti,celerio,1,great,False,358899
2014,72907,diesel,new delhi,hatchback,manual,hyundai,elite i20,1,great,False,458099
2013,71184,petrol,new delhi,hatchback,manual,honda,brio,2,great,False,289699
2016,59001,diesel,new delhi,suv,automatic,hyundai,creta,1,great,False,791599
2012,80949,diesel,new delhi,sedan,manual,toyota,etios,1,great,False,275599
2014,67522,diesel,new delhi,suv,manual,renault,duster,2,good,False,409499
2013,65866,diesel,new delhi,sedan,manual,skoda,rapid,1,good,False,370299
2016,45574,diesel,new delhi,suv,,hyundai,creta,1,great,False,750899
2012,97289,diesel,new delhi,hatchback,manual,hyundai,i20,2,great,False,275199
2019,16832,petrol,new delhi,suv,,hyundai,venue,1,great,False,922899
2013,60032,petrol,new delhi,hatchback,manual,hyundai,eon,1,good,False,229399
2018,40769,diesel,new delhi,suv,manual,maruti,vitara brezza,1,great,False,736299
2015,87852,diesel,new delhi,sedan,manual,maruti,swift dzire,1,great,False,380099
2011,82379,petrol,new delhi,hatchback,manual,ford,figo,1,good,False,220999
2015,45613,diesel,new delhi,suv,manual,toyota,innova,1,great,True,966899
2013,69047,diesel,new delhi,suv,manual,toyota,innova,1,great,False,620899
2011,86581,petrol,new delhi,sedan,manual,honda,city,2,great,False,329999
2010,114109,petrol,new delhi,hatchback,manual,maruti,ritz,1,great,False,182099
2019,38213,diesel,new delhi,suv,manual,maruti,vitara brezza,1,great,False,785999
2012,80936,diesel,new delhi,hatchback,manual,maruti,swift,1,great,False,312699
2017,115676,petrol & cng,new delhi,hatchback,manual,maruti,alto 800,1,great,False,279999
2016,67345,diesel,new delhi,suv,manual,maruti,vitara brezza,1,great,False,612299
2017,60966,diesel,new delhi,sedan,manual,maruti,ciaz,1,great,False,602499
2009,75136,petrol,new delhi,hatchback,manual,honda,jazz,2,good,False,218299
2012,86270,petrol,new delhi,sedan,manual,maruti,swift dzire,1,great,False,304199
2018,65305,diesel,new delhi,suv,automatic,hyundai,creta,1,great,False,1281789
2013,76300,diesel,new delhi,sedan,manual,maruti,swift dzire,1,great,False,356699
2013,79116,diesel,new delhi,sedan,manual,maruti,swift dzire,1,great,False,374899
2017,41558,diesel,new delhi,suv,automatic,hyundai,creta,1,great,False,1047974
2013,78090,diesel,new delhi,suv,manual,renault,duster,1,great,False,340199
2015,61207,diesel,new delhi,suv,,hyundai,creta,2,great,False,688999
2015,80599,diesel,new delhi,suv,manual,renault,duster,1,great,False,505799
2011,122742,petrol,new delhi,sedan,manual,honda,city,1,great,False,335499
2012,86194,diesel,new delhi,sedan,manual,maruti,swift dzire,1,great,False,317899
2019,35428,diesel,new delhi,suv,manual,maruti,vitara brezza,1,great,False,797699
2013,70684,diesel,new delhi,hatchback,manual,maruti,swift,1,great,False,358099
2012,98802,diesel,new delhi,sedan,manual,skoda,rapid,2,great,False,246399
2017,100534,petrol & cng,new delhi,suv,manual,maruti,eeco,1,great,True,311899
2015,87341,petrol,new delhi,hatchback,automatic,honda,jazz,2,great,False,454799
2011,106148,petrol,new delhi,sedan,manual,toyota,etios,2,great,False,265799
2011,95427,petrol,new delhi,hatchback,manual,maruti,swift,2,great,False,262399
2012,80206,petrol,new delhi,hatchback,manual,hyundai,i20,1,great,False,310899
2012,81509,diesel,new delhi,sedan,manual,maruti,swift dzire,1,great,False,321199
2013,74820,petrol,new delhi,hatchback,manual,maruti,alto 800,1,good,False,223099
2016,48370,petrol,new delhi,hatchback,manual,renault,kwid,1,good,False,292299
2019,18721,diesel,new delhi,suv,manual,ford,ecosport,1,great,False,937399
2009,98519,petrol,new delhi,hatchback,manual,maruti,zen estilo,1,good,False,167399
2016,100131,diesel,new delhi,suv,manual,mahindra,nuvosport,1,great,False,407499
2008,103127,petrol,new delhi,hatchback,manual,maruti,swift,2,good,False,193199
2016,67987,diesel,new delhi,suv,,hyundai,creta,1,great,False,807099
2014,84232,petrol,new delhi,hatchback,manual,maruti,swift,1,great,False,410299
2016,70187,diesel,new delhi,suv,manual,maruti,vitara brezza,1,great,False,623699
2017,87721,diesel,new delhi,suv,manual,toyota,innova crysta,1,great,False,1331178
2012,94952,diesel,new delhi,hatchback,manual,toyota,etios liva,1,great,False,258799
2011,104139,petrol,new delhi,sedan,manual,honda,city,1,great,False,298699
2010,70679,petrol,new delhi,hatchback,manual,hyundai,i20,2,good,False,233799
2017,79597,diesel,new delhi,suv,manual,honda,wr-v,1,great,False,560599
2018,51456,diesel,new delhi,suv,manual,mahindra,thar,1,great,False,760799
2013,93938,diesel,new delhi,sedan,manual,toyota,etios,2,good,False,296899
2013,86487,petrol,new delhi,sedan,manual,honda,city,2,great,False,414499
2009,81050,petrol,new delhi,hatchback,manual,maruti,a star,2,good,False,173299
2015,86567,diesel,new delhi,hatchback,manual,maruti,swift,1,great,False,393999
2012,95613,diesel,new delhi,hatchback,manual,maruti,swift,1,great,False,307799
2010,84445,petrol,new delhi,sedan,manual,maruti,swift dzire,1,good,False,267499
2012,88559,diesel,new delhi,sedan,manual,hyundai,verna,1,great,False,424499
2018,50930,diesel,new delhi,suv,manual,maruti,vitara brezza,1,great,False,668999
2018,57619,diesel,new delhi,suv,manual,maruti,vitara brezza,1,great,False,678799
2013,76553,diesel,new delhi,hatchback,manual,maruti,ritz,1,great,False,293999
2014,84258,diesel,new delhi,sedan,manual,honda,amaze,1,good,False,328099
2018,52819,petrol,new delhi,luxury sedan,automatic,toyota,corolla altis,1,great,False,1387940
2018,44061,diesel,new delhi,suv,manual,maruti,vitara brezza,1,great,False,738999
2017,80682,diesel,new delhi,suv,automatic,hyundai,creta,1,great,False,1042419
2015,76042,diesel,new delhi,hatchback,manual,maruti,swift,1,great,False,437999
2017,81575,diesel,new delhi,sedan,manual,maruti,ciaz,1,great,False,594899
2008,104926,petrol,new delhi,sedan,manual,toyota,corolla,1,good,False,202499
2011,83626,petrol,new delhi,hatchback,manual,maruti,swift,1,good,False,303599
2017,80717,diesel,new delhi,sedan,automatic,maruti,dzire,1,great,False,593799
2012,113695,diesel,new delhi,sedan,manual,toyota,etios,2,good,False,298699
2016,48126,diesel,new delhi,luxury suv,automatic,mahindra,xuv500,1,great,False,922899
2016,87631,petrol,new delhi,hatchback,manual,renault,kwid,1,great,False,237299
2012,109400,petrol,new delhi,sedan,manual,hyundai,verna,2,great,False,372099
2016,75533,petrol,new delhi,sedan,manual,maruti,ciaz,1,great,False,580899
2018,54617,diesel,new delhi,suv,manual,mahindra,thar,1,great,False,759999
2015,85551,diesel,new delhi,hatchback,manual,maruti,swift,1,great,False,437699
2015,80212,diesel,new delhi,hatchback,manual,maruti,swift,1,great,False,397499
2014,64935,diesel,new delhi,suv,manual,mahindra,scorpio,1,great,False,831399
2013,112188,diesel,new delhi,hatchback,manual,toyota,etios liva,1,great,False,279299
2010,104870,petrol,new delhi,hatchback,manual,maruti,wagon r 1.0,2,good,False,193799
2015,49845,diesel,new delhi,luxury suv,manual,mahindra,xuv500,2,great,False,902799
2016,102888,diesel,new delhi,sedan,manual,maruti,ciaz,1,great,False,515199
2014,82592,diesel,new delhi,sedan,manual,hyundai,verna,2,great,False,464699
2010,117859,petrol,new delhi,sedan,manual,honda,city,1,great,False,296199
2016,78346,diesel,new delhi,suv,manual,maruti,vitara brezza,1,great,False,617899
2016,68907,petrol,new delhi,luxury sedan,automatic,toyota,corolla altis,2,great,False,910099
2013,86148,diesel,new delhi,suv,manual,maruti,ertiga,2,great,False,456999
2014,79282,diesel,new delhi,sedan,manual,maruti,swift dzire,1,great,False,424299
2009,119824,petrol,new delhi,hatchback,manual,maruti,ritz,1,good,False,203599
2015,75248,diesel,new delhi,suv,manual,mahindra,scorpio,1,great,False,774799
2015,88572,diesel,new delhi,suv,manual,nissan,terrano,1,great,False,407299
2013,97984,diesel,new delhi,hatchback,manual,maruti,ritz,1,great,False,220299
2014,82346,diesel,new delhi,hatchback,manual,maruti,swift,1,great,False,371599
2012,102024,diesel,new delhi,hatchback,manual,maruti,swift,1,great,False,302699
2012,133567,diesel,new delhi,sedan,manual,hyundai,verna,2,great,False,309699
2013,79248,diesel,new delhi,sedan,manual,maruti,swift dzire,2,great,False,359699
2012,72293,petrol,new delhi,sedan,automatic,skoda,rapid,3,fair,False,371899
2010,76923,petrol & cng,new delhi,hatchback,manual,maruti,wagon r 1.0,1,good,False,250499
2013,100033,diesel,new delhi,hatchback,manual,maruti,swift,1,great,False,293399
2012,82756,diesel,new delhi,hatchback,manual,toyota,etios liva,2,great,False,229699
2015,90145,diesel,new delhi,suv,manual,mahindra,tuv300,1,great,False,462099
2015,106967,petrol,new delhi,sedan,manual,maruti,swift dzire,1,great,False,345399
2012,92072,diesel,new delhi,sedan,manual,maruti,swift dzire,1,great,False,312999
2014,91630,diesel,new delhi,hatchback,manual,maruti,swift,1,great,False,409299
2014,95770,diesel,new delhi,sedan,manual,maruti,swift dzire,1,great,False,387599
2012,112723,diesel,new delhi,hatchback,manual,maruti,swift,1,great,False,294299
2015,73147,diesel,new delhi,suv,manual,toyota,innova,2,great,False,911199
2013,93165,diesel,new delhi,hatchback,manual,hyundai,i20,3,great,False,319799
2014,89500,diesel,new delhi,sedan,manual,maruti,swift dzire,1,great,False,327899
2012,124471,diesel,new delhi,hatchback,manual,toyota,etios liva,1,good,False,272699
2014,82095,diesel,new delhi,hatchback,manual,fiat,punto evo,1,great,False,291999
2014,83070,diesel,new delhi,sedan,manual,maruti,swift dzire,2,great,False,327399
2012,101605,petrol,new delhi,sedan,manual,maruti,swift dzire,1,great,False,298599
2013,97735,diesel,new delhi,hatchback,manual,toyota,etios liva,1,great,False,317999
2015,76329,diesel,new delhi,hatchback,manual,hyundai,elite i20,1,great,False,457399
2017,95366,diesel,new delhi,sedan,manual,maruti,ciaz,1,great,False,550799
2014,98400,diesel,new delhi,sedan,manual,maruti,swift dzire,1,great,False,358599
2017,103107,diesel,new delhi,sedan,,maruti,ciaz,1,great,False,529099
2015,94410,petrol,new delhi,suv,manual,honda,mobilio,1,great,False,453999
2019,35384,petrol,new delhi,suv,manual,hyundai,creta,2,great,False,893799
2016,107803,diesel,new delhi,hatchback,manual,maruti,baleno,1,great,False,526799
2013,93113,diesel,new delhi,suv,manual,renault,duster,1,great,False,441199
2012,91274,petrol,new delhi,sedan,manual,honda,city,3,great,False,356799
2013,106751,diesel,new delhi,suv,manual,ford,ecosport,1,great,False,399199
2016,98576,diesel,new delhi,suv,,hyundai,creta,1,great,False,679799
2017,86066,diesel,new delhi,suv,manual,maruti,s cross,1,great,False,910399
2008,113355,petrol,new delhi,sedan,manual,honda,city,1,great,False,236699
2009,125179,petrol,new delhi,sedan,manual,honda,city,1,great,False,208299
2015,84778,diesel,new delhi,luxury suv,manual,mahindra,xuv500,2,great,False,742499
2015,91461,diesel,new delhi,hatchback,manual,maruti,swift,1,great,False,427899
2015,96266,diesel,new delhi,hatchback,manual,maruti,swift,1,great,False,418499
2015,99782,diesel,new delhi,sedan,manual,maruti,swift dzire,1,great,False,393599
2013,95866,diesel,new delhi,sedan,manual,volkswagen,vento,1,great,False,327499
2011,131211,petrol & cng,new delhi,luxury sedan,,toyota,corolla altis,2,great,False,399699
2011,110291,petrol,new delhi,hatchback,manual,volkswagen,polo,2,fair,False,231299
2015,122762,diesel,new delhi,hatchback,manual,maruti,swift,1,great,False,396699
2012,101187,diesel,new delhi,hatchback,manual,maruti,ritz,2,great,False,209199
2013,113692,diesel,new delhi,hatchback,manual,hyundai,i20,2,great,False,271399
2010,142754,petrol,new delhi,sedan,manual,honda,city,3,great,False,316099
2013,90510,diesel,new delhi,luxury suv,manual,mahindra,xuv500,1,great,False,478599
2013,107095,diesel,new delhi,suv,manual,ford,ecosport,1,great,False,426399
2013,113303,diesel,new delhi,hatchback,manual,hyundai,i20,2,great,False,331099
2010,107333,petrol,new delhi,hatchback,manual,honda,jazz,2,great,False,239599
2011,114657,petrol,new delhi,hatchback,manual,hyundai,i20,1,good,False,249299
2014,141833,diesel,new delhi,sedan,manual,maruti,swift dzire,2,great,False,297499
2013,108612,diesel,new delhi,suv,manual,ford,ecosport,2,great,False,380399
2015,101538,petrol,new delhi,hatchback,manual,hyundai,elite i20,2,great,False,474999
2015,79084,petrol,new delhi,luxury sedan,manual,toyota,corolla altis,2,great,False,835699
2013,113429,diesel,new delhi,hatchback,manual,maruti,swift,1,great,False,345199
2017,98712,diesel,new delhi,sedan,,maruti,ciaz,1,great,False,585799
2014,100281,petrol,new delhi,suv,manual,ford,ecosport,1,great,False,472599
2015,76940,diesel,new delhi,suv,manual,toyota,innova,2,great,True,793599
2012,114962,diesel,new delhi,sedan,manual,maruti,swift dzire,1,great,False,342599
2014,137256,diesel,new delhi,sedan,manual,honda,city,2,great,False,391399
2014,134412,petrol,new delhi,sedan,manual,skoda,rapid,1,great,False,338499
2008,126704,petrol,new delhi,luxury sedan,automatic,toyota,corolla altis,1,great,False,298699
2017,102223,diesel,new delhi,suv,,hyundai,creta,1,great,False,747999
2013,147667,diesel,new delhi,sedan,manual,honda,amaze,1,great,False,290199
2014,61098,diesel,new delhi,luxury suv,manual,mercedes benz,ml class,3,great,False,1972528
2012,142099,diesel,new delhi,hatchback,manual,maruti,swift,1,great,False,306399
2015,122227,diesel,new delhi,suv,manual,ford,ecosport,2,good,False,485799
2015,122515,diesel,new delhi,hatchback,manual,maruti,swift,1,great,False,423099
2012,100752,diesel,new delhi,sedan,manual,hyundai,verna,1,great,False,357299
2011,129573,petrol,new delhi,hatchback,manual,hyundai,i20,1,good,False,255099
2013,105493,diesel,new delhi,hatchback,manual,toyota,etios liva,2,great,False,270399
2012,130929,diesel,new delhi,sedan,manual,toyota,etios,1,great,False,254499
2013,96015,diesel,new delhi,suv,manual,toyota,innova,1,great,False,628199
2014,144247,diesel,new delhi,sedan,manual,maruti,swift dzire,1,great,False,393899
2015,102442,diesel,new delhi,sedan,manual,honda,city,2,great,False,590799
2015,107563,diesel,new delhi,hatchback,manual,maruti,swift,1,great,False,457599
2012,119615,petrol,new delhi,sedan,manual,toyota,etios,1,great,False,299699
2015,100098,petrol,new delhi,hatchback,manual,maruti,celerio,1,great,False,287299
2016,165399,diesel,new delhi,hatchback,manual,maruti,swift,1,great,False,428799
2012,132589,diesel,new delhi,sedan,manual,hyundai,verna,1,good,False,402099
2016,111100,diesel,new delhi,suv,manual,hyundai,creta,1,great,True,802299
2014,100753,diesel,new delhi,sedan,manual,hyundai,xcent,1,great,False,328599
2012,123852,diesel,new delhi,hatchback,manual,maruti,swift,1,great,False,250099
2013,155339,diesel,new delhi,sedan,manual,maruti,swift dzire,1,great,False,345699
2012,123725,petrol,new delhi,hatchback,manual,hyundai,i20,1,good,False,293399
2011,150503,petrol,new delhi,luxury sedan,automatic,toyota,corolla altis,1,great,False,407899
2015,110977,petrol,new delhi,hatchback,manual,hyundai,elite i20,2,great,False,486699
2015,138957,petrol,new delhi,suv,manual,renault,duster,1,great,False,468399
2011,138341,petrol & cng,new delhi,hatchback,manual,maruti,wagon r 1.0,1,good,False,242199
2012,159691,diesel,new delhi,hatchback,manual,hyundai,i20,1,great,False,323299
2014,134058,diesel,new delhi,hatchback,manual,toyota,etios liva,2,great,False,337299
2012,93991,diesel,new delhi,hatchback,manual,volkswagen,polo,1,good,False,298499
2014,122254,diesel,new delhi,hatchback,manual,maruti,swift,2,great,False,429799
2011,161043,petrol,new delhi,hatchback,manual,hyundai,i10,1,good,False,208299
2012,202619,diesel,new delhi,sedan,manual,toyota,etios,1,great,False,261199
2013,122165,diesel,new delhi,sedan,manual,maruti,swift dzire,1,great,False,274699
2015,114350,diesel,new delhi,luxury suv,manual,mahindra,xuv500,2,great,False,852499
2012,139216,diesel,new delhi,hatchback,manual,hyundai,i20,1,great,False,265599
2014,166731,diesel,new delhi,luxury suv,manual,mahindra,xuv500,1,great,False,520499
2014,175425,petrol & cng,new delhi,hatchback,manual,maruti,swift,1,great,False,361799
2013,111431,diesel,new delhi,hatchback,manual,toyota,etios liva,1,great,False,320399
2014,129459,diesel,new delhi,sedan,manual,hyundai,verna,2,great,False,502099
2011,133387,petrol,new delhi,sedan,manual,volkswagen,vento,1,good,False,279299
2013,119895,diesel,new delhi,hatchback,manual,maruti,swift,1,great,False,317799
2016,87025,diesel,new delhi,suv,manual,mahindra,scorpio,2,great,False,974699
2013,112846,diesel,new delhi,suv,manual,toyota,innova,3,great,False,586899
2015,158520,petrol & cng,new delhi,hatchback,manual,maruti,celerio,1,great,False,338799
2013,112228,diesel,new delhi,suv,manual,maruti,ertiga,1,great,False,478499
2013,67380,diesel,new delhi,luxury sedan,manual,mercedes benz,e class,1,great,False,1366629
2012,125497,diesel,new delhi,sedan,manual,hyundai,verna,2,great,False,313599
2014,120226,diesel,new delhi,suv,manual,maruti,ertiga,1,great,False,428799
2016,155671,diesel,new delhi,sedan,manual,maruti,ciaz,1,great,False,482399
2016,146585,diesel,new delhi,suv,manual,mahindra,tuv300,1,great,False,526999
2013,141309,diesel,new delhi,hatchback,manual,maruti,swift,1,great,False,340399
2013,69864,diesel,new delhi,luxury sedan,manual,mercedes benz,e class,3,great,False,1150186
2013,130592,diesel,new delhi,suv,manual,ford,ecosport,1,great,False,404299
2014,104060,diesel,new delhi,sedan,manual,honda,city,1,great,True,433999
2011,290868,petrol,new delhi,sedan,manual,maruti,swift dzire,1,good,False,248499
2014,99985,diesel,new delhi,suv,manual,toyota,innova,1,great,False,691699
2012,90722,diesel,new delhi,luxury sedan,automatic,audi,a4,2,great,False,937999
2013,110055,diesel,new delhi,hatchback,manual,hyundai,grand i10,1,great,False,287999
2012,151622,diesel,new delhi,sedan,manual,maruti,swift dzire,1,great,False,307499
2013,121255,diesel,new delhi,hatchback,manual,toyota,etios liva,2,great,False,264599
2014,84036,diesel,new delhi,suv,manual,toyota,innova,1,great,False,968299
2013,136754,diesel,new delhi,sedan,manual,honda,amaze,1,great,False,303799
2014,121360,diesel,new delhi,hatchback,manual,maruti,swift,2,great,False,300699
2015,112578,petrol & cng,new delhi,hatchback,manual,maruti,alto k10,1,good,False,279599
2012,176354,diesel,new delhi,luxury suv,manual,toyota,fortuner,1,great,False,1093929
2014,94389,petrol,new delhi,luxury sedan,automatic,toyota,corolla altis,1,great,False,823799
2013,114943,diesel,new delhi,hatchback,manual,hyundai,i20,2,great,False,350299
2012,154464,diesel,new delhi,luxury suv,automatic,toyota,fortuner,2,good,False,1352691
2013,157688,diesel,new delhi,suv,manual,toyota,innova,1,great,False,620699
2014,123799,diesel,new delhi,luxury suv,automatic,toyota,fortuner,2,great,False,1290677
2014,111327,diesel,new delhi,luxury suv,automatic,toyota,fortuner,2,great,False,1376224
2013,146512,diesel,new delhi,sedan,manual,maruti,swift dzire,1,great,False,291999
2014,282122,diesel,new delhi,suv,manual,toyota,innova,1,great,False,595899
2016,152387,diesel,new delhi,suv,manual,hyundai,creta,1,great,False,686399
2014,190850,diesel,new delhi,suv,manual,toyota,innova,1,great,False,662899
2015,184158,diesel,new delhi,sedan,manual,toyota,etios,1,great,False,369299
2012,119763,diesel,new delhi,luxury suv,manual,toyota,fortuner,1,great,False,1131097
2013,190050,petrol & cng,new delhi,hatchback,manual,maruti,wagon r 1.0,1,great,False,242799
2013,195338,diesel,new delhi,suv,manual,toyota,innova,1,great,False,630699
2013,106269,petrol,new delhi,hatchback,manual,hyundai,eon,1,good,False,218499
2012,142163,diesel,new delhi,luxury suv,manual,toyota,fortuner,1,great,False,1118270
2020,2224,petrol,new delhi,hatchback,,renault,kwid,1,great,False,466199
2017,26229,diesel,new delhi,suv,manual,maruti,s cross,1,great,False,843299
2012,17919,petrol,new delhi,hatchback,manual,maruti,alto k10,1,great,False,215399
2012,23750,petrol,new delhi,hatchback,manual,maruti,alto 800,1,great,False,195299
2014,9693,petrol,new delhi,hatchback,manual,hyundai,eon,1,great,False,228999
2010,14455,petrol,new delhi,hatchback,manual,maruti,alto,1,good,False,182299
2014,23888,petrol,new delhi,hatchback,manual,maruti,swift,1,great,False,460699
2014,27416,petrol,new delhi,hatchback,manual,maruti,wagon r 1.0,1,great,False,289599
2015,27014,petrol,new delhi,hatchback,manual,maruti,alto 800,1,great,False,249599
2018,13971,petrol,new delhi,hatchback,automatic,maruti,ignis,1,great,False,525399
2010,26740,petrol,new delhi,hatchback,manual,maruti,ritz,1,great,False,249199
2016,17995,diesel,new delhi,suv,manual,maruti,ertiga,1,great,False,670099
2013,19712,petrol,new delhi,hatchback,manual,maruti,wagon r 1.0,1,great,False,295399
2012,36725,petrol,new delhi,hatchback,automatic,hyundai,i10,1,great,False,299099
2010,43609,petrol,new delhi,hatchback,manual,hyundai,i10,1,great,False,205999
2014,31013,petrol,new delhi,hatchback,manual,maruti,alto k10,1,good,False,262099
2013,43029,diesel,new delhi,hatchback,manual,maruti,swift,1,great,False,293999
2010,59370,petrol,new delhi,hatchback,manual,maruti,ritz,2,great,False,188799
2012,50238,petrol,new delhi,sedan,manual,toyota,etios,1,great,False,286599
2011,42965,petrol,new delhi,hatchback,manual,hyundai,i20,2,good,False,257199
2013,8967,petrol,new delhi,hatchback,manual,maruti,alto 800,1,great,False,239399
2019,5817,petrol,new delhi,suv,,tata,nexon ,1,great,False,759199
2015,46392,diesel,new delhi,hatchback,manual,hyundai,grand i10,1,great,False,349199
2016,43212,petrol,new delhi,hatchback,manual,maruti,baleno,1,great,True,450799
2014,39878,petrol,new delhi,hatchback,manual,maruti,alto 800,1,great,False,208099
2010,27473,petrol,new delhi,hatchback,manual,maruti,swift,1,good,False,275799
2014,47707,petrol,new delhi,hatchback,manual,hyundai,eon,2,great,False,204299
2020,18509,petrol,new delhi,hatchback,manual,maruti,alto,1,great,False,315699
2010,50189,petrol,new delhi,hatchback,manual,maruti,zen estilo,2,good,False,191299
2013,49362,petrol,new delhi,sedan,manual,maruti,swift dzire,2,great,False,347899
2018,55247,petrol & cng,new delhi,suv,manual,maruti,eeco,1,great,False,320499
2016,43794,petrol,new delhi,hatchback,manual,maruti,baleno,1,great,False,451699
2017,30133,petrol,new delhi,suv,manual,ford,ecosport,2,great,False,636099
2009,30403,petrol,new delhi,hatchback,manual,maruti,a star,1,good,False,181199
2016,46592,petrol,new delhi,hatchback,manual,renault,kwid,1,good,False,267299
2014,61234,diesel,new delhi,hatchback,manual,hyundai,elite i20,2,great,False,451299
2008,21728,petrol,new delhi,hatchback,manual,maruti,alto,2,fair,False,142099
2011,66960,petrol,new delhi,hatchback,manual,toyota,etios liva,2,great,False,242999
2016,66524,diesel,new delhi,hatchback,manual,maruti,swift,1,great,False,435899
2013,63766,diesel,new delhi,suv,manual,renault,duster,1,great,False,370099
2018,53488,petrol,new delhi,hatchback,manual,maruti,alto k10,1,great,False,289799
2012,76353,diesel,new delhi,hatchback,manual,maruti,swift,1,great,False,314899
2015,47806,petrol,new delhi,hatchback,manual,maruti,baleno,1,great,False,483999
2008,69701,petrol,new delhi,hatchback,manual,hyundai,i10,1,good,False,171299
2010,81788,petrol,new delhi,sedan,manual,honda,city,1,great,False,340199
2012,72454,petrol & cng,new delhi,hatchback,manual,maruti,swift,1,great,False,367999
2019,13877,diesel,new delhi,suv,automatic,toyota,innova crysta,1,great,False,1772548
2014,64810,petrol,new delhi,sedan,manual,maruti,swift dzire,3,great,False,345499
2016,39204,petrol,new delhi,hatchback,manual,datsun,redi go,1,good,False,224899
2011,46102,petrol,new delhi,hatchback,manual,maruti,wagon r 1.0,1,good,False,261699
2013,64031,diesel,new delhi,sedan,manual,maruti,swift dzire,1,great,False,334699
2010,80042,petrol,new delhi,sedan,manual,maruti,swift dzire,1,great,False,252899
2011,82363,petrol,new delhi,sedan,manual,honda,accord,2,great,False,379199
2011,94604,petrol,new delhi,hatchback,manual,chevrolet,beat,1,good,False,158499
2016,63301,petrol,new delhi,sedan,manual,maruti,ciaz,1,great,False,577799
2013,71625,diesel,new delhi,sedan,manual,hyundai,verna,1,great,False,404299
2013,63675,diesel,new delhi,suv,manual,toyota,innova,1,great,True,690499
2013,64179,diesel,new delhi,hatchback,manual,hyundai,grand i10,1,great,False,297599
2012,77333,petrol,new delhi,sedan,automatic,honda,city,4,great,False,347899
2008,82360,petrol & cng,new delhi,sedan,manual,honda,city,2,great,False,181499
2008,102509,petrol,new delhi,sedan,manual,honda,city zx,1,great,False,173299
2011,88214,petrol,new delhi,hatchback,manual,hyundai,i20,2,great,False,261299
2019,16315,petrol,new delhi,suv,manual,hyundai,creta,1,great,False,915399
2009,119227,petrol,new delhi,hatchback,manual,maruti,alto,1,great,False,134699
2015,86072,diesel,new delhi,hatchback,manual,maruti,swift,1,great,False,443799
2018,48131,diesel,new delhi,sedan,manual,maruti,dzire,1,great,False,628499
2008,86350,petrol,new delhi,hatchback,manual,maruti,swift,1,good,False,196799
2012,23771,diesel,new delhi,luxury sedan,manual,mercedes benz,c class,1,great,False,1147358
2012,79895,diesel,new delhi,suv,manual,toyota,innova,1,great,True,575599
2014,64105,petrol,new delhi,hatchback,manual,hyundai,eon,1,good,False,223899
2018,44133,diesel,new delhi,luxury suv,manual,mahindra,xuv500,1,great,False,1305019
2014,75416,petrol,new delhi,hatchback,manual,hyundai,eon,1,great,False,194799
2018,43872,petrol,new delhi,hatchback,manual,volkswagen,polo,1,great,False,738499
2018,53959,diesel,new delhi,suv,manual,maruti,vitara brezza,2,great,False,690599
2015,50024,petrol,new delhi,hatchback,manual,maruti,alto 800,1,good,False,290499
2016,72792,diesel,new delhi,suv,manual,maruti,vitara brezza,1,great,False,675099
2012,88519,diesel,new delhi,hatchback,manual,hyundai,i20,2,great,True,247999
2010,95758,petrol,new delhi,sedan,manual,honda,city,1,great,False,311599
2010,120919,petrol,new delhi,sedan,manual,maruti,swift dzire,1,great,False,227399
2011,105549,petrol,new delhi,sedan,manual,honda,accord,2,good,False,473199
2015,72762,diesel,new delhi,suv,,hyundai,creta,1,great,False,785999
2016,108250,petrol,new delhi,hatchback,manual,hyundai,elite i20,1,great,False,470099
2013,115367,petrol,new delhi,hatchback,manual,maruti,alto k10,1,great,False,201399
2014,78558,diesel,new delhi,suv,manual,renault,duster,1,great,False,380999
2015,104430,petrol,new delhi,hatchback,manual,tata,bolt,1,good,False,259599
2011,136865,petrol,new delhi,sedan,manual,honda,city,1,great,False,331499
2013,108274,diesel,new delhi,hatchback,manual,maruti,swift,1,great,False,325599
2013,106133,diesel,new delhi,hatchback,manual,toyota,etios liva,2,great,False,272199
2012,117766,diesel,new delhi,sedan,manual,maruti,swift dzire,2,great,False,289899
2012,118764,petrol,new delhi,sedan,manual,toyota,etios,1,good,False,257999
2015,83737,diesel,new delhi,luxury suv,automatic,audi,q3,2,great,False,1559943
2013,139784,diesel,new delhi,hatchback,manual,hyundai,i20,1,good,False,283499
2013,149275,diesel,new delhi,sedan,manual,maruti,swift dzire,1,great,False,357599
2014,107208,diesel,new delhi,sedan,manual,honda,city,1,great,True,414399
2008,207474,petrol,new delhi,sedan,manual,honda,city zx,1,good,False,194999
2014,103468,diesel,new delhi,hatchback,manual,toyota,etios liva,2,great,False,320999
2012,212989,diesel,new delhi,sedan,manual,toyota,etios,1,great,False,240599
2012,129390,diesel,new delhi,sedan,manual,maruti,swift dzire,1,great,False,260599
2015,130673,diesel,new delhi,suv,manual,renault,duster,1,great,False,549499
2012,243904,diesel,new delhi,suv,manual,toyota,innova,1,great,False,562699
2014,114695,diesel,new delhi,hatchback,manual,toyota,etios liva,1,great,True,325100
2011,13966,petrol,new delhi,hatchback,manual,maruti,alto,1,great,False,171299
2013,38385,petrol,new delhi,hatchback,manual,maruti,wagon r 1.0,1,great,False,264299
2020,2431,petrol,new delhi,hatchback,manual,maruti,baleno,1,great,False,671999
2014,27742,petrol,new delhi,hatchback,manual,maruti,wagon r 1.0,2,great,False,278899
2017,9562,petrol,new delhi,sedan,manual,maruti,dzire,2,great,False,536799
2015,26197,petrol,new delhi,hatchback,manual,tata,nano,1,good,False,126099
2020,3965,petrol,new delhi,hatchback,manual,maruti,baleno,1,great,False,667599
2017,9188,petrol,new delhi,hatchback,manual,hyundai,grand i10,1,great,False,445299
2013,30218,petrol,new delhi,luxury sedan,manual,toyota,corolla altis,1,great,False,492299
2013,18779,petrol,new delhi,sedan,manual,volkswagen,vento,2,great,False,368199
2015,33526,diesel,new delhi,sedan,manual,honda,amaze,1,great,False,366599
2018,20603,petrol,new delhi,hatchback,manual,hyundai,grand i10,2,great,False,440499
2016,7507,petrol,new delhi,hatchback,manual,maruti,alto 800,1,great,False,294199
2013,44007,diesel,new delhi,hatchback,manual,hyundai,i20,1,great,False,293599
2016,11817,petrol,new delhi,suv,manual,mahindra,kuv100,1,great,False,335299
2013,39788,petrol,new delhi,hatchback,manual,hyundai,i20,1,great,False,345999
2016,2653,petrol,new delhi,hatchback,manual,hyundai,i10,1,great,False,366099
2013,29622,diesel,new delhi,sedan,manual,maruti,swift dzire,1,great,False,369299
2020,4705,petrol,new delhi,hatchback,,hyundai,grand i10 nios,1,great,False,586499
2016,15541,petrol & cng,new delhi,hatchback,manual,hyundai,grand i10,1,great,False,450899
2012,40306,petrol,new delhi,hatchback,manual,honda,brio,1,great,False,270699
2011,39711,petrol,new delhi,hatchback,manual,maruti,alto,2,great,False,163699
2011,42176,petrol,new delhi,sedan,manual,nissan,sunny,1,great,False,251499
2014,35218,petrol,new delhi,hatchback,manual,maruti,ritz,1,great,False,285899
2015,27324,petrol,new delhi,hatchback,manual,hyundai,grand i10,1,great,True,389099
2015,26090,diesel,new delhi,sedan,,maruti,swift dzire,1,great,False,462199
2017,27010,petrol,new delhi,hatchback,manual,hyundai,elite i20,1,great,False,583999
2014,25457,petrol,new delhi,hatchback,manual,hyundai,grand i10,1,great,False,339199
2017,11116,petrol,new delhi,hatchback,manual,hyundai,elite i20,2,great,False,502099
2014,19487,petrol,new delhi,sedan,automatic,hyundai,xcent,1,great,False,405499
2013,49409,diesel,new delhi,sedan,manual,maruti,swift dzire,1,great,False,371699
2016,33661,petrol,new delhi,hatchback,manual,hyundai,grand i10,2,great,False,355099
2017,17399,petrol,new delhi,hatchback,manual,tata,tiago,1,great,False,384599
2014,44864,petrol,new delhi,hatchback,manual,hyundai,eon,1,great,False,206799
2015,37812,petrol & cng,new delhi,hatchback,manual,maruti,alto k10,1,great,False,276999
2013,34923,petrol & cng,new delhi,sedan,automatic,volkswagen,vento,2,great,False,422299
2012,50918,petrol,new delhi,hatchback,manual,hyundai,i20,1,great,False,280699
2015,45940,petrol,new delhi,hatchback,manual,hyundai,elite i20,1,great,False,424899
2011,61699,petrol,new delhi,hatchback,manual,hyundai,i20,1,great,False,252299
2019,7414,petrol,new delhi,,,hyundai,new santro,1,great,False,454599
2014,16316,petrol,new delhi,hatchback,manual,hyundai,grand i10,1,great,False,322399
2017,31543,petrol,new delhi,hatchback,automatic,maruti,celerio,1,great,False,398299
2018,31774,petrol & cng,new delhi,suv,manual,maruti,eeco,2,great,False,323799
2010,45029,petrol,new delhi,hatchback,manual,maruti,wagon r 1.0,1,great,False,189599
2018,33171,petrol,new delhi,hatchback,manual,maruti,swift,3,great,False,418399
2015,12618,petrol,new delhi,hatchback,manual,maruti,baleno,1,great,False,473899
2014,46252,petrol,new delhi,sedan,manual,honda,amaze,2,great,False,327299
2010,25088,petrol,new delhi,hatchback,manual,maruti,alto,2,good,False,179599
2013,43540,petrol,new delhi,hatchback,manual,hyundai,santro xing,1,great,False,249999
2016,19211,petrol,new delhi,hatchback,manual,renault,kwid,1,good,False,285999
2017,35397,petrol,new delhi,hatchback,manual,renault,kwid,1,great,False,273899
2015,28162,petrol,new delhi,hatchback,manual,renault,kwid,2,great,False,235899
2014,28847,petrol,new delhi,sedan,manual,honda,city,1,great,False,522099
2018,15341,petrol & cng,new delhi,hatchback,manual,maruti,celerio,1,great,False,462499
2016,33368,diesel,new delhi,suv,manual,mahindra,kuv100,1,great,False,349799
2015,37481,diesel,new delhi,hatchback,manual,maruti,swift,1,great,False,439599
2019,9648,petrol,new delhi,hatchback,manual,maruti,ignis,1,great,False,481499
2012,42060,petrol,new delhi,suv,manual,maruti,ertiga,2,great,False,430099
2019,6173,petrol,new delhi,suv,,mahindra,xuv 3oo,1,great,False,618299
2013,48895,diesel,new delhi,suv,manual,renault,duster,1,great,False,350199
2016,34704,petrol,new delhi,hatchback,manual,honda,brio,1,great,False,380699
2016,26689,petrol,new delhi,hatchback,manual,renault,kwid,1,good,False,275199
2018,17773,petrol,new delhi,hatchback,manual,maruti,alto k10,1,great,False,297199
2014,43598,petrol,new delhi,hatchback,automatic,maruti,celerio,2,great,False,306399
2010,41645,petrol,new delhi,hatchback,manual,maruti,wagon r 1.0,2,great,False,194599
2011,64272,petrol,new delhi,sedan,automatic,hyundai,verna,1,great,False,422099
2013,50444,diesel,new delhi,luxury suv,manual,mahindra,xuv500,1,great,False,547299
2019,7045,petrol,new delhi,hatchback,manual,maruti,baleno,1,great,False,605599
2014,50727,diesel,new delhi,suv,manual,maruti,ertiga,1,great,False,504699
2012,59070,diesel,new delhi,sedan,manual,volkswagen,vento,1,great,False,281799
2015,35499,diesel,new delhi,hatchback,,maruti,swift,1,great,False,471699
2020,1153,petrol,new delhi,hatchback,manual,renault,kwid,1,great,False,338399
2011,85096,petrol,new delhi,hatchback,manual,ford,figo,1,great,False,167899
2019,4693,petrol,new delhi,sedan,manual,honda,amaze,1,great,False,615399
2017,40141,petrol,new delhi,hatchback,manual,tata,tiago,1,great,False,353499
2015,47397,diesel,new delhi,suv,manual,maruti,s cross,1,great,False,445499
2012,64311,petrol,new delhi,sedan,manual,toyota,etios,1,great,False,292399
2015,44731,petrol,new delhi,sedan,automatic,honda,city,1,great,False,639599
2015,45715,petrol,new delhi,hatchback,manual,hyundai,eon,2,great,False,214399
2015,40909,petrol,new delhi,hatchback,manual,tata,nano,4,good,False,120199
2018,12149,diesel,new delhi,suv,manual,maruti,vitara brezza,1,great,False,817299
2010,58558,petrol,new delhi,hatchback,manual,hyundai,i20,1,great,False,238199
2017,82242,diesel,new delhi,hatchback,manual,toyota,etios liva,1,great,False,441399
2014,57702,diesel,new delhi,sedan,manual,hyundai,verna,2,great,True,470999
2010,70270,petrol,new delhi,hatchback,manual,maruti,zen estilo,2,great,False,150099
2013,50250,petrol,new delhi,hatchback,manual,maruti,alto 800,1,great,False,200299
2018,29544,petrol,new delhi,hatchback,automatic,maruti,ignis,2,great,False,492199
2008,38054,petrol,new delhi,hatchback,manual,maruti,wagon r,1,great,False,109199
2012,52981,petrol & cng,new delhi,hatchback,manual,hyundai,i20,2,great,False,329299
2011,57138,petrol,new delhi,hatchback,manual,hyundai,i20,1,great,False,264399
2011,70602,petrol,new delhi,hatchback,manual,hyundai,i10,1,great,False,179299
2014,55490,diesel,new delhi,sedan,manual,honda,amaze,1,great,False,305699
2016,39320,petrol,new delhi,sedan,manual,maruti,ciaz,1,great,False,555899
2017,41246,petrol & cng,new delhi,suv,manual,maruti,eeco,1,great,False,293799
2019,10750,petrol,new delhi,sedan,manual,honda,city,1,great,False,780899
2017,37288,petrol,new delhi,hatchback,manual,maruti,baleno,1,great,False,487299
2019,28061,petrol,new delhi,hatchback,manual,maruti,swift,1,great,False,547299
2015,41287,petrol & cng,new delhi,hatchback,manual,maruti,wagon r 1.0,1,good,False,363799
2017,31514,petrol,new delhi,sedan,automatic,honda,city,1,great,False,868799
2012,71072,petrol,new delhi,sedan,manual,maruti,swift dzire,1,great,False,316999
2016,46510,petrol & cng,new delhi,hatchback,manual,maruti,alto k10,1,great,False,285199
2017,9452,petrol,new delhi,suv,manual,ford,ecosport,1,great,False,694999
2009,73413,petrol,new delhi,luxury sedan,,toyota,corolla altis,2,great,True,231699
2012,62667,petrol,new delhi,hatchback,manual,maruti,alto,1,good,False,165999
2013,72980,diesel,new delhi,sedan,manual,volkswagen,jetta,1,great,False,442499
2019,33398,petrol & cng,new delhi,hatchback,manual,maruti,alto k10,1,great,False,353499
2018,56482,petrol & cng,new delhi,hatchback,manual,maruti,alto k10,1,great,False,304699
2013,52685,petrol,new delhi,hatchback,manual,maruti,alto 800,1,good,False,223299
2017,37134,diesel,new delhi,suv,manual,mahindra,thar,1,great,False,671399
2014,52544,petrol,new delhi,luxury sedan,manual,toyota,corolla altis,2,great,False,631399
2019,44040,petrol,new delhi,,,maruti,new  wagon-r,1,great,False,402199
2013,57816,petrol & cng,new delhi,hatchback,manual,hyundai,i20,1,great,False,365399
2019,23342,petrol & cng,new delhi,hatchback,manual,tata,tiago,1,great,False,376099
2010,69171,petrol,new delhi,sedan,manual,honda,city,1,great,False,293999
2014,57670,diesel,new delhi,sedan,manual,honda,city,1,great,False,508599
2012,65125,petrol & cng,new delhi,hatchback,manual,honda,brio,2,great,False,263399
2018,12269,petrol,new delhi,sedan,,maruti,ciaz,1,great,False,802299
2010,82336,petrol,new delhi,hatchback,manual,maruti,wagon r 1.0,1,great,False,181699
2015,69030,diesel,new delhi,sedan,,maruti,swift dzire,1,great,False,391899
2013,75654,diesel,new delhi,hatchback,manual,hyundai,i20,1,great,False,279099
2011,53671,petrol,new delhi,hatchback,manual,maruti,wagon r 1.0,1,good,False,197299
2018,26871,petrol,new delhi,suv,,ford,ecosport,1,great,False,806399
2011,80272,petrol & cng,new delhi,hatchback,manual,ford,figo,1,great,False,154099
2015,54227,petrol,new delhi,hatchback,manual,renault,kwid,1,great,False,258599
2019,17800,petrol & cng,new delhi,,,maruti,new  wagon-r,1,great,False,532699
2016,50340,petrol & cng,new delhi,hatchback,automatic,maruti,wagon r 1.0,2,great,False,315399
2017,41560,petrol,new delhi,hatchback,manual,volkswagen,polo,1,great,False,444299
2013,62427,petrol,new delhi,hatchback,manual,hyundai,i20,1,great,False,350199
2019,9422,petrol,new delhi,,,mg,hector,1,great,False,1647106
2016,54848,petrol,new delhi,sedan,manual,honda,amaze,1,great,False,441999
2014,47451,petrol,new delhi,sedan,manual,hyundai,verna,1,great,False,537699
2015,71883,diesel,new delhi,suv,manual,nissan,terrano,2,great,False,465999
2019,32701,petrol & cng,new delhi,,,maruti,new  wagon-r,1,great,False,444299
2018,56847,petrol,new delhi,hatchback,manual,maruti,baleno,1,great,False,484099
2014,66962,petrol,new delhi,hatchback,manual,hyundai,grand i10,2,great,False,290099
2014,70172,diesel,new delhi,luxury suv,manual,mahindra,xuv500,1,great,False,499999
2015,57541,petrol,new delhi,sedan,automatic,honda,city,1,great,False,670999
2016,54013,diesel,new delhi,sedan,manual,maruti,swift dzire,1,great,False,417799
2018,47014,diesel,new delhi,sedan,,maruti,swift dzire,1,great,False,444099
2013,73316,petrol,new delhi,suv,manual,ford,ecosport,1,great,False,393799
2017,45517,petrol,new delhi,hatchback,manual,hyundai,elite i20,1,great,False,559799
2019,25985,petrol,new delhi,hatchback,manual,maruti,baleno,1,great,False,641399
2013,64867,diesel,new delhi,sedan,manual,maruti,swift dzire,1,great,False,350399
2018,33729,diesel,new delhi,suv,manual,maruti,vitara brezza,1,great,False,731599
2017,39364,diesel,new delhi,suv,,ford,ecosport,1,great,False,734099
2017,89385,diesel,new delhi,hatchback,manual,toyota,etios liva,1,great,False,454199
2013,82595,diesel,new delhi,suv,manual,toyota,innova,1,great,False,628499
2010,99765,petrol & cng,new delhi,sedan,manual,maruti,swift dzire,1,great,False,222099
2012,84236,diesel,new delhi,hatchback,manual,volkswagen,polo,1,great,False,225599
2017,39200,petrol,new delhi,hatchback,manual,maruti,celerio,1,great,False,323599
2017,43402,diesel,new delhi,suv,manual,isuzu,d-max v cross,2,great,False,1081304
2010,81112,petrol,new delhi,sedan,manual,maruti,sx4,2,good,False,229699
2016,72411,diesel,new delhi,hatchback,manual,hyundai,elite i20,1,great,False,513599
2013,74194,diesel,new delhi,suv,manual,ford,ecosport,1,great,False,421999
2015,69074,diesel,new delhi,luxury suv,automatic,audi,q3,1,great,False,1355721
2018,13624,diesel,new delhi,suv,automatic,maruti,vitara brezza,1,great,False,937499
2018,40835,petrol,new delhi,hatchback,automatic,maruti,wagon r 1.0,1,great,False,409899
2018,63042,petrol & cng,new delhi,suv,manual,maruti,eeco,1,great,False,351999
2017,77229,petrol,new delhi,hatchback,manual,tata,tiago,1,great,False,311099
2016,75019,petrol,new delhi,hatchback,manual,tata,tiago,1,great,False,319399
2008,117873,petrol,new delhi,sedan,manual,honda,city,1,great,False,235999
2012,99476,diesel,new delhi,sedan,manual,volkswagen,jetta,3,great,False,373599
2019,14734,diesel,new delhi,suv,,tata,harrier,1,great,False,1416321
2016,79199,petrol & cng,new delhi,hatchback,manual,maruti,swift,1,great,False,370499
2009,76901,petrol,new delhi,sedan,manual,honda,city,1,great,False,227899
2012,98618,diesel,new delhi,sedan,manual,maruti,swift dzire,1,great,False,280699
2015,62897,petrol & cng,new delhi,suv,manual,maruti,eeco,1,great,False,244699
2018,33401,petrol & cng,new delhi,suv,manual,maruti,eeco,2,great,False,327799
2017,77547,diesel,new delhi,suv,manual,mahindra,scorpio,1,great,False,1254317
2018,49769,petrol,new delhi,luxury sedan,automatic,toyota,corolla altis,1,great,False,1421573
2013,77490,diesel,new delhi,suv,manual,renault,duster,2,great,False,339899
2013,89966,diesel,new delhi,suv,manual,ford,ecosport,1,great,False,381399
2015,75491,diesel,new delhi,suv,,mahindra,scorpio,2,great,False,764899
2013,75753,diesel,new delhi,luxury suv,manual,ssangyong,rexton,1,great,False,621299
2018,35911,petrol & cng,new delhi,hatchback,manual,maruti,alto 800,1,great,False,292899
2016,58031,petrol,new delhi,suv,manual,hyundai,creta,1,great,False,788699
2013,82887,diesel,new delhi,hatchback,manual,hyundai,grand i10,1,good,False,255799
2015,60435,petrol & cng,new delhi,hatchback,manual,maruti,alto k10,1,great,False,273499
2015,85492,diesel,new delhi,sedan,manual,honda,city,2,great,False,515899
2014,47637,diesel,new delhi,luxury suv,automatic,toyota,fortuner,1,great,False,1357799
2015,85270,diesel,new delhi,sedan,,maruti,swift dzire,1,great,False,383399
2016,64051,diesel,new delhi,luxury suv,automatic,mahindra,xuv500,1,great,False,986499
2013,80007,diesel,new delhi,suv,manual,mahindra,scorpio,3,great,False,434199
2009,90484,petrol & cng,new delhi,hatchback,manual,maruti,wagon r,1,good,False,152599
2017,65420,diesel,new delhi,suv,manual,mahindra,scorpio,1,great,True,821799
2019,22690,diesel,new delhi,suv,,hyundai,creta,1,great,False,970799
2015,78370,diesel,new delhi,sedan,manual,hyundai,verna,1,great,False,493299
2008,147332,petrol,new delhi,sedan,manual,maruti,sx4,1,good,False,159999
2014,69662,diesel,new delhi,hatchback,manual,maruti,ritz,1,great,False,247799
2010,121377,petrol & cng,new delhi,hatchback,manual,hyundai,i10,2,good,False,173299
2011,97839,petrol,new delhi,luxury sedan,,toyota,corolla altis,1,great,False,383199
2013,85197,diesel,new delhi,sedan,manual,hyundai,verna,1,great,False,347999
2017,66020,petrol,new delhi,hatchback,manual,maruti,baleno,1,great,False,523599
2017,35948,diesel,new delhi,luxury suv,,mahindra,xuv500,1,great,False,1081001
2012,108018,diesel,new delhi,suv,manual,renault,duster,1,great,False,300799
2010,119723,petrol & cng,new delhi,hatchback,manual,maruti,swift,1,great,False,209299
2012,112936,diesel,new delhi,luxury suv,manual,mahindra,xuv500,1,great,False,421399
2014,69436,petrol & cng,new delhi,hatchback,manual,hyundai,grand i10,2,great,False,303199
2015,77103,diesel,new delhi,hatchback,manual,volkswagen,polo,1,great,False,409099
2018,75149,diesel,new delhi,suv,manual,toyota,innova crysta,1,great,False,1489546
2013,79966,petrol & cng,new delhi,hatchback,manual,hyundai,i10,3,good,False,261399
2016,83764,petrol,new delhi,sedan,automatic,honda,city,1,great,False,623899
2015,67599,diesel,new delhi,suv,manual,ford,ecosport,1,great,False,509899
2019,359904,petrol,new delhi,hatchback,manual,maruti,swift,1,great,False,517999
2012,100724,diesel,new delhi,luxury suv,manual,mahindra,xuv500,1,great,False,421699
2019,45655,diesel,new delhi,suv,,maruti,vitara brezza,1,great,False,886999
2010,127811,petrol & cng,new delhi,sedan,manual,honda,city,3,good,False,328499
2013,109717,diesel,new delhi,hatchback,manual,maruti,swift,1,great,False,310399
2018,94628,petrol & cng,new delhi,hatchback,automatic,maruti,swift,1,great,False,492299
2014,120936,diesel,new delhi,sedan,manual,honda,amaze,1,great,False,282099
2016,107140,petrol & cng,new delhi,suv,,maruti,eeco,1,great,False,259099
2012,124694,petrol,new delhi,sedan,manual,nissan,sunny,1,great,False,262199
2015,106450,petrol,new delhi,hatchback,automatic,volkswagen,polo,1,great,True,417099
2015,89773,diesel,new delhi,hatchback,manual,hyundai,elite i20,1,great,False,439799
2013,109487,diesel,new delhi,suv,manual,mahindra,quanto,1,great,False,218099
2011,187692,diesel,new delhi,luxury sedan,automatic,skoda,laura,3,great,False,267599
2008,137444,petrol,new delhi,hatchback,manual,maruti,swift,1,great,False,163499
2013,91254,diesel,new delhi,luxury sedan,manual,chevrolet,cruze,1,great,False,496999
2016,117271,diesel,new delhi,sedan,manual,maruti,ciaz,1,great,False,467799
2013,117200,diesel,new delhi,suv,manual,renault,duster,1,great,False,362499
2013,109491,diesel,new delhi,sedan,manual,honda,amaze,2,good,False,282299
2015,115431,diesel,new delhi,luxury suv,automatic,toyota,fortuner,1,great,False,1561963
2014,118303,petrol,new delhi,sedan,manual,honda,amaze,1,great,False,322299
2015,94771,diesel,new delhi,luxury suv,automatic,toyota,fortuner,2,great,False,1651348
2013,97330,diesel,new delhi,luxury suv,manual,toyota,fortuner,2,great,False,1018684
2014,93852,diesel,new delhi,luxury sedan,manual,mercedes benz,e class,1,great,False,1560852
2010,186529,petrol,new delhi,sedan,manual,honda,city,1,great,False,282499
2012,210068,petrol & cng,new delhi,sedan,manual,maruti,sx4,2,great,False,194299
2014,92819,diesel,new delhi,luxury suv,manual,isuzu,mu-7,2,great,False,687799
2015,100188,diesel,new delhi,luxury suv,manual,mahindra,xuv500,2,great,False,809799
2009,186440,petrol,new delhi,luxury sedan,,toyota,corolla altis,1,great,False,221099
2013,206644,petrol & cng,new delhi,hatchback,manual,maruti,wagon r 1.0,1,great,False,239299
2014,127205,diesel,new delhi,luxury suv,automatic,hyundai,santa fe,1,great,False,902099
2012,125491,petrol,new delhi,sedan,manual,maruti,sx4,1,good,False,239899
2012,66958,diesel,new delhi,luxury suv,manual,toyota,fortuner,1,great,False,1066499
2013,127524,petrol,new delhi,hatchback,manual,maruti,wagon r 1.0,1,great,False,226599
2012,141954,diesel,new delhi,hatchback,manual,maruti,swift,1,great,False,260499
2012,140967,diesel,new delhi,hatchback,manual,maruti,swift,1,great,False,301099
2009,167705,petrol,new delhi,luxury sedan,manual,toyota,corolla altis,1,great,False,232799
2012,138612,diesel,new delhi,luxury suv,manual,toyota,fortuner,2,great,False,1048176
2014,137989,diesel,new delhi,sedan,automatic,hyundai,verna,1,great,False,382099
2016,156533,diesel,new delhi,luxury suv,,mahindra,xuv500,1,great,False,795199
2013,132477,diesel,new delhi,luxury suv,automatic,toyota,fortuner,2,great,False,1101807
2013,118203,diesel,new delhi,luxury suv,automatic,toyota,fortuner,3,great,False,1104635
2015,223583,petrol,new delhi,hatchback,manual,maruti,wagon r 1.0,1,great,False,210199
2013,39887,diesel,new delhi,sedan,manual,hyundai,verna,1,great,True,381000
2010,67713,petrol,new delhi,hatchback,manual,hyundai,i10,1,great,False,130000
2013,85246,diesel,new delhi,hatchback,manual,chevrolet,beat,1,great,False,125567
2014,60198,diesel,new delhi,suv,manual,ford,ecosport,1,great,False,435000
2011,98873,petrol & cng,new delhi,hatchback,manual,hyundai,santro xing,2,great,False,133815
2016,21788,diesel,new delhi,suv,,hyundai,creta,1,great,False,865000
2010,43470,petrol,new delhi,sedan,manual,hyundai,verna,2,great,False,285000
2015,52108,petrol,new delhi,hatchback,manual,volkswagen,polo,2,great,False,425000
2012,84063,petrol,new delhi,sedan,manual,honda,city,2,great,False,390000
2010,69613,petrol,new delhi,hatchback,manual,volkswagen,polo,2,great,False,250000
2013,80766,diesel,new delhi,hatchback,manual,maruti,swift,1,great,False,340000
2011,72705,petrol,new delhi,hatchback,manual,volkswagen,polo,1,great,False,275000
2012,67384,petrol,new delhi,hatchback,automatic,maruti,a star,2,great,False,260000
2013,65674,diesel,new delhi,sedan,manual,renault,scala,1,great,False,420000
2019,22570,petrol,new delhi,hatchback,,toyota,etios liva,1,great,False,625000
2020,8518,petrol & cng,new delhi,,,maruti,new  wagon-r,1,great,False,519799
2020,8563,petrol,new delhi,hatchback,manual,maruti,baleno,1,great,False,547399
2012,23981,petrol,new delhi,hatchback,manual,hyundai,eon,1,great,False,190899
2017,14559,petrol,new delhi,hatchback,manual,datsun,redi go,1,great,False,219999
2016,99337,diesel,new delhi,suv,automatic,mahindra,tuv300,1,great,False,625000
2015,32048,petrol,new delhi,hatchback,manual,hyundai,elite i20,1,great,False,441799
2014,95959,diesel,new delhi,luxury sedan,automatic,audi,a4,2,great,False,1350000
2013,80246,diesel,new delhi,sedan,manual,honda,amaze,1,great,False,350000
2011,73109,petrol & cng,new delhi,hatchback,manual,maruti,swift,2,great,False,238093
2017,27050,petrol,new delhi,hatchback,manual,hyundai,grand i10,1,great,True,406199
2011,41402,petrol,new delhi,hatchback,manual,maruti,alto,1,great,False,143299
2010,103337,petrol,new delhi,sedan,manual,honda,accord,2,great,False,375000
2014,41962,petrol,new delhi,suv,manual,honda,mobilio,2,great,False,430699
2010,44586,petrol,new delhi,sedan,manual,honda,civic,1,great,False,314999
2016,33936,petrol & cng,new delhi,suv,manual,ford,ecosport,2,great,False,595899
2018,14253,petrol,new delhi,suv,manual,ford,ecosport,1,great,False,817099
2013,56121,diesel,new delhi,sedan,manual,honda,amaze,1,great,False,305699
2020,7361,petrol,new delhi,suv,,maruti,s cross,1,great,False,908999
2011,50501,petrol,new delhi,hatchback,manual,skoda,fabia,1,good,False,201199
2019,25706,diesel,new delhi,suv,,tata,harrier,1,great,False,1354206
2019,8091,diesel,new delhi,suv,automatic,maruti,vitara brezza,1,great,False,907599
2012,83602,petrol,new delhi,luxury sedan,manual,toyota,corolla altis,1,great,False,562000
2019,32710,petrol & cng,new delhi,suv,manual,maruti,eeco,1,great,False,340499
2018,71824,diesel,new delhi,luxury suv,automatic,toyota,fortuner,2,great,False,2585899
2006,80391,petrol,new delhi,hatchback,manual,maruti,swift,2,good,False,70000
2016,73995,petrol & cng,new delhi,hatchback,manual,maruti,celerio,1,great,False,360999
2016,32567,petrol,new delhi,hatchback,manual,renault,kwid,1,great,True,200000
2012,143322,diesel,new delhi,luxury suv,manual,skoda,yeti,1,great,False,321099
2012,58120,petrol & cng,new delhi,hatchback,manual,maruti,alto,2,great,True,130000
2013,39695,petrol,new delhi,sedan,manual,maruti,swift dzire,1,great,False,0
2013,39696,petrol,new delhi,sedan,manual,maruti,swift dzire,1,great,False,0
2009,135379,petrol,new delhi,hatchback,manual,maruti,swift,1,fair,True,150000
2006,114440,petrol,new delhi,hatchback,manual,hyundai,santro xing,1,great,False,55000
2010,65252,petrol & cng,new delhi,hatchback,manual,maruti,alto,1,great,False,165000
2016,76112,petrol & cng,new delhi,hatchback,manual,maruti,wagon r 1.0,1,great,False,300000
2016,36434,diesel,new delhi,suv,manual,maruti,s cross,1,great,True,650000
2010,78239,petrol & cng,new delhi,hatchback,manual,maruti,alto,1,overpriced,False,150000
2010,77761,petrol,new delhi,hatchback,manual,nissan,micra,2,overpriced,False,140000
2015,55192,petrol,new delhi,hatchback,manual,hyundai,grand i10,2,great,False,0
2006,69000,petrol,new delhi,,,honda,city,2,,False,110000
2007,104515,petrol & cng,new delhi,hatchback,manual,hyundai,santro xing,4,great,False,41000
2011,148274,diesel,new delhi,suv,manual,toyota,innova,1,great,True,427500
2015,43317,petrol,new delhi,hatchback,manual,hyundai,elite i20,1,great,True,410000
2014,82183,diesel,new delhi,suv,manual,ford,ecosport,1,great,True,415000
2013,74079,petrol,new delhi,hatchback,manual,hyundai,eon,2,fair,True,180000
2018,57022,diesel,new delhi,sedan,manual,maruti,dzire,1,great,True,540000
2008,66173,petrol,new delhi,hatchback,manual,maruti,wagon r,1,good,True,82000
2016,37310,diesel,new delhi,suv,manual,maruti,vitara brezza,1,great,True,603000
2017,48000,diesel,new delhi,hatchback,manual,hyundai,grand i10,1,great,True,350000
2013,38344,diesel,new delhi,suv,manual,ford,ecosport,2,great,True,325000
2015,32360,petrol & cng,new delhi,sedan,manual,honda,amaze,1,good,True,375000
2011,132160,diesel,new delhi,sedan,manual,toyota,etios,1,good,True,275000
2014,70605,diesel,new delhi,hatchback,manual,hyundai,grand i10,1,great,True,280000
2006,78551,petrol & cng,new delhi,hatchback,manual,maruti,wagon r,3,fair,False,65000
2012,73035,diesel,new delhi,sedan,manual,ford,fiesta classic,1,good,False,151000
2013,46576,diesel,new delhi,suv,manual,chevrolet,enjoy,1,good,False,215000
2013,104133,diesel,new delhi,suv,manual,renault,duster,1,great,False,296000
2017,11252,petrol,new delhi,hatchback,manual,hyundai,eon,1,great,False,270000
2013,20702,petrol,new delhi,hatchback,manual,hyundai,santro xing,1,good,False,210000
2001,93958,petrol,new delhi,hatchback,manual,maruti,zen,2,overpriced,False,55747
2018,5245,diesel,new delhi,,,ford,ecosport,1,great,False,950000
2013,146152,petrol & cng,new delhi,hatchback,manual,maruti,wagon r 1.0,1,great,False,205000
2008,99000,petrol,new delhi,sedan,manual,maruti,sx4,1,great,False,100000
2010,129490,diesel,new delhi,sedan,manual,hyundai,verna,1,great,False,90000
2017,44045,petrol,new delhi,hatchback,manual,maruti,swift,1,great,False,416000
2011,130982,diesel,new delhi,suv,manual,tata,safari,1,great,False,106000
2009,73874,petrol & cng,new delhi,sedan,manual,honda,city,2,great,False,180000
2014,61844,diesel,new delhi,hatchback,manual,hyundai,grand i10,1,great,False,260000
2010,64050,petrol,new delhi,hatchback,manual,hyundai,santro xing,1,good,False,150000
2010,103530,petrol,new delhi,hatchback,manual,hyundai,i20,3,great,False,117613
2016,62677,diesel,new delhi,luxury suv,automatic,hyundai,tucson new,1,great,False,1350000
2002,135423,petrol & cng,new delhi,hatchback,manual,maruti,wagon r,2,fair,False,33000
2010,92530,petrol & cng,new delhi,hatchback,manual,maruti,swift,2,fair,False,200000
2016,51802,diesel,new delhi,suv,manual,maruti,vitara brezza,1,great,True,750000
2011,45729,petrol,new delhi,sedan,manual,toyota,etios,1,fair,False,260000
2018,48608,petrol & cng,new delhi,suv,manual,maruti,eeco,1,great,False,310000
2014,29415,petrol,new delhi,hatchback,manual,maruti,alto k10,1,fair,False,280000
2013,112334,diesel,new delhi,luxury sedan,manual,hyundai,new elantra,2,good,False,510000
2009,69576,petrol & cng,new delhi,hatchback,manual,hyundai,i10,2,fair,False,145000
2005,86673,petrol,new delhi,hatchback,manual,hyundai,santro xing,1,great,False,47000
2009,64978,petrol & cng,new delhi,hatchback,manual,hyundai,i10,2,fair,False,130000
2004,164314,petrol & cng,new delhi,hatchback,manual,hyundai,santro xing,1,fair,False,35000
2012,154868,diesel,new delhi,sedan,manual,hyundai,verna,1,fair,False,350000
2013,64804,diesel,new delhi,suv,manual,mahindra,quanto,4,fair,False,200000
2005,74383,petrol,new delhi,hatchback,manual,hyundai,santro xing,1,overpriced,False,120000
2005,8771,petrol & cng,new delhi,sedan,manual,maruti,esteem,2,good,False,40000
2010,62017,petrol,new delhi,hatchback,manual,hyundai,i10,1,overpriced,False,220000
2007,77807,petrol,new delhi,sedan,manual,honda,city zx,2,great,False,100000
2011,79493,diesel,new delhi,hatchback,manual,hyundai,i20,4,fair,False,200000
2015,23829,petrol,new delhi,hatchback,manual,maruti,wagon r 1.0,1,great,True,270000
2010,137489,petrol & cng,new delhi,sedan,manual,hyundai,accent,1,overpriced,True,125000
2012,61885,diesel,new delhi,hatchback,manual,hyundai,i20,1,great,False,270000
2010,66320,diesel,new delhi,hatchback,manual,ford,figo,2,great,False,85000
2014,88748,diesel,new delhi,suv,manual,renault,duster,1,great,True,375000
2014,26156,petrol,new delhi,hatchback,manual,maruti,celerio,2,fair,True,290000
2007,96578,petrol & cng,new delhi,sedan,manual,maruti,sx4,4,fair,False,90000
2017,22618,petrol & cng,new delhi,sedan,automatic,maruti,ciaz,2,good,True,850000
2011,123142,diesel,new delhi,hatchback,manual,maruti,ritz,2,fair,True,200000
2015,27134,petrol,new delhi,hatchback,manual,maruti,alto 800,1,good,True,230000
2011,102748,petrol & cng,new delhi,hatchback,manual,maruti,wagon r 1.0,2,good,False,135000
2010,102882,diesel,new delhi,luxury suv,manual,toyota,fortuner,1,overpriced,True,710000
2010,61321,diesel,new delhi,hatchback,manual,tata,indica vista,1,overpriced,False,90000
2008,117269,petrol & cng,new delhi,sedan,manual,maruti,sx4,4,overpriced,False,125000
2012,132885,diesel,new delhi,sedan,manual,skoda,rapid,1,overpriced,False,300000
2011,126620,diesel,new delhi,sedan,manual,hyundai,verna,1,great,True,300000
2005,11111,petrol & cng,new delhi,hatchback,manual,maruti,swift,4,great,False,70000
2014,98033,diesel,new delhi,hatchback,manual,hyundai,grand i10,1,great,False,300000
2010,38329,petrol,new delhi,hatchback,manual,tata,nano,2,overpriced,False,41000
2010,104743,diesel,new delhi,luxury sedan,automatic,bmw,5 series,2,great,False,800000
2011,80177,diesel,new delhi,hatchback,manual,volkswagen,polo,3,fair,False,180000
2012,33679,diesel,new delhi,hatchback,manual,maruti,swift,1,great,True,300000
2005,118017,petrol,new delhi,hatchback,manual,maruti,wagon r,3,good,False,45000
2014,37844,diesel,new delhi,suv,manual,ford,ecosport,1,good,False,550000
2006,120827,petrol & cng,new delhi,hatchback,manual,maruti,wagon r,2,great,False,61000
2007,91280,petrol & cng,new delhi,sedan,automatic,honda,accord,3,overpriced,False,180000
2005,88750,petrol & cng,new delhi,hatchback,manual,hyundai,santro xing,3,good,False,50000
2014,91877,diesel,new delhi,sedan,manual,maruti,swift dzire,1,great,True,380000
2009,62170,petrol,new delhi,hatchback,manual,tata,indica vista,1,fair,True,80000
2008,34155,petrol,new delhi,hatchback,manual,hyundai,i10,2,fair,True,130000
2007,184569,petrol,new delhi,sedan,manual,honda,city zx,1,fair,False,150000
2016,60296,petrol & cng,new delhi,sedan,manual,honda,amaze,2,great,True,340000
2013,74195,diesel,new delhi,suv,manual,renault,duster,1,good,False,450000
2011,233972,diesel,new delhi,suv,manual,toyota,innova,2,great,False,400000
2014,74925,diesel,new delhi,sedan,manual,honda,amaze,2,good,False,300000
2013,116868,diesel,new delhi,hatchback,manual,hyundai,i20,1,fair,True,350000
2005,100581,petrol,new delhi,hatchback,manual,hyundai,santro xing,1,fair,False,65000
2011,68351,diesel,new delhi,hatchback,manual,maruti,ritz,1,great,False,175000
2008,76226,petrol & cng,new delhi,sedan,manual,hyundai,accent,2,overpriced,False,100000
2009,58274,petrol & cng,new delhi,hatchback,manual,hyundai,i10,2,good,True,140000
2005,87990,petrol,new delhi,hatchback,manual,maruti,wagon r,3,overpriced,False,65000
2007,94111,petrol,new delhi,,,honda,city zx,4,good,False,99000
2011,100919,diesel,new delhi,sedan,manual,maruti,swift dzire,1,good,True,275000
2017,13733,petrol,new delhi,hatchback,manual,hyundai,grand i10,2,great,True,460000
2011,76924,diesel,new delhi,hatchback,manual,ford,figo,2,fair,False,130000
2014,108151,petrol,new delhi,sedan,manual,hyundai,xcent,1,great,True,300000
2005,229898,petrol,new delhi,hatchback,manual,hyundai,santro xing,3,great,False,35000
2005,79908,petrol,new delhi,hatchback,manual,hyundai,santro xing,3,overpriced,False,60000
2012,153409,diesel,new delhi,sedan,manual,toyota,etios,1,good,False,310000
2010,104508,petrol & cng,new delhi,hatchback,manual,maruti,wagon r 1.0,2,fair,False,155000
2018,5360,petrol,new delhi,hatchback,manual,hyundai,eon,1,fair,True,400000
2007,94540,petrol & cng,new delhi,hatchback,manual,maruti,wagon r,1,overpriced,False,100000
2011,139756,petrol & cng,new delhi,sedan,manual,honda,city,2,fair,True,350000
2012,84798,diesel,new delhi,suv,manual,mahindra,xuv500,2,great,False,435000
2012,41228,diesel,new delhi,sedan,manual,maruti,swift dzire,1,great,False,360000
2012,87626,diesel,new delhi,hatchback,manual,maruti,swift,2,great,False,325000
2008,59294,petrol & cng,new delhi,hatchback,manual,hyundai,santro xing,1,fair,False,125000
2009,77972,petrol & cng,new delhi,hatchback,manual,maruti,swift,1,good,False,173000
2014,121137,diesel,new delhi,sedan,automatic,hyundai,verna,1,good,False,468000
2014,55941,diesel,new delhi,sedan,manual,maruti,swift dzire,1,good,False,475000
2013,29404,petrol,new delhi,suv,manual,maruti,eeco,1,good,False,225000
2014,24419,petrol,new delhi,sedan,manual,maruti,swift dzire,1,good,False,432000
2005,86869,petrol & cng,new delhi,hatchback,manual,hyundai,santro xing,4,good,False,55000
2016,41002,petrol & cng,new delhi,suv,manual,maruti,eeco,1,good,False,300000
2013,60643,petrol & cng,new delhi,hatchback,manual,hyundai,i10,2,good,False,250000
2009,81973,petrol & cng,new delhi,hatchback,manual,maruti,a star,1,great,False,90000
2013,98812,diesel,new delhi,sedan,manual,honda,amaze,1,good,False,345000
2015,45955,diesel,new delhi,suv,manual,ford,ecosport,2,good,False,680000
2014,54854,diesel,new delhi,sedan,manual,honda,amaze,2,great,False,350000
2005,55310,petrol,new delhi,sedan,manual,hyundai,accent,1,good,False,65000
2016,49443,diesel,new delhi,suv,manual,maruti,ertiga,2,great,False,600000
2013,66752,diesel,new delhi,suv,manual,mahindra,xuv500,1,good,False,650000
2008,166582,petrol & cng,new delhi,hatchback,manual,hyundai,santro xing,2,good,False,80000
2014,75738,diesel,new delhi,hatchback,manual,toyota,etios liva,1,great,False,330000
2014,76854,diesel,new delhi,sedan,manual,maruti,swift dzire,1,great,False,340000
2010,70893,petrol,new delhi,hatchback,manual,maruti,swift,2,good,False,170000
2015,24194,diesel,new delhi,luxury sedan,manual,toyota,corolla altis,1,overpriced,False,1250000
2005,103783,petrol,new delhi,hatchback,manual,maruti,wagon r,2,fair,False,58000
2009,191626,diesel,new delhi,sedan,manual,maruti,swift dzire,1,good,False,175000
2007,95318,petrol,new delhi,sedan,manual,ford,fiesta,1,fair,False,100000
2009,61167,petrol,new delhi,hatchback,manual,maruti,swift,2,overpriced,False,210000
2015,14170,petrol,mumbai,hatchback,manual,honda,brio,1,great,False,361699
2013,15534,petrol,mumbai,hatchback,manual,maruti,wagon r 1.0,1,great,True,278299
2012,39357,petrol,mumbai,hatchback,manual,hyundai,i10,1,great,False,292699
2009,21020,petrol,mumbai,hatchback,manual,maruti,wagon r,1,good,False,171699
2012,46859,petrol,mumbai,hatchback,manual,hyundai,i20,3,great,False,263499
2016,25943,petrol,mumbai,hatchback,,maruti,alto k10,1,great,False,325199
2011,26755,petrol,mumbai,hatchback,automatic,hyundai,i10,3,great,False,248499
2014,24155,petrol,mumbai,hatchback,manual,hyundai,grand i10,1,great,False,390099
2013,35746,petrol,mumbai,hatchback,manual,maruti,swift,2,great,False,381299
2016,18998,petrol,mumbai,hatchback,manual,maruti,alto k10,2,great,False,259999
2012,16259,petrol,mumbai,hatchback,manual,maruti,alto 800,1,great,False,216099
2014,35944,petrol,mumbai,hatchback,manual,hyundai,grand i10,1,great,False,401199
2013,17240,petrol,mumbai,hatchback,manual,maruti,wagon r 1.0,1,great,False,305399
2009,42533,petrol,mumbai,sedan,manual,maruti,swift dzire,2,good,False,282199
2014,31889,petrol,mumbai,hatchback,manual,maruti,alto 800,1,great,False,211199
2014,45701,petrol,mumbai,hatchback,manual,honda,brio,1,great,False,284599
2012,19373,petrol,mumbai,hatchback,manual,honda,brio,1,great,False,334699
2016,22069,petrol,mumbai,hatchback,manual,hyundai,i20 active,2,great,False,524899
2013,17781,petrol,mumbai,hatchback,manual,maruti,wagon r 1.0,1,great,False,316299
2019,5007,petrol,mumbai,hatchback,,maruti,s presso,1,great,False,408299
2012,42049,petrol,mumbai,hatchback,manual,honda,brio,1,great,False,328099
2010,23333,petrol,mumbai,hatchback,manual,maruti,wagon r 1.0,2,great,False,235599
2011,59336,petrol,mumbai,hatchback,manual,maruti,wagon r 1.0,1,great,False,248799
2013,24065,petrol,mumbai,hatchback,manual,maruti,wagon r 1.0,1,great,False,321899
2011,21763,petrol,mumbai,hatchback,manual,toyota,etios liva,1,great,False,271399
2016,13944,petrol,mumbai,hatchback,manual,renault,kwid,1,great,False,290199
2013,39011,petrol,mumbai,hatchback,manual,maruti,wagon r 1.0,1,great,False,296799
2016,21683,petrol,mumbai,hatchback,manual,datsun,redi go,1,great,False,222999
2014,21442,petrol,mumbai,hatchback,manual,hyundai,grand i10,1,great,False,369599
2015,16770,petrol,mumbai,hatchback,manual,maruti,wagon r 1.0,1,great,False,350999
2011,25626,petrol,mumbai,hatchback,manual,maruti,wagon r 1.0,2,great,False,255099
2013,32705,petrol,mumbai,hatchback,manual,maruti,alto 800,1,great,False,230599
2014,31625,petrol,mumbai,hatchback,manual,maruti,wagon r 1.0,1,great,False,307999
2013,28898,petrol,mumbai,sedan,manual,maruti,swift dzire,1,great,False,416099
2012,20712,petrol,mumbai,hatchback,manual,maruti,wagon r 1.0,2,great,False,268399
2016,24767,petrol,mumbai,hatchback,manual,maruti,wagon r 1.0,1,great,False,332999
2014,18670,petrol,mumbai,hatchback,manual,maruti,celerio,1,great,False,364899
2018,4343,petrol,mumbai,hatchback,manual,maruti,alto 800,1,great,False,366899
2013,34741,petrol,mumbai,hatchback,manual,hyundai,i20,1,great,False,403199
2012,43469,petrol,mumbai,hatchback,manual,honda,brio,1,great,False,281499
2012,44874,petrol,mumbai,hatchback,manual,maruti,wagon r 1.0,1,great,False,291099
2016,13349,petrol,mumbai,hatchback,manual,hyundai,grand i10,1,great,False,409399
2015,21236,petrol,mumbai,hatchback,manual,maruti,wagon r 1.0,2,great,False,309899
2014,29887,petrol,mumbai,sedan,manual,maruti,swift dzire,1,great,False,447999
2011,47607,petrol,mumbai,hatchback,manual,hyundai,i10,1,great,False,241399
2016,6049,petrol,mumbai,hatchback,manual,hyundai,grand i10,1,great,False,425999
2017,21416,petrol,mumbai,hatchback,manual,renault,kwid,1,great,False,334099
2013,36720,petrol,mumbai,sedan,manual,honda,amaze,2,great,False,373199
2016,14765,petrol,mumbai,hatchback,manual,hyundai,grand i10,1,great,False,436399
2015,18492,petrol,mumbai,hatchback,automatic,maruti,celerio,2,great,False,377099
2014,35265,petrol,mumbai,sedan,manual,honda,amaze,1,great,False,431799
2016,23746,petrol,mumbai,hatchback,manual,renault,kwid,1,great,False,299399
2016,17540,petrol,mumbai,hatchback,manual,renault,kwid,1,great,False,304799
2013,33807,petrol,mumbai,sedan,manual,hyundai,verna,1,great,False,449699
2012,47414,petrol,mumbai,hatchback,automatic,hyundai,i10,2,great,False,292699
2017,29254,petrol,mumbai,hatchback,manual,hyundai,grand i10,1,great,False,480099
2015,21896,petrol,mumbai,hatchback,manual,hyundai,elite i20,2,great,False,503599
2012,53688,petrol,mumbai,sedan,manual,maruti,swift dzire,1,great,False,383699
2010,35952,petrol,mumbai,hatchback,manual,hyundai,i10,1,good,False,225599
2012,10815,petrol,mumbai,hatchback,manual,maruti,wagon r 1.0,1,great,False,261399
2016,18294,petrol,mumbai,hatchback,manual,renault,kwid,2,great,False,279599
2016,30452,diesel,mumbai,hatchback,manual,maruti,baleno,2,great,False,536699
2012,45627,petrol,mumbai,sedan,manual,maruti,swift dzire,1,great,False,375799
2013,41919,petrol,mumbai,hatchback,manual,maruti,wagon r stingray,1,great,False,299999
2013,33175,petrol,mumbai,sedan,manual,honda,amaze,1,great,False,340599
2017,19363,petrol,mumbai,hatchback,automatic,honda,jazz,1,great,False,658899
2010,49949,petrol,mumbai,hatchback,manual,maruti,wagon r,1,great,False,199899
2018,15019,petrol,mumbai,hatchback,,maruti,alto k10,1,great,False,368599
2014,35965,petrol,mumbai,hatchback,manual,maruti,swift,1,great,False,410799
2015,9307,petrol,mumbai,hatchback,manual,hyundai,grand i10,1,great,False,431799
2014,37296,petrol,mumbai,hatchback,manual,maruti,celerio,1,great,False,327599
2015,35484,petrol,mumbai,hatchback,automatic,maruti,wagon r 1.0,2,great,False,348399
2012,52789,petrol,mumbai,hatchback,manual,honda,brio,1,great,False,274099
2010,28434,petrol,mumbai,hatchback,manual,hyundai,i20,2,great,False,272799
2012,58375,petrol,mumbai,hatchback,manual,honda,brio,2,great,False,295399
2011,55911,petrol,mumbai,suv,manual,maruti,eeco,1,great,False,226899
2014,42967,petrol,mumbai,hatchback,manual,hyundai,grand i10,2,great,False,379699
2014,28385,petrol,mumbai,hatchback,manual,hyundai,eon,2,great,False,227499
2011,38254,petrol,mumbai,hatchback,manual,maruti,wagon r 1.0,1,great,False,229699
2014,37891,petrol,mumbai,hatchback,manual,hyundai,grand i10,2,great,False,379299
2016,20909,petrol,mumbai,hatchback,manual,maruti,baleno,1,great,False,555799
2012,46297,petrol,mumbai,sedan,manual,honda,city,1,great,False,429699
2010,33870,petrol,mumbai,hatchback,manual,maruti,swift,2,great,False,249999
2014,37259,petrol,mumbai,hatchback,manual,maruti,swift,1,great,False,409199
2015,46809,petrol,mumbai,hatchback,manual,hyundai,grand i10,2,great,False,366299
2017,18832,petrol,mumbai,hatchback,,renault,kwid,1,great,False,335599
2010,37228,petrol,mumbai,hatchback,manual,hyundai,i10,1,great,False,227199
2017,31307,petrol,mumbai,hatchback,manual,maruti,celerio,1,great,False,384499
2018,10715,petrol,mumbai,hatchback,manual,renault,kwid,1,great,False,340499
2013,53681,petrol,mumbai,sedan,manual,maruti,swift dzire,1,great,False,408999
2016,34956,petrol,mumbai,hatchback,manual,renault,kwid,1,great,False,293999
2014,34600,petrol,mumbai,hatchback,automatic,volkswagen,polo,1,great,False,538599
2008,57791,petrol & cng,mumbai,hatchback,manual,maruti,wagon r duo,1,good,False,172699
2019,6980,petrol,mumbai,hatchback,manual,maruti,alto k10,1,great,False,347199
2016,18935,petrol,mumbai,hatchback,manual,hyundai,elite i20,1,great,False,514399
2012,50581,petrol,mumbai,hatchback,manual,maruti,swift,1,great,False,427199
2011,78199,petrol,mumbai,hatchback,manual,maruti,wagon r 1.0,1,great,False,218599
2018,8252,petrol,mumbai,hatchback,manual,maruti,ignis,1,great,False,482699
2016,38533,petrol,mumbai,hatchback,,maruti,baleno,1,great,False,520799
2012,66016,petrol,mumbai,hatchback,manual,hyundai,i10,1,great,False,252899
2015,8322,petrol,mumbai,hatchback,manual,maruti,alto 800,1,good,False,294299
2019,20058,petrol & cng,mumbai,hatchback,manual,maruti,alto,1,great,False,434399
2015,45897,petrol,mumbai,sedan,manual,maruti,swift dzire,2,great,False,436499
2017,16362,petrol,mumbai,sedan,automatic,maruti,dzire,1,great,False,640799
2009,22897,petrol,mumbai,hatchback,manual,hyundai,i20,1,good,False,244299
2017,8945,petrol,mumbai,hatchback,manual,hyundai,elite i20,1,great,False,650499
2016,41980,petrol,mumbai,sedan,manual,hyundai,xcent,1,great,False,445999
2017,13460,petrol,mumbai,sedan,manual,maruti,dzire,1,great,False,669699
2017,29736,diesel,mumbai,sedan,manual,maruti,dzire,1,great,False,741199
2014,23576,petrol,mumbai,hatchback,manual,hyundai,i20,1,great,False,424899
2016,30609,petrol,mumbai,hatchback,manual,maruti,baleno,1,great,False,532899
2009,32330,petrol,mumbai,hatchback,manual,maruti,alto,1,great,False,150999
2012,83929,petrol,mumbai,sedan,manual,honda,city,1,great,False,363699
2013,54173,petrol,mumbai,hatchback,manual,hyundai,grand i10,2,great,False,324599
2014,51026,petrol,mumbai,hatchback,automatic,maruti,celerio,1,great,False,347599
2016,46132,petrol,mumbai,hatchback,automatic,maruti,wagon r 1.0,1,great,False,360099
2013,71880,petrol,mumbai,sedan,automatic,hyundai,verna,2,great,False,429499
2016,41282,petrol,mumbai,hatchback,manual,hyundai,i20 active,1,great,False,531999
2013,53390,petrol,mumbai,hatchback,manual,maruti,swift,1,great,False,397799
2017,16856,petrol,mumbai,suv,,ford,ecosport,1,great,True,828799
2015,67138,petrol,mumbai,hatchback,manual,maruti,swift,1,great,False,402399
2019,5135,petrol,mumbai,hatchback,,toyota,glanza,1,great,False,742699
2018,13931,petrol,mumbai,hatchback,manual,maruti,baleno,1,great,False,630599
2011,34524,petrol,mumbai,hatchback,manual,maruti,swift,1,fair,True,306499
2014,56556,petrol,mumbai,sedan,automatic,maruti,swift dzire,1,great,True,415999
2014,49658,petrol,mumbai,hatchback,manual,hyundai,elite i20,1,great,False,467699
2011,47057,petrol,mumbai,hatchback,manual,maruti,alto k10,1,good,False,209099
2017,33319,diesel,mumbai,sedan,manual,maruti,ciaz,1,great,False,701999
2019,8277,petrol,mumbai,sedan,manual,honda,amaze,1,great,False,689099
2016,41634,petrol,mumbai,hatchback,manual,renault,kwid,1,great,False,283799
2018,6327,petrol,mumbai,hatchback,automatic,maruti,baleno,1,great,False,748699
2014,63776,petrol,mumbai,hatchback,manual,maruti,alto 800,1,great,False,221899
2019,7658,petrol,mumbai,,,hyundai,new santro,1,great,False,528199
2014,52984,petrol & cng,mumbai,hatchback,manual,maruti,wagon r 1.0,3,great,False,300299
2016,54873,diesel,mumbai,hatchback,manual,hyundai,grand i10,1,great,False,506399
2014,46776,petrol,mumbai,sedan,manual,hyundai,xcent,1,great,False,402599
2015,65777,petrol & cng,mumbai,hatchback,manual,maruti,wagon r 1.0,1,great,False,337399
2014,58732,petrol,mumbai,hatchback,manual,maruti,swift,2,great,False,380099
2015,50666,petrol,mumbai,hatchback,,maruti,alto k10,1,great,False,275099
2014,56827,petrol,mumbai,hatchback,manual,maruti,wagon r 1.0,1,great,False,333799
2010,63741,petrol,mumbai,hatchback,manual,maruti,wagon r 1.0,3,great,False,209599
2018,8051,petrol,mumbai,sedan,,ford,figo aspire,1,great,False,604099
2018,3349,petrol,mumbai,suv,manual,maruti,ertiga,1,great,False,761699
2017,14157,petrol,mumbai,sedan,manual,honda,city,1,great,False,709299
2017,85389,petrol,mumbai,hatchback,,hyundai,grand i10,1,great,False,461899
2009,58018,petrol,mumbai,hatchback,manual,hyundai,i10,1,good,False,194499
2013,73961,petrol,mumbai,sedan,manual,honda,amaze,1,great,False,379499
2011,78578,petrol,mumbai,sedan,manual,honda,city,2,great,False,317599
2016,41876,petrol,mumbai,hatchback,,maruti,baleno,1,great,False,696899
2012,81626,diesel,mumbai,hatchback,manual,maruti,swift,1,great,False,398399
2012,68951,petrol,mumbai,sedan,automatic,honda,city,2,great,False,403499
2018,37639,diesel,mumbai,suv,manual,honda,wr-v,1,great,False,863499
2009,67524,petrol,mumbai,sedan,manual,honda,city,2,great,False,242999
2014,56607,petrol & cng,mumbai,hatchback,manual,maruti,wagon r 1.0,1,good,True,341499
2012,68344,petrol,mumbai,hatchback,manual,maruti,alto 800,1,great,False,207199
2012,68981,petrol,mumbai,hatchback,manual,hyundai,i20,2,great,False,305699
2013,61542,diesel,mumbai,sedan,manual,maruti,swift dzire,1,great,False,439999
2012,70192,diesel,mumbai,sedan,manual,maruti,swift dzire,2,great,False,403999
2015,62946,petrol,mumbai,hatchback,manual,honda,brio,1,great,False,329299
2018,25839,diesel,mumbai,hatchback,automatic,maruti,swift,1,great,False,715899
2017,35045,petrol,mumbai,hatchback,manual,hyundai,elite i20,1,great,False,576499
2017,59847,diesel,mumbai,suv,manual,maruti,ertiga,1,great,False,724399
2013,59961,diesel,mumbai,sedan,manual,maruti,swift dzire,1,great,False,487699
2014,65028,petrol & cng,mumbai,hatchback,manual,maruti,alto 800,2,great,False,232899
2011,80291,petrol,mumbai,hatchback,manual,toyota,etios liva,2,great,False,263599
2010,69317,petrol,mumbai,hatchback,manual,honda,jazz,2,great,False,268599
2012,87755,petrol,mumbai,hatchback,manual,honda,brio,1,great,False,258799
2011,90883,petrol,mumbai,sedan,manual,toyota,etios,1,great,False,278999
2014,63967,diesel,mumbai,sedan,manual,maruti,ciaz,1,great,False,572999
2015,73924,petrol,mumbai,sedan,,volkswagen,vento,2,great,False,456599
2009,63454,petrol,mumbai,hatchback,manual,maruti,alto,1,great,False,145599
2019,9329,petrol,mumbai,suv,automatic,tata,nexon ,1,great,False,917899
2008,71388,petrol,mumbai,sedan,manual,honda,city,2,great,False,264399
2009,70458,petrol,mumbai,hatchback,manual,maruti,alto,2,good,False,147699
2011,78074,diesel,mumbai,luxury sedan,manual,toyota,corolla altis,2,great,False,422599
2013,75476,diesel,mumbai,sedan,manual,maruti,swift dzire,1,great,True,456299
2008,72604,diesel,mumbai,hatchback,manual,maruti,swift,1,great,False,234799
2018,26989,petrol,mumbai,sedan,,toyota,yaris,1,great,False,808199
2010,81341,petrol,mumbai,hatchback,manual,maruti,wagon r 1.0,2,great,False,243699
2014,70915,petrol,mumbai,hatchback,manual,honda,brio,1,great,False,333899
2019,17745,diesel,mumbai,suv,,tata,nexon ,1,great,False,827999
2012,70050,petrol,mumbai,hatchback,manual,maruti,alto 800,1,great,False,233699
2018,30301,diesel,mumbai,suv,,maruti,vitara brezza,2,great,False,923699
2018,30699,petrol,mumbai,sedan,automatic,maruti,ciaz,1,great,False,875399
2012,101287,petrol & cng,mumbai,hatchback,manual,maruti,wagon r 1.0,1,great,False,271899
2017,43828,diesel,mumbai,hatchback,manual,maruti,baleno,2,great,False,606699
2017,57289,petrol,mumbai,hatchback,manual,datsun,redi go,1,great,False,261999
2012,102433,petrol,mumbai,sedan,manual,hyundai,verna,1,great,False,421799
2011,88596,petrol,mumbai,sedan,manual,honda,city,2,great,False,334999
2018,37344,diesel,mumbai,suv,automatic,maruti,vitara brezza,1,great,False,878899
2017,30705,diesel,mumbai,suv,automatic,tata,hexa,1,great,False,1311988
2013,74265,diesel,mumbai,sedan,manual,maruti,swift dzire,1,great,False,464499
2012,105992,petrol,mumbai,hatchback,manual,hyundai,i20,1,great,False,316299
2008,122440,petrol,mumbai,sedan,manual,maruti,swift dzire,2,good,False,199799
2017,64132,petrol,mumbai,hatchback,automatic,maruti,celerio,1,great,False,432699
2014,71057,diesel,mumbai,hatchback,manual,hyundai,i20,1,great,False,469899
2010,197455,diesel,mumbai,sedan,manual,maruti,swift dzire,1,great,False,277099
2011,105059,diesel,mumbai,sedan,manual,maruti,swift dzire,2,great,False,299299
2011,129017,diesel,mumbai,sedan,manual,hyundai,verna,1,great,False,384299
2014,87333,diesel,mumbai,sedan,manual,maruti,swift dzire,1,great,False,514799
2017,56095,petrol,mumbai,hatchback,manual,maruti,baleno,1,great,False,533599
2016,22041,petrol,mumbai,suv,automatic,hyundai,creta,1,great,False,1025956
2014,69308,petrol,mumbai,sedan,manual,maruti,ciaz,1,great,False,473699
2011,120090,petrol,mumbai,hatchback,manual,hyundai,i10,1,great,False,207499
2009,95741,petrol,mumbai,hatchback,manual,maruti,swift,2,good,False,232599
2017,62638,diesel,mumbai,sedan,automatic,maruti,swift dzire,2,great,False,660599
2015,83792,petrol,mumbai,hatchback,manual,maruti,baleno,1,great,False,525199
2016,37870,petrol,mumbai,luxury sedan,automatic,skoda,superb,1,great,False,1403494
2011,107845,petrol,mumbai,sedan,manual,toyota,etios,1,great,False,285999
2015,93753,diesel,mumbai,luxury suv,manual,mahindra,xuv500,1,great,False,758099
2016,62591,petrol,mumbai,hatchback,manual,maruti,baleno,2,great,False,519499
2018,59502,diesel,mumbai,luxury suv,,mahindra,xuv500,1,great,False,1596606
2015,116206,petrol,mumbai,hatchback,manual,hyundai,elite i20,1,great,False,422999
2012,69848,petrol,mumbai,hatchback,automatic,hyundai,i10,1,good,False,342699
2012,91003,diesel,mumbai,sedan,manual,toyota,etios,2,great,False,370999
2012,91857,diesel,mumbai,hatchback,manual,maruti,swift,1,great,False,379999
2016,45828,diesel,mumbai,luxury sedan,automatic,skoda,superb,1,great,False,1917988
2016,64886,diesel,mumbai,suv,manual,maruti,vitara brezza,1,great,False,617399
2011,100554,diesel,mumbai,hatchback,manual,maruti,swift,1,great,False,323799
2016,81293,diesel,mumbai,hatchback,manual,maruti,baleno,1,great,False,660299
2012,102656,diesel,mumbai,sedan,manual,maruti,swift dzire,2,great,False,421599
2011,105125,diesel,mumbai,hatchback,manual,hyundai,i20,2,great,False,303799
2014,86253,diesel,mumbai,suv,manual,renault,duster,2,great,False,521299
2010,112961,petrol,mumbai,hatchback,manual,maruti,alto,1,good,False,142599
2010,93112,petrol,mumbai,hatchback,manual,maruti,wagon r 1.0,1,great,False,212899
2010,102987,petrol,mumbai,hatchback,manual,maruti,wagon r 1.0,1,good,False,262299
2012,96911,diesel,mumbai,suv,manual,renault,duster,1,great,False,425199
2014,88615,petrol & cng,mumbai,hatchback,manual,maruti,wagon r 1.0,1,great,False,346499
2013,101287,diesel,mumbai,hatchback,manual,hyundai,i20,2,great,False,355999
2013,95810,diesel,mumbai,hatchback,manual,maruti,ritz,2,great,False,306699
2015,50867,petrol,mumbai,luxury sedan,automatic,toyota,corolla altis,2,great,False,919899
2014,96335,petrol & cng,mumbai,hatchback,manual,maruti,wagon r 1.0,2,great,False,283599
2015,86203,diesel,mumbai,luxury suv,manual,mahindra,xuv500,1,great,False,790699
2015,106944,petrol & cng,mumbai,hatchback,manual,maruti,wagon r 1.0,1,great,False,310399
2010,135985,diesel,mumbai,suv,manual,toyota,innova,2,great,False,529399
2015,96336,petrol,mumbai,sedan,manual,honda,city,1,great,False,603299
2014,84226,diesel,mumbai,luxury suv,manual,mahindra,xuv500,1,great,False,681699
2010,148367,diesel,mumbai,sedan,manual,maruti,swift dzire,1,great,False,295999
2009,163408,diesel,mumbai,hatchback,manual,maruti,swift,1,great,False,256799
2010,210074,petrol,mumbai,hatchback,manual,maruti,wagon r 1.0,1,good,False,199299
2009,110210,petrol,mumbai,sedan,manual,honda,city,3,good,False,239799
2011,143702,diesel,mumbai,hatchback,manual,maruti,ritz,2,great,False,219399
2014,83460,diesel,mumbai,luxury sedan,automatic,mercedes benz,c class,1,great,False,1308049
2016,90509,petrol,mumbai,luxury sedan,automatic,toyota,corolla altis,1,great,False,974999
2013,128399,diesel,mumbai,hatchback,manual,maruti,swift,1,great,False,373999
2013,156564,diesel,mumbai,suv,manual,maruti,ertiga,1,great,False,548999
2013,118398,diesel,mumbai,suv,manual,renault,duster,1,great,False,436599
2013,116584,diesel,mumbai,sedan,manual,honda,amaze,1,great,False,306599
2013,89130,petrol & cng,mumbai,hatchback,manual,maruti,wagon r 1.0,1,good,False,275799
2014,102818,diesel,mumbai,suv,manual,ford,ecosport,1,great,False,514599
2014,145347,diesel,mumbai,suv,manual,ford,ecosport,2,great,False,454199
2013,169893,petrol,mumbai,sedan,manual,maruti,swift dzire,1,great,False,399899
2015,162610,petrol,mumbai,sedan,manual,honda,amaze,1,great,False,344099
2013,198155,diesel,mumbai,sedan,manual,honda,amaze,1,great,False,304299
2016,141441,diesel,mumbai,sedan,manual,maruti,ciaz,1,great,False,553999
2011,156138,diesel,mumbai,hatchback,manual,maruti,swift,1,great,False,360699
2009,119625,petrol,mumbai,sedan,manual,maruti,sx4,2,good,False,203399
2012,172356,diesel,mumbai,luxury suv,automatic,toyota,fortuner,3,great,False,1019189
2008,270002,diesel,mumbai,suv,,toyota,innova,1,great,False,383499
2014,143871,diesel,mumbai,hatchback,manual,maruti,swift,1,great,False,429499
2013,228190,diesel,mumbai,suv,manual,renault,duster,1,great,False,388899
2014,121994,diesel,mumbai,suv,manual,toyota,innova,1,great,False,967899
2018,16715,petrol,mumbai,sedan,manual,tata,tigor,1,great,False,574599
2012,27642,petrol,mumbai,sedan,manual,hyundai,verna,1,great,False,337399
2008,38192,petrol,mumbai,luxury sedan,,toyota,corolla altis,3,good,False,239699
2012,26760,petrol & cng,mumbai,hatchback,manual,maruti,alto,1,good,False,180999
2014,22957,petrol,mumbai,hatchback,manual,maruti,celerio,1,great,False,358499
2013,53675,diesel,mumbai,sedan,manual,maruti,swift dzire,1,great,False,494199
2010,27565,petrol,mumbai,hatchback,manual,maruti,ritz,3,great,False,194199
2014,32498,petrol,mumbai,hatchback,manual,maruti,wagon r 1.0,2,great,False,281499
2014,24048,petrol,mumbai,sedan,manual,honda,amaze,1,great,False,456599
2014,15206,petrol,mumbai,hatchback,manual,maruti,celerio,1,great,False,372399
2017,16723,petrol,mumbai,hatchback,manual,hyundai,elite i20,1,great,False,612599
2015,14562,petrol,mumbai,hatchback,automatic,tata,nano,1,great,False,182499
2017,18596,petrol,mumbai,hatchback,,renault,kwid,1,great,False,366499
2011,37505,petrol,mumbai,sedan,manual,toyota,etios,1,great,False,256999
2013,13688,petrol,mumbai,hatchback,manual,maruti,wagon r 1.0,1,great,False,344699
2008,16352,petrol,mumbai,sedan,manual,maruti,swift dzire,1,good,False,241599
2015,26161,petrol,mumbai,sedan,automatic,hyundai,xcent,1,great,False,414299
2013,20609,petrol,mumbai,hatchback,manual,honda,brio,1,great,False,332599
2015,9357,petrol,mumbai,hatchback,manual,maruti,wagon r 1.0,1,great,False,354699
2012,39652,petrol,mumbai,hatchback,manual,maruti,wagon r 1.0,3,great,False,272199
2013,32158,petrol,mumbai,hatchback,manual,hyundai,eon,2,great,False,194299
2015,14830,petrol,mumbai,hatchback,manual,maruti,celerio,1,great,False,353899
2015,9622,petrol,mumbai,hatchback,manual,maruti,wagon r 1.0,1,great,False,376399
2016,20275,petrol,mumbai,hatchback,automatic,renault,kwid,2,great,False,326099
2017,20010,petrol,mumbai,suv,manual,maruti,eeco,1,great,False,377199
2014,38472,petrol,mumbai,hatchback,manual,maruti,swift,1,great,False,446199
2017,12163,petrol,mumbai,hatchback,manual,tata,tiago,1,great,False,379299
2010,35171,petrol,mumbai,hatchback,manual,maruti,a star,1,good,False,206499
2008,36860,petrol,mumbai,hatchback,manual,hyundai,i10,2,good,False,178299
2014,34682,petrol,mumbai,sedan,manual,hyundai,xcent,1,great,False,442399
2016,10523,petrol,mumbai,hatchback,,maruti,alto k10,1,great,False,345199
2017,26428,petrol,mumbai,hatchback,manual,maruti,celerio,1,great,False,418799
2019,6966,petrol,mumbai,hatchback,,renault,kwid,1,great,False,421399
2014,15788,petrol,mumbai,hatchback,manual,maruti,swift,1,great,False,417299
2011,26331,petrol,mumbai,hatchback,manual,chevrolet,beat,1,fair,False,186599
2013,54581,petrol & cng,mumbai,sedan,manual,honda,amaze,1,great,False,391299
2015,29837,petrol,mumbai,hatchback,manual,toyota,etios liva,2,great,False,347099
2013,44929,petrol,mumbai,sedan,manual,honda,amaze,1,great,False,391999
2012,50082,diesel,mumbai,sedan,manual,maruti,swift dzire,1,great,False,445199
2010,18469,petrol,mumbai,hatchback,manual,maruti,a star,1,good,False,224699
2011,49337,petrol,mumbai,sedan,manual,maruti,swift dzire,1,great,False,316099
2011,19908,petrol,mumbai,hatchback,manual,hyundai,santro xing,1,good,False,200599
2011,19167,petrol,mumbai,hatchback,manual,hyundai,i10,1,great,False,245899
2010,38621,petrol,mumbai,hatchback,manual,maruti,ritz,1,good,False,205799
2016,30653,petrol,mumbai,sedan,manual,volkswagen,ameo,1,great,False,511599
2013,21404,petrol,mumbai,hatchback,manual,volkswagen,polo,1,great,False,327699
2011,47405,petrol,mumbai,hatchback,manual,hyundai,i20,1,great,False,286699
2014,18534,petrol,mumbai,hatchback,manual,hyundai,grand i10,2,great,False,354399
2016,32156,petrol,mumbai,hatchback,automatic,maruti,celerio,1,great,False,419799
2015,30131,petrol,mumbai,hatchback,manual,maruti,wagon r 1.0,1,great,False,351099
2015,15756,petrol,mumbai,hatchback,automatic,maruti,celerio,1,great,False,405799
2017,14152,petrol,mumbai,hatchback,manual,datsun,redi go,1,great,False,274399
2012,25939,petrol,mumbai,hatchback,manual,hyundai,i10,1,great,False,281299
2013,27753,petrol,mumbai,hatchback,manual,maruti,swift,1,great,False,365799
2014,25224,petrol,mumbai,hatchback,manual,maruti,swift,2,great,False,402699
2012,48921,petrol,mumbai,hatchback,manual,maruti,wagon r 1.0,1,great,False,283199
2012,13567,petrol,mumbai,hatchback,manual,honda,brio,3,great,False,326699
2020,2963,diesel,mumbai,sedan,,hyundai,aura,1,great,False,894799
2017,16206,petrol,mumbai,hatchback,manual,hyundai,eon,1,great,False,286399
2013,14671,petrol,mumbai,sedan,manual,honda,amaze,1,great,False,402999
2014,28344,petrol,mumbai,hatchback,manual,maruti,swift,1,great,False,413899
2017,23132,petrol,mumbai,hatchback,manual,hyundai,elite i20,1,great,False,595199
2012,27469,petrol,mumbai,sedan,manual,toyota,etios,2,great,False,280899
2011,54065,petrol,mumbai,hatchback,manual,hyundai,i20,1,great,False,298999
2013,38081,petrol,mumbai,hatchback,manual,maruti,swift,1,great,False,368199
2018,6082,petrol,mumbai,hatchback,manual,maruti,alto k10,1,great,False,365299
2010,27071,petrol,mumbai,sedan,manual,maruti,swift dzire,1,great,False,316199
2011,43844,petrol,mumbai,hatchback,manual,hyundai,i20,1,great,False,251499
2011,18514,petrol,mumbai,hatchback,manual,maruti,wagon r 1.0,1,great,False,282699
2014,22136,petrol,mumbai,hatchback,manual,hyundai,grand i10,1,great,False,403999
2011,45185,petrol,mumbai,hatchback,automatic,maruti,a star,3,good,False,186899
2014,6858,petrol,mumbai,hatchback,manual,maruti,wagon r 1.0,1,great,False,384699
2011,38262,petrol,mumbai,hatchback,manual,hyundai,i20,1,great,False,278399
2017,18321,petrol,mumbai,hatchback,manual,hyundai,grand i10,1,great,False,445899
2015,22130,petrol & cng,mumbai,hatchback,,maruti,wagon r 1.0,1,great,False,392999
2017,11934,petrol,mumbai,hatchback,manual,maruti,alto 800,1,great,False,298799
2012,25748,petrol,mumbai,hatchback,manual,maruti,wagon r 1.0,2,great,False,283899
2020,4989,petrol,mumbai,hatchback,manual,renault,kwid,1,great,False,403099
2017,9825,petrol,mumbai,hatchback,manual,maruti,swift,1,great,False,551499
2015,30030,petrol,mumbai,suv,manual,honda,mobilio,1,great,False,497499
2013,18620,petrol,mumbai,hatchback,manual,hyundai,i20,1,great,False,424199
2016,10986,diesel,mumbai,suv,manual,mahindra,kuv100,1,great,False,441199
2017,27971,petrol,mumbai,hatchback,manual,maruti,baleno,2,great,False,548999
2015,27165,petrol,mumbai,hatchback,manual,hyundai,grand i10,1,great,False,423599
2018,7797,petrol,mumbai,hatchback,automatic,hyundai,grand i10,1,great,False,621699
2013,50633,petrol,mumbai,hatchback,manual,maruti,swift,1,great,False,359599
2014,36541,petrol,mumbai,hatchback,manual,hyundai,grand i10,1,great,False,378499
2016,16317,petrol,mumbai,hatchback,manual,maruti,baleno,1,great,False,570699
2012,24255,petrol,mumbai,hatchback,manual,maruti,wagon r 1.0,1,great,False,287699
2011,29959,petrol,mumbai,hatchback,manual,hyundai,i20,1,great,False,371599
2012,22938,petrol,mumbai,hatchback,manual,honda,brio,2,great,False,265099
2011,59371,petrol,mumbai,hatchback,manual,hyundai,i20,2,great,False,283499
2013,21644,petrol,mumbai,suv,manual,ford,ecosport,2,great,False,423499
2011,53465,petrol,mumbai,hatchback,manual,honda,jazz,1,great,False,289499
2010,32552,petrol,mumbai,hatchback,manual,maruti,ritz,1,good,False,245999
2011,39413,petrol,mumbai,hatchback,manual,hyundai,i10,1,great,False,263799
2010,28925,petrol,mumbai,hatchback,manual,hyundai,i10,2,great,False,233299
2015,33015,petrol,mumbai,sedan,manual,toyota,etios,1,great,False,429599
2012,37356,petrol,mumbai,hatchback,manual,hyundai,i20,1,great,False,369599
2011,38993,petrol & cng,mumbai,hatchback,manual,hyundai,i20,2,great,False,316399
2014,38327,petrol,mumbai,hatchback,manual,hyundai,grand i10,2,great,False,379999
2016,19176,petrol,mumbai,hatchback,manual,maruti,alto 800,1,great,False,302099
2016,35372,diesel,mumbai,suv,automatic,mahindra,tuv300,2,great,False,588299
2017,23296,petrol,mumbai,hatchback,automatic,renault,kwid,1,great,False,381099
2016,21159,petrol,mumbai,sedan,manual,maruti,swift dzire,1,great,False,487799
2014,42515,petrol & cng,mumbai,hatchback,manual,maruti,wagon r 1.0,1,great,False,331199
2020,2787,petrol,mumbai,,,kia,seltos,1,great,False,1904656
2020,2863,petrol,mumbai,,,kia,seltos,1,great,False,1911726
2016,21303,petrol,mumbai,hatchback,manual,hyundai,eon,1,great,False,303099
2016,15395,petrol,mumbai,hatchback,,maruti,alto k10,1,great,False,346599
2013,41719,petrol,mumbai,hatchback,manual,hyundai,i20,2,great,False,360399
2011,54996,diesel,mumbai,luxury sedan,manual,chevrolet,cruze,2,great,False,352699
2013,50542,petrol,mumbai,sedan,manual,honda,city,2,great,False,401699
2016,16887,petrol,mumbai,hatchback,manual,renault,kwid,2,great,False,307099
2011,43815,petrol,mumbai,hatchback,manual,maruti,alto k10,2,good,False,187899
2017,20192,petrol,mumbai,hatchback,manual,maruti,alto 800,1,great,False,313199
2014,36661,petrol & cng,mumbai,hatchback,manual,maruti,wagon r 1.0,1,great,False,341299
2017,28928,petrol,mumbai,hatchback,automatic,maruti,celerio,1,great,False,456399
2013,53411,petrol,mumbai,sedan,manual,honda,amaze,2,great,False,366299
2017,22918,petrol,mumbai,hatchback,manual,datsun,redi go,1,great,False,259399
2013,45594,petrol,mumbai,sedan,manual,honda,amaze,2,great,False,377999
2014,25150,petrol,mumbai,hatchback,manual,hyundai,grand i10,1,great,False,423599
2015,10438,petrol,mumbai,hatchback,automatic,hyundai,grand i10,1,great,False,517899
2014,24887,petrol,mumbai,suv,manual,ford,ecosport,1,great,False,496199
2011,31578,petrol,mumbai,sedan,manual,volkswagen,vento,1,good,False,331999
2019,12869,petrol & cng,mumbai,suv,manual,maruti,eeco,1,great,False,498799
2013,23092,petrol,mumbai,hatchback,manual,hyundai,eon,1,great,False,215999
2015,39053,diesel,mumbai,suv,manual,renault,duster,1,great,False,568599
2015,54699,petrol,mumbai,sedan,manual,maruti,ciaz,1,great,False,556799
2013,49492,petrol,mumbai,hatchback,,maruti,alto k10,1,great,False,200099
2017,19561,petrol,mumbai,hatchback,manual,hyundai,elite i20,2,great,False,505299
2015,29683,petrol,mumbai,sedan,manual,maruti,swift dzire,1,great,False,503899
2018,8604,petrol,mumbai,sedan,manual,maruti,dzire,1,great,False,668899
2012,50884,petrol,mumbai,sedan,manual,honda,accord,2,great,False,442499
2014,43680,petrol,mumbai,hatchback,manual,maruti,swift,2,great,False,387699
2017,29912,petrol,mumbai,hatchback,manual,maruti,ignis,1,great,False,453599
2011,33412,petrol,mumbai,hatchback,manual,maruti,ritz,1,great,False,277399
2015,42102,petrol,mumbai,hatchback,manual,maruti,wagon r 1.0,1,great,False,320999
2013,47239,petrol,mumbai,sedan,manual,honda,amaze,2,great,False,405699
2013,45525,petrol,mumbai,hatchback,manual,hyundai,i20,1,great,False,377999
2010,50742,petrol,mumbai,hatchback,manual,maruti,alto k10,2,good,False,176599
2016,40039,petrol,mumbai,hatchback,,maruti,baleno,1,great,False,635099
2010,33318,petrol,mumbai,hatchback,manual,maruti,wagon r,1,good,False,250799
2010,37030,petrol,mumbai,hatchback,manual,maruti,zen estilo,1,good,False,192399
2011,41717,petrol,mumbai,sedan,automatic,hyundai,verna,1,great,False,447699
2014,54066,diesel,mumbai,suv,manual,nissan,terrano,1,great,False,513299
2014,35555,petrol,mumbai,sedan,manual,hyundai,xcent,1,great,False,416899
2014,33135,petrol,mumbai,sedan,automatic,hyundai,verna,1,great,False,537499
2011,36253,petrol,mumbai,hatchback,manual,maruti,wagon r 1.0,1,great,False,284099
2014,49724,petrol,mumbai,sedan,manual,honda,amaze,1,great,False,419499
2016,26772,petrol,mumbai,hatchback,automatic,maruti,celerio,1,great,False,423699
2015,41346,diesel,mumbai,hatchback,manual,maruti,baleno,1,great,False,570399
2012,53886,diesel,mumbai,sedan,manual,maruti,swift dzire,1,great,False,476899
2013,39040,petrol,mumbai,hatchback,manual,hyundai,i10,1,great,False,320399
2012,67520,petrol,mumbai,hatchback,manual,hyundai,i20,2,great,False,304199
2010,43369,petrol,mumbai,hatchback,manual,hyundai,i20,1,great,False,251199
2012,47535,diesel,mumbai,hatchback,manual,ford,figo,1,great,False,316499
2010,44261,petrol,mumbai,hatchback,manual,maruti,wagon r 1.0,1,great,False,252599
2011,23073,petrol,mumbai,hatchback,automatic,hyundai,i10,2,great,False,259999
2011,48910,petrol,mumbai,sedan,manual,toyota,etios,1,great,False,343299
2011,43124,petrol,mumbai,hatchback,manual,hyundai,i20,1,great,False,350199
2011,43411,petrol,mumbai,hatchback,manual,hyundai,i10,2,great,False,256399
2012,26709,petrol,mumbai,hatchback,manual,hyundai,i20,1,great,False,350799
2012,49238,petrol,mumbai,sedan,automatic,honda,city,2,great,False,424399
2015,32547,petrol,mumbai,hatchback,manual,renault,kwid,1,great,False,249599
2016,21970,petrol,mumbai,hatchback,manual,hyundai,grand i10,2,great,False,450199
2015,17438,petrol,mumbai,sedan,manual,maruti,swift dzire,1,great,False,494399
2009,17167,petrol,mumbai,hatchback,manual,hyundai,i10,2,great,False,189399
2014,47015,petrol,mumbai,sedan,automatic,honda,city,2,great,False,569599
2011,39230,petrol,mumbai,hatchback,manual,volkswagen,polo,2,great,False,290599
2016,24867,petrol,mumbai,hatchback,manual,honda,jazz,1,great,False,480299
2010,38409,petrol,mumbai,hatchback,manual,hyundai,i20,3,good,False,246499
2017,27887,petrol,mumbai,hatchback,manual,hyundai,grand i10,1,great,False,499899
2013,7851,petrol,mumbai,sedan,manual,volkswagen,vento,1,great,False,512199
2017,30982,petrol,mumbai,suv,manual,honda,wr-v,2,great,False,693599
2012,40235,petrol,mumbai,sedan,automatic,honda,city,1,great,False,476499
2014,33076,petrol & cng,mumbai,suv,manual,maruti,ertiga,1,great,False,612499
2013,33876,petrol,mumbai,sedan,manual,maruti,swift dzire,1,great,False,434999
2010,49100,petrol,mumbai,hatchback,manual,hyundai,i20,2,good,False,261499
2011,42836,petrol,mumbai,hatchback,manual,volkswagen,polo,3,great,False,302699
2015,38459,diesel,mumbai,sedan,automatic,volkswagen,vento,1,great,False,602299
2010,80024,diesel,mumbai,sedan,manual,maruti,swift dzire,1,great,False,337599
2014,20646,petrol,mumbai,hatchback,manual,hyundai,i20,1,great,False,517199
2010,36785,petrol,mumbai,hatchback,manual,maruti,swift,2,good,False,270899
2015,39018,petrol,mumbai,hatchback,manual,hyundai,grand i10,1,great,False,414399
2010,41923,petrol,mumbai,hatchback,manual,hyundai,i10,2,great,False,236899
2015,9851,petrol,mumbai,hatchback,automatic,tata,nano,1,good,False,219499
2019,7057,petrol & cng,mumbai,suv,manual,maruti,eeco,1,great,False,487699
2016,40626,petrol,mumbai,suv,manual,mahindra,kuv100,2,great,False,376499
2012,50107,petrol,mumbai,hatchback,manual,hyundai,i10,3,great,False,253699
2016,44234,petrol,mumbai,hatchback,manual,honda,jazz,1,great,False,475399
2015,3370,petrol,mumbai,hatchback,manual,maruti,alto 800,1,good,False,289099
2011,36791,petrol,mumbai,hatchback,manual,hyundai,i20,2,great,False,338799
2011,44798,petrol,mumbai,hatchback,manual,maruti,ritz,2,good,False,237399
2010,50705,petrol,mumbai,hatchback,manual,hyundai,i10,1,great,False,228099
2012,66684,petrol,mumbai,sedan,manual,honda,city,1,great,False,405799
2010,39989,petrol,mumbai,hatchback,manual,hyundai,i10,1,great,False,211699
2013,36374,petrol,mumbai,hatchback,manual,maruti,alto 800,1,good,False,252999
2016,17868,petrol,mumbai,hatchback,manual,hyundai,i20 active,2,great,False,538399
2016,19266,petrol,mumbai,hatchback,,renault,kwid,1,good,False,358399
2014,46713,petrol,mumbai,sedan,manual,honda,amaze,1,great,False,422899
2019,19433,petrol & cng,mumbai,,,maruti,new  wagon-r,1,great,False,563099
2009,47873,petrol,mumbai,hatchback,manual,maruti,swift,1,good,False,232399
2016,25868,petrol,mumbai,hatchback,manual,hyundai,elite i20,1,great,False,589899
2017,9818,petrol,mumbai,hatchback,manual,maruti,baleno,1,great,False,659399
2018,3226,petrol,mumbai,sedan,manual,maruti,dzire,1,great,False,691099
2010,38014,petrol,mumbai,hatchback,manual,hyundai,i20,1,great,False,271499
2012,67283,diesel,mumbai,sedan,manual,toyota,etios,1,great,False,392899
2014,23325,petrol,mumbai,sedan,manual,hyundai,xcent,2,great,False,476799
2010,57510,petrol,mumbai,hatchback,automatic,hyundai,i10,4,good,False,204499
2015,48551,petrol,mumbai,sedan,manual,maruti,ciaz,1,great,False,574999
2012,48978,petrol,mumbai,hatchback,automatic,hyundai,i10,3,great,False,287599
2013,26848,petrol,mumbai,hatchback,manual,maruti,alto 800,1,great,False,249699
2010,34995,petrol,mumbai,hatchback,manual,maruti,alto,1,good,False,170099
2016,44635,petrol,mumbai,hatchback,manual,maruti,celerio,4,great,False,343199
2018,35973,petrol,mumbai,hatchback,manual,hyundai,grand i10,1,great,False,479199
2017,29594,petrol,mumbai,hatchback,manual,hyundai,elite i20,2,great,False,552999
2013,54510,petrol,mumbai,hatchback,automatic,hyundai,i10,2,great,False,346599
2011,65507,petrol,mumbai,hatchback,manual,hyundai,i10,1,great,False,249199
2011,48142,petrol,mumbai,hatchback,manual,hyundai,santro xing,2,good,False,190799
2012,62257,petrol,mumbai,hatchback,manual,honda,brio,1,great,False,310399
2016,14866,petrol,mumbai,hatchback,manual,maruti,baleno,2,great,False,565699
2014,53898,petrol,mumbai,hatchback,manual,volkswagen,polo,1,great,False,403199
2012,24171,petrol,mumbai,hatchback,manual,honda,brio,2,good,False,331699
2016,45468,diesel,mumbai,suv,manual,mahindra,tuv300,1,great,False,670699
2015,46554,petrol,mumbai,hatchback,manual,volkswagen,polo,1,great,False,438799
2016,39793,petrol,mumbai,suv,manual,mahindra,kuv100,1,great,False,382699
2015,34649,petrol,mumbai,suv,manual,maruti,ertiga,1,great,False,605699
2011,41577,petrol,mumbai,hatchback,manual,hyundai,i10,1,great,False,264199
2016,29249,petrol,mumbai,hatchback,manual,tata,nano,2,good,False,139599
2017,25483,petrol,mumbai,hatchback,manual,hyundai,elite i20,1,great,False,602099
2015,37800,petrol,mumbai,hatchback,manual,hyundai,elite i20,1,great,False,479799
2009,83935,petrol,mumbai,sedan,manual,honda,city,1,great,False,250599
2012,48024,petrol,mumbai,hatchback,manual,hyundai,i20,1,great,False,343699
2013,22618,petrol,mumbai,hatchback,manual,ford,figo,2,good,False,250899
2019,11711,petrol,mumbai,hatchback,manual,maruti,baleno,1,great,False,633599
2019,4781,diesel,mumbai,suv,,maruti,vitara brezza,1,great,False,887599
2020,17310,petrol,mumbai,,,maruti,new  wagon-r,1,great,False,611999
2016,27792,petrol,mumbai,hatchback,manual,renault,kwid,2,good,False,285999
2019,15671,petrol & cng,mumbai,,,maruti,new  wagon-r,1,great,False,586999
2015,51187,petrol,mumbai,hatchback,manual,hyundai,elite i20,3,great,False,433099
2016,37151,petrol,mumbai,suv,manual,ford,ecosport,1,great,False,525999
2014,49738,petrol,mumbai,hatchback,manual,maruti,wagon r 1.0,2,great,False,306099
2017,17795,petrol,mumbai,suv,automatic,ford,ecosport,1,great,False,803999
2013,39015,diesel,mumbai,suv,manual,ford,ecosport,1,great,False,520799
2011,38375,petrol,mumbai,hatchback,manual,volkswagen,polo,1,good,False,340199
2011,57156,petrol & cng,mumbai,hatchback,manual,maruti,wagon r 1.0,2,great,False,264999
2011,54295,petrol,mumbai,hatchback,manual,volkswagen,polo,2,great,False,244099
2016,16815,petrol,mumbai,suv,,maruti,ertiga,2,great,False,686199
2012,65116,petrol,mumbai,hatchback,manual,hyundai,i10,1,great,False,299299
2010,54883,petrol,mumbai,sedan,manual,maruti,sx4,2,good,False,256899
2010,41911,petrol,mumbai,sedan,manual,honda,city,1,good,False,366499
2011,66356,diesel,mumbai,hatchback,manual,maruti,swift,1,great,False,395899
2019,19679,petrol,mumbai,sedan,,honda,amaze,1,great,False,714899
2009,39140,petrol,mumbai,hatchback,manual,hyundai,i20,2,great,False,226999
2013,56545,petrol,mumbai,sedan,manual,skoda,rapid,1,great,False,360399
2015,34270,petrol,mumbai,hatchback,manual,hyundai,eon,2,good,False,282799
2010,38204,petrol,mumbai,hatchback,manual,hyundai,i20,1,good,False,273199
2018,66707,petrol,mumbai,hatchback,automatic,maruti,wagon r 1.0,1,great,False,405399
2012,63871,petrol,mumbai,hatchback,manual,maruti,swift,1,great,False,354399
2011,40420,petrol,mumbai,hatchback,manual,maruti,ritz,1,good,False,251799
2012,64886,diesel,mumbai,sedan,manual,maruti,swift dzire,1,great,False,456099
2009,51045,petrol,mumbai,sedan,manual,honda,civic,1,good,False,270799
2013,70008,petrol,mumbai,sedan,manual,honda,amaze,1,great,False,386099
2017,40459,petrol,mumbai,hatchback,manual,hyundai,elite i20,1,great,False,605899
2014,53533,petrol,mumbai,hatchback,automatic,maruti,celerio,1,great,False,356999
2011,75217,diesel,mumbai,luxury sedan,automatic,skoda,laura,1,great,False,373899
2019,11438,petrol,mumbai,suv,,renault,triber,1,great,False,680299
2012,64239,petrol,mumbai,hatchback,manual,maruti,swift,3,great,False,360799
2014,55444,petrol,mumbai,sedan,manual,skoda,rapid,1,great,False,430799
2011,56792,diesel,mumbai,hatchback,manual,maruti,ritz,1,great,False,270699
2011,56664,petrol,mumbai,hatchback,manual,honda,brio,1,great,False,251299
2014,52146,petrol,mumbai,hatchback,manual,toyota,etios liva,2,great,False,311899
2010,70119,petrol,mumbai,hatchback,manual,maruti,swift,2,great,False,241099
2011,64317,petrol,mumbai,sedan,manual,toyota,etios,1,great,False,308399
2017,25422,petrol,mumbai,hatchback,automatic,volkswagen,polo,1,great,False,804099
2011,63784,petrol,mumbai,hatchback,manual,hyundai,i10,1,great,False,248299
2012,50665,petrol,mumbai,suv,manual,maruti,ertiga,1,great,False,499399
2012,77826,petrol,mumbai,hatchback,manual,honda,brio,3,great,False,304899
2012,52723,petrol,mumbai,hatchback,manual,hyundai,eon,1,great,False,228799
2010,59073,petrol,mumbai,hatchback,manual,honda,jazz,1,great,False,288699
2012,46608,petrol,mumbai,sedan,manual,volkswagen,vento,1,good,False,423699
2019,8890,petrol,mumbai,sedan,manual,hyundai,verna,1,great,False,921899
2011,69729,petrol,mumbai,hatchback,manual,maruti,wagon r 1.0,1,great,False,273999
2016,46178,petrol & cng,mumbai,suv,manual,maruti,ertiga,1,great,False,693899
2016,46047,petrol,mumbai,hatchback,manual,maruti,wagon r 1.0,2,great,False,349499
2009,25001,petrol,mumbai,hatchback,manual,maruti,wagon r,1,good,False,187899
2017,21304,petrol,mumbai,hatchback,manual,hyundai,elite i20,1,great,False,646999
2016,21933,petrol,mumbai,hatchback,manual,maruti,alto k10,1,good,False,351499
2010,33814,petrol & lpg,mumbai,hatchback,manual,maruti,wagon r duo,2,good,False,192999
2017,42385,petrol & cng,mumbai,hatchback,manual,maruti,wagon r 1.0,1,great,False,442399
2013,92022,diesel,mumbai,sedan,manual,maruti,swift dzire,1,great,False,481299
2015,57742,petrol,mumbai,sedan,manual,maruti,swift dzire,2,great,False,447499
2009,64009,petrol,mumbai,hatchback,manual,maruti,ritz,1,good,False,208899
2015,54025,petrol,mumbai,sedan,,tata,zest,1,great,False,345699
2019,19014,petrol,mumbai,hatchback,manual,maruti,baleno,1,great,False,622799
2014,58511,diesel,mumbai,sedan,manual,skoda,rapid,2,great,False,436099
2012,64064,diesel,mumbai,sedan,manual,skoda,rapid,1,great,False,363299
2017,21922,petrol,mumbai,suv,manual,maruti,ertiga,1,great,False,713099
2013,43545,petrol,mumbai,suv,manual,ford,ecosport,2,great,False,473299
2011,55455,petrol,mumbai,sedan,,honda,city,1,good,False,308099
2010,60246,petrol & cng,mumbai,suv,manual,maruti,eeco,2,good,False,220699
2012,65864,petrol,mumbai,hatchback,manual,honda,brio,1,great,False,256799
2016,24881,diesel,mumbai,suv,manual,maruti,vitara brezza,2,great,False,752999
2016,52144,petrol,mumbai,hatchback,manual,maruti,baleno,1,great,False,556299
2014,56356,petrol,mumbai,sedan,manual,hyundai,xcent,1,great,False,352099
2010,42372,petrol,mumbai,luxury sedan,manual,mercedes benz,cls class,3,great,False,1600343
2013,87083,petrol,mumbai,sedan,manual,honda,amaze,1,great,False,342899
2011,57597,petrol,mumbai,sedan,manual,maruti,swift dzire,2,good,False,301499
2012,64275,petrol & cng,mumbai,hatchback,manual,maruti,wagon r 1.0,1,great,False,287899
2011,69385,petrol,mumbai,sedan,manual,toyota,etios,1,great,False,316899
2018,16931,diesel,mumbai,suv,manual,renault,duster,1,great,False,912499
2016,42507,petrol,mumbai,hatchback,manual,hyundai,elite i20,1,great,False,532599
2012,66445,petrol,mumbai,sedan,manual,honda,city,4,great,False,379899
2013,59036,diesel,mumbai,suv,manual,toyota,innova,1,great,False,810199
2011,103624,petrol,mumbai,hatchback,manual,volkswagen,polo,3,great,False,258699
2017,68429,petrol,mumbai,hatchback,manual,renault,kwid,1,great,False,310199
2017,27564,diesel,mumbai,suv,manual,maruti,s cross,1,great,False,718099
2015,51199,petrol & cng,mumbai,hatchback,manual,maruti,wagon r 1.0,1,great,False,357099
2015,45259,petrol,mumbai,suv,manual,ford,ecosport,1,great,False,547799
2017,18494,petrol,mumbai,sedan,manual,honda,city,1,great,False,856899
2018,14943,petrol,mumbai,sedan,manual,honda,city,1,great,False,898899
2017,17601,petrol,mumbai,sedan,automatic,hyundai,verna,1,great,False,926399
2011,68103,petrol,mumbai,hatchback,manual,maruti,swift,1,great,False,320199
2012,88391,petrol & cng,mumbai,hatchback,manual,maruti,wagon r 1.0,1,great,False,276699
2017,26041,petrol,mumbai,hatchback,automatic,volkswagen,polo,1,great,False,807199
2014,57467,petrol & cng,mumbai,hatchback,manual,maruti,wagon r 1.0,1,great,False,313799
2014,61291,petrol,mumbai,hatchback,manual,hyundai,grand i10,1,great,False,362299
2015,34885,petrol,mumbai,hatchback,manual,hyundai,grand i10,1,great,False,469299
2010,54780,petrol,mumbai,sedan,manual,volkswagen,jetta,1,good,False,339199
2011,56869,petrol,mumbai,hatchback,manual,hyundai,i20,1,good,False,314899
2010,66817,petrol,mumbai,hatchback,manual,hyundai,i10,1,great,False,232399
2013,74558,petrol & cng,mumbai,suv,manual,maruti,ertiga,2,great,False,514199
2016,50815,diesel,mumbai,suv,manual,maruti,ertiga,2,great,False,747499
2018,29730,petrol,mumbai,hatchback,,datsun,redi go,1,great,False,306899
2014,68191,petrol,mumbai,sedan,manual,hyundai,verna,2,great,False,459299
2014,59517,petrol & cng,mumbai,suv,manual,maruti,ertiga,2,great,False,536599
2017,15738,diesel,mumbai,sedan,manual,maruti,dzire,1,great,False,734999
2012,123544,diesel,mumbai,suv,manual,toyota,innova,3,great,False,657199
2016,50656,petrol,mumbai,sedan,manual,maruti,ciaz,1,great,False,585399
2014,61493,petrol,mumbai,hatchback,manual,hyundai,elite i20,1,great,False,396399
2018,17665,petrol,mumbai,suv,manual,honda,wr-v,1,great,False,771899
2011,66259,petrol,mumbai,sedan,manual,toyota,etios,1,good,False,316699
2019,16321,diesel,mumbai,suv,,tata,harrier,1,great,False,1532471
2014,56134,petrol,mumbai,sedan,manual,honda,amaze,2,great,False,421899
2011,76933,petrol,mumbai,hatchback,manual,hyundai,i20,1,great,False,282599
2010,52121,petrol,mumbai,hatchback,manual,hyundai,i20,2,good,False,277099
2009,57487,petrol,mumbai,hatchback,manual,maruti,zen estilo,1,good,False,170599
2016,30894,diesel,mumbai,suv,manual,maruti,ertiga,1,great,False,783499
2017,28262,petrol,mumbai,suv,manual,maruti,ertiga,1,great,False,668499
2016,39923,diesel,mumbai,sedan,automatic,volkswagen,ameo,2,great,False,619299
2016,48265,petrol,mumbai,hatchback,automatic,honda,jazz,1,great,False,563699
2013,90511,diesel,mumbai,suv,manual,maruti,ertiga,2,great,False,562299
2010,66898,petrol,mumbai,hatchback,manual,hyundai,i20,1,great,False,275699
2014,58319,diesel,mumbai,suv,manual,maruti,ertiga,1,great,False,642099
2015,57504,diesel,mumbai,luxury suv,manual,mahindra,xuv500,1,great,False,845999
2016,45732,petrol,mumbai,hatchback,manual,renault,kwid,1,great,False,309299
2017,37024,petrol,mumbai,sedan,manual,maruti,dzire,1,great,False,654499
2017,26547,petrol,mumbai,suv,manual,hyundai,creta,2,great,False,794599
2010,68321,petrol,mumbai,hatchback,manual,hyundai,i20,1,great,False,259899
2009,49357,petrol,mumbai,hatchback,manual,hyundai,i10,2,good,False,193499
2016,53525,petrol,mumbai,hatchback,manual,hyundai,grand i10,1,great,False,457999
2018,32336,petrol,mumbai,hatchback,manual,maruti,baleno,1,great,False,570299
2014,59503,petrol,mumbai,sedan,manual,maruti,ciaz,1,great,False,536599
2013,40256,petrol,mumbai,hatchback,manual,maruti,alto 800,1,good,False,259599
2012,82338,petrol,mumbai,sedan,manual,honda,city,2,great,False,406099
2018,8728,diesel,mumbai,sedan,manual,hyundai,verna,1,great,False,1042621
2011,53950,petrol,mumbai,hatchback,manual,hyundai,i20,1,good,False,305899
2012,70152,diesel,mumbai,sedan,manual,maruti,swift dzire,2,great,False,447299
2014,63461,petrol,mumbai,sedan,manual,hyundai,verna,1,great,False,480899
2018,16918,diesel,mumbai,suv,,hyundai,creta,1,great,False,1175133
2012,81090,petrol,mumbai,sedan,manual,honda,city,1,great,False,409799
2010,64387,diesel,mumbai,suv,manual,toyota,innova,1,great,False,595899
2017,39193,petrol,mumbai,hatchback,manual,maruti,alto 800,1,great,False,300099
2015,54286,petrol,mumbai,hatchback,manual,maruti,wagon r 1.0,1,great,False,324499
2019,16900,diesel,mumbai,suv,,mahindra,xuv 3oo,1,great,False,1092717
2009,72479,diesel,mumbai,hatchback,manual,hyundai,i20,2,great,False,225899
2011,66145,petrol,mumbai,luxury sedan,manual,mercedes benz,c class,2,great,False,754299
2015,52532,petrol,mumbai,sedan,manual,maruti,swift dzire,1,great,False,521899
2017,33200,petrol,mumbai,hatchback,manual,maruti,swift,1,great,False,509299
2016,58796,diesel,mumbai,suv,manual,maruti,ertiga,1,great,False,764499
2012,78982,petrol,mumbai,sedan,manual,maruti,swift dzire,1,great,False,379299
2013,85990,diesel,mumbai,sedan,automatic,hyundai,verna,2,great,False,445999
2012,67065,petrol,mumbai,hatchback,manual,maruti,swift,1,good,False,387699
2011,70662,petrol,mumbai,hatchback,manual,maruti,wagon r 1.0,1,great,False,279299
2010,51266,petrol,mumbai,hatchback,manual,maruti,zen estilo,2,good,False,183599
2017,47447,diesel,mumbai,suv,manual,maruti,vitara brezza,1,great,False,746299
2011,92346,petrol,mumbai,sedan,manual,volkswagen,vento,2,great,False,259399
2019,11607,petrol,mumbai,suv,,hyundai,venue,1,great,False,1107059
2016,30191,petrol,mumbai,sedan,manual,honda,city,1,great,False,704199
2008,108344,diesel,mumbai,hatchback,manual,maruti,swift,2,good,False,198699
2014,58530,petrol & cng,mumbai,hatchback,manual,maruti,celerio,1,great,False,396299
2013,61228,petrol & cng,mumbai,hatchback,manual,maruti,wagon r 1.0,1,great,False,296599
2012,72101,petrol,mumbai,hatchback,manual,maruti,wagon r 1.0,1,great,False,300599
2018,16351,diesel,mumbai,suv,manual,maruti,vitara brezza,1,great,False,929799
2014,61893,petrol,mumbai,sedan,manual,honda,amaze,1,great,False,388599
2011,80846,petrol,mumbai,sedan,manual,honda,city,1,good,False,340399
2012,73246,petrol,mumbai,hatchback,manual,hyundai,i20,1,great,False,330099
2011,43062,diesel,mumbai,luxury sedan,,mercedes benz,c class,2,great,False,920699
2009,96460,diesel,mumbai,suv,manual,toyota,innova,1,great,False,434299
2017,50878,petrol,mumbai,hatchback,manual,hyundai,elite i20,1,great,False,581199
2016,47866,petrol & cng,mumbai,hatchback,manual,maruti,alto 800,1,great,False,304399
2012,41669,diesel,mumbai,suv,manual,toyota,innova,1,great,False,812499
2014,78023,petrol,mumbai,hatchback,manual,hyundai,grand i10,1,great,False,323299
2012,101815,diesel,mumbai,sedan,manual,hyundai,verna,2,great,False,419999
2015,70558,diesel,mumbai,luxury suv,manual,mahindra,xuv500,1,great,False,856799
2014,67170,petrol,mumbai,sedan,manual,honda,amaze,2,great,False,387099
2014,56751,petrol & cng,mumbai,hatchback,manual,maruti,celerio,2,good,False,357299
2010,77289,petrol,mumbai,hatchback,manual,hyundai,i10,1,great,False,212799
2018,47642,petrol,mumbai,hatchback,manual,maruti,alto 800,1,great,False,321399
2011,77308,petrol,mumbai,hatchback,manual,maruti,alto,3,good,False,143599
2016,63952,petrol,mumbai,sedan,manual,honda,amaze,2,great,False,395799
2011,35626,diesel,mumbai,luxury suv,automatic,bmw,x1,2,great,False,801099
2012,71595,petrol,mumbai,hatchback,manual,hyundai,i20,1,good,False,344699
2017,25104,diesel,mumbai,suv,manual,maruti,ertiga,1,great,False,811499
2017,49525,petrol,mumbai,suv,manual,honda,wr-v,1,great,False,675599
2015,66945,diesel,mumbai,sedan,manual,honda,city,1,great,False,581999
2019,21430,diesel,mumbai,suv,,tata,nexon ,1,great,False,991599
2010,73673,petrol,mumbai,hatchback,manual,hyundai,i20,1,great,False,263099
2015,8552,diesel,mumbai,suv,,hyundai,creta,1,great,False,965399
2018,19407,petrol,mumbai,sedan,automatic,hyundai,verna,1,great,False,1253711
2012,104459,petrol,mumbai,hatchback,manual,hyundai,i20,2,great,False,262599
2013,78840,diesel,mumbai,sedan,manual,maruti,swift dzire,1,great,False,498299
2013,65671,diesel,mumbai,sedan,automatic,hyundai,verna,2,great,False,481799
2012,74180,petrol,mumbai,hatchback,manual,maruti,swift,2,great,False,364999
2010,74226,petrol,mumbai,hatchback,manual,hyundai,i20,2,great,False,233599
2010,58651,petrol,mumbai,hatchback,manual,hyundai,i20,2,good,False,289899
2011,53018,petrol,mumbai,luxury sedan,manual,mercedes benz,c class,2,great,False,766299
2014,57926,petrol & cng,mumbai,hatchback,manual,maruti,alto 800,1,good,False,281899
2018,34088,diesel,mumbai,luxury suv,manual,jeep,compass,2,great,False,1470659
2018,16063,diesel,mumbai,sedan,,hyundai,verna,1,great,False,1023330
2010,81855,petrol,mumbai,luxury sedan,automatic,skoda,superb,2,great,False,343999
2016,29442,diesel,mumbai,suv,manual,maruti,ertiga,2,great,False,792099
2015,68849,petrol,mumbai,suv,automatic,ford,ecosport,1,great,False,582399
2019,8459,petrol,mumbai,suv,,hyundai,venue,1,great,False,1135541
2013,46444,petrol,mumbai,hatchback,manual,hyundai,i20,2,good,False,425399
2012,97273,diesel,mumbai,sedan,manual,nissan,sunny,2,great,False,236799
2017,28310,diesel,mumbai,luxury suv,manual,jeep,compass,1,great,False,1339561
2009,96796,petrol,mumbai,sedan,automatic,honda,city,3,good,False,248199
2012,70736,diesel,mumbai,sedan,manual,maruti,swift dzire,1,great,False,467099
2009,70751,petrol,mumbai,hatchback,manual,maruti,swift,2,good,False,214499
2012,102441,diesel,mumbai,luxury sedan,manual,toyota,corolla altis,2,great,False,423299
2016,64211,diesel,mumbai,sedan,,skoda,rapid,1,great,False,522199
2017,45112,diesel,mumbai,luxury suv,manual,toyota,fortuner,1,great,False,2558429
2011,67685,petrol,mumbai,hatchback,manual,hyundai,santro xing,2,good,False,190599
2007,139200,diesel,mumbai,suv,manual,toyota,innova,2,great,False,356399
2011,59578,petrol,mumbai,hatchback,manual,maruti,alto k10,1,good,False,205299
2019,11445,diesel,mumbai,suv,manual,toyota,innova crysta,1,great,False,1996263
2011,93484,diesel,mumbai,hatchback,manual,hyundai,i20,1,great,False,256099
2013,75088,petrol,mumbai,luxury sedan,automatic,toyota,corolla altis,1,great,False,468199
2015,87925,petrol & cng,mumbai,suv,manual,maruti,ertiga,2,great,False,586499
2015,82249,petrol,mumbai,hatchback,manual,maruti,celerio,2,great,False,301899
2017,65355,diesel,mumbai,suv,manual,honda,wr-v,1,great,False,728599
2014,64504,petrol & cng,mumbai,hatchback,manual,maruti,alto 800,1,good,False,264599
2012,45939,diesel,mumbai,luxury sedan,manual,mercedes benz,c class,3,great,False,883499
2016,35413,diesel,mumbai,suv,automatic,toyota,innova crysta,1,great,False,1781537
2012,996609,petrol,mumbai,sedan,,honda,city,3,great,False,355299
2012,84924,diesel,mumbai,sedan,manual,hyundai,verna,1,great,False,445199
2010,82209,petrol,mumbai,sedan,manual,honda,city,1,good,False,301199
2010,80533,petrol,mumbai,hatchback,manual,maruti,zen estilo,2,good,False,178299
2015,90966,petrol,mumbai,suv,manual,ford,ecosport,2,great,False,488899
2015,81726,diesel,mumbai,luxury suv,manual,mahindra,xuv500,1,great,False,947399
2013,74221,diesel,mumbai,sedan,manual,toyota,etios,1,great,False,403799
2014,75991,petrol,mumbai,sedan,automatic,honda,city,1,great,False,526399
2016,57924,diesel,mumbai,hatchback,manual,maruti,celerio,1,great,False,358199
2017,53994,petrol,mumbai,suv,automatic,hyundai,creta,1,great,False,974599
2016,51377,diesel,mumbai,suv,manual,maruti,vitara brezza,1,great,False,835299
2016,67740,diesel,mumbai,sedan,manual,honda,amaze,1,great,False,429499
2013,70919,petrol,mumbai,luxury sedan,manual,toyota,corolla altis,3,great,False,427799
2011,89656,diesel,mumbai,hatchback,manual,maruti,swift,1,great,False,373299
2016,48597,petrol,mumbai,hatchback,manual,renault,kwid,2,good,False,294499
2018,63405,petrol & cng,mumbai,suv,manual,maruti,ertiga,1,great,False,801399
2019,3269,diesel,mumbai,suv,manual,maruti,vitara brezza,1,great,False,1054943
2012,81886,diesel,mumbai,sedan,manual,maruti,swift dzire,1,great,False,450899
2013,84623,diesel,mumbai,sedan,manual,volkswagen,vento,1,great,False,460099
2017,47948,diesel,mumbai,suv,manual,maruti,vitara brezza,1,great,False,740599
2011,72613,petrol,mumbai,hatchback,manual,ford,figo,3,good,False,186899
2011,99853,petrol,mumbai,sedan,manual,maruti,swift dzire,1,great,False,280899
2016,43994,diesel,mumbai,suv,manual,maruti,vitara brezza,1,great,False,698299
2011,71879,diesel,mumbai,luxury suv,automatic,bmw,x1,2,great,False,820399
2019,22462,petrol,mumbai,,,mg,hector,1,great,False,1705686
2011,80959,petrol,mumbai,sedan,manual,maruti,swift dzire,1,good,False,310299
2009,73977,petrol,mumbai,hatchback,manual,hyundai,i10,2,good,False,178299
2009,88237,petrol,mumbai,luxury sedan,,toyota,corolla altis,2,great,False,301499
2015,75162,diesel,mumbai,suv,manual,maruti,s cross,1,great,False,618999
2011,89904,petrol & cng,mumbai,hatchback,manual,maruti,wagon r 1.0,1,great,False,265799
2016,85975,petrol,mumbai,sedan,manual,maruti,swift dzire,1,great,False,464799
2017,54730,diesel,mumbai,suv,automatic,toyota,innova crysta,3,great,False,1644682
2016,57892,diesel,mumbai,suv,manual,maruti,ertiga,1,great,False,744999
2013,74233,diesel,mumbai,suv,manual,maruti,ertiga,1,great,False,620199
2011,64215,petrol & cng,mumbai,sedan,manual,honda,city,1,fair,False,352099
2015,72195,petrol,mumbai,suv,manual,honda,mobilio,1,great,False,482299
2019,22239,diesel,mumbai,suv,automatic,toyota,innova crysta,1,great,False,1952126
2012,78554,diesel,mumbai,luxury suv,manual,mahindra,xuv500,3,great,False,501199
2016,90163,diesel,mumbai,suv,automatic,mahindra,tuv300,1,great,False,598399
2012,86622,diesel,mumbai,sedan,manual,volkswagen,vento,1,great,False,358299
2015,78126,petrol,mumbai,sedan,manual,maruti,ciaz,1,great,False,522299
2017,46716,petrol,mumbai,hatchback,manual,renault,kwid,2,great,False,322499
2013,78705,petrol,mumbai,hatchback,manual,maruti,swift,1,great,False,362799
2017,34304,petrol,mumbai,luxury sedan,automatic,toyota,corolla altis,2,great,False,1195939
2011,83831,diesel,mumbai,hatchback,manual,hyundai,i20,2,great,False,338599
2017,60860,petrol,mumbai,hatchback,automatic,honda,jazz,1,great,False,673099
2015,78669,petrol,mumbai,hatchback,automatic,volkswagen,polo,1,great,False,522099
2017,60178,diesel,mumbai,sedan,manual,maruti,dzire,1,great,False,685199
2017,56122,diesel,mumbai,suv,automatic,hyundai,creta,1,great,False,1219674
2015,78792,petrol,mumbai,hatchback,automatic,volkswagen,polo,1,great,False,509599
2010,78799,petrol,mumbai,hatchback,manual,hyundai,i20,2,good,False,284199
2012,63500,petrol,mumbai,hatchback,manual,honda,jazz,3,good,False,341899
2014,84139,petrol & cng,mumbai,suv,manual,maruti,ertiga,1,great,False,573299
2012,80292,diesel,mumbai,sedan,manual,nissan,sunny,2,good,False,275299
2009,90961,petrol,mumbai,hatchback,manual,maruti,ritz,1,good,False,226399
2016,72862,diesel,mumbai,sedan,,maruti,ciaz,1,great,False,657299
2018,49616,diesel,mumbai,suv,manual,mahindra,xylo,1,great,False,678599
2015,63139,petrol,mumbai,sedan,manual,hyundai,verna,2,great,False,447799
2010,106567,petrol,mumbai,sedan,manual,maruti,swift dzire,3,great,False,230599
2013,79096,diesel,mumbai,suv,manual,nissan,terrano,2,great,False,411899
2011,41221,petrol,mumbai,luxury sedan,manual,mercedes benz,c class,1,great,False,879999
2012,109149,diesel,mumbai,sedan,manual,volkswagen,vento,3,great,False,312699
2013,98921,petrol,mumbai,sedan,manual,honda,city,2,great,False,382499
2019,22213,petrol,mumbai,suv,,maruti,ertiga,1,great,False,866699
2014,78909,petrol & cng,mumbai,hatchback,manual,maruti,alto 800,1,great,False,248299
2019,17135,diesel,mumbai,suv,manual,maruti,vitara brezza,1,great,False,967099
2010,83074,petrol,mumbai,sedan,manual,honda,city,2,good,False,331199
2010,74472,petrol,mumbai,hatchback,manual,maruti,swift,2,good,False,256299
2011,94256,diesel,mumbai,luxury sedan,automatic,bmw,3 series,2,great,False,697999
2011,77019,petrol,mumbai,sedan,manual,nissan,sunny,2,good,False,342199
2017,62261,diesel,mumbai,sedan,manual,maruti,dzire,1,great,False,694199
2011,148974,diesel,mumbai,hatchback,manual,hyundai,i20,1,great,False,269299
2014,79433,diesel,mumbai,luxury suv,manual,mahindra,xuv500,2,great,False,693899
2018,52554,diesel,mumbai,suv,manual,maruti,ertiga,1,great,False,924799
2014,94065,petrol & cng,mumbai,suv,manual,maruti,ertiga,1,great,False,546099
2010,129323,diesel,mumbai,suv,manual,toyota,innova,2,great,False,534499
2014,106832,petrol & cng,mumbai,hatchback,manual,hyundai,grand i10,1,great,False,340099
2014,110787,diesel,mumbai,sedan,manual,skoda,rapid,1,great,False,402099
2016,79244,diesel,mumbai,hatchback,manual,maruti,swift,1,great,False,536899
2015,92596,diesel,mumbai,suv,manual,maruti,ertiga,1,great,False,644799
2015,81238,petrol,mumbai,hatchback,manual,hyundai,grand i10,1,great,False,363199
2011,105683,diesel,mumbai,sedan,manual,maruti,swift dzire,1,great,False,346199
2011,80826,petrol,mumbai,hatchback,manual,skoda,fabia,1,good,False,216899
2011,99729,petrol,mumbai,sedan,manual,toyota,etios,1,great,False,306999
2010,71429,petrol & cng,mumbai,hatchback,manual,maruti,wagon r 1.0,1,good,False,294299
2016,65599,petrol,mumbai,suv,automatic,hyundai,creta,1,great,False,907799
2015,60707,petrol & cng,mumbai,hatchback,manual,maruti,wagon r 1.0,1,great,False,354599
2016,55154,petrol,mumbai,hatchback,manual,hyundai,i20 active,1,great,False,567599
2010,98946,petrol,mumbai,luxury sedan,,toyota,corolla altis,1,great,False,327699
2010,85643,petrol,mumbai,luxury sedan,automatic,skoda,superb,2,great,False,349199
2016,77185,diesel,mumbai,suv,manual,maruti,vitara brezza,1,great,False,745799
2009,84030,petrol,mumbai,sedan,manual,maruti,sx4,2,good,False,213999
2011,119260,petrol,mumbai,hatchback,manual,hyundai,i20,2,great,False,267899
2015,150202,diesel,mumbai,suv,manual,toyota,innova,1,great,False,989899
2016,87337,diesel,mumbai,suv,manual,mahindra,tuv300,2,great,False,643099
2012,92056,petrol,mumbai,hatchback,manual,hyundai,i10,1,good,False,250599
2011,103047,diesel,mumbai,luxury sedan,,mercedes benz,c class,3,great,False,777599
2011,105739,diesel,mumbai,hatchback,manual,hyundai,i20,1,great,False,274099
2014,90036,diesel,mumbai,sedan,manual,honda,city,1,great,False,531499
2014,69092,diesel,mumbai,suv,manual,maruti,ertiga,1,great,False,660299
2008,99083,petrol,mumbai,sedan,automatic,honda,accord,2,good,False,344899
2018,50225,diesel,mumbai,hatchback,automatic,maruti,swift,1,great,False,712499
2008,105759,diesel,mumbai,suv,manual,toyota,innova,3,great,False,414799
2009,137282,diesel,mumbai,suv,manual,toyota,innova,3,great,False,499099
2016,95357,petrol,mumbai,sedan,automatic,honda,city,1,great,False,690599
2016,82646,diesel,mumbai,sedan,manual,maruti,ciaz,1,great,False,617499
2011,105718,petrol,mumbai,hatchback,manual,volkswagen,polo,1,great,False,312299
2011,112734,diesel,mumbai,sedan,manual,volkswagen,vento,1,great,False,308999
2013,118191,diesel,mumbai,sedan,manual,honda,amaze,1,great,False,400899
2015,83771,diesel,mumbai,suv,manual,maruti,ertiga,1,great,False,662099
2011,122587,petrol,mumbai,hatchback,manual,hyundai,i10,1,great,False,226899
2018,64083,diesel,mumbai,suv,manual,maruti,vitara brezza,1,great,False,799199
2009,148906,petrol,mumbai,sedan,manual,honda,city,2,great,False,225999
2016,109146,petrol & cng,mumbai,hatchback,manual,maruti,alto 800,1,great,False,265599
2011,120872,petrol,mumbai,hatchback,manual,honda,jazz,1,great,False,296999
2013,160852,diesel,mumbai,suv,manual,maruti,ertiga,2,great,False,545799
2010,104636,petrol,mumbai,sedan,automatic,toyota,prius,2,great,False,460599
2016,98340,diesel,mumbai,sedan,manual,maruti,ciaz,1,great,False,662599
2012,107710,diesel,mumbai,hatchback,manual,maruti,swift,1,great,False,354899
2014,71357,petrol & cng,mumbai,suv,manual,maruti,ertiga,2,great,False,599699
2012,122351,diesel,mumbai,suv,manual,toyota,innova,1,great,False,774499
2011,98542,petrol & cng,mumbai,hatchback,manual,maruti,wagon r 1.0,1,great,False,264899
2009,94123,petrol,mumbai,hatchback,manual,honda,jazz,3,good,False,208999
2009,88662,petrol,mumbai,sedan,automatic,honda,accord,3,good,False,337899
2016,88230,diesel,mumbai,suv,manual,maruti,ertiga,1,great,False,735899
2012,118249,diesel,mumbai,sedan,manual,maruti,swift dzire,3,great,False,400199
2010,101000,petrol,mumbai,hatchback,manual,maruti,ritz,2,great,False,207199
2012,81058,diesel,mumbai,luxury sedan,automatic,chevrolet,cruze,2,good,False,397199
2013,95905,petrol,mumbai,hatchback,manual,hyundai,i20,2,great,False,331699
2016,87453,petrol,mumbai,hatchback,automatic,honda,jazz,1,great,False,566799
2013,92864,petrol & cng,mumbai,hatchback,manual,maruti,wagon r 1.0,1,great,False,311599
2014,84118,petrol,mumbai,hatchback,automatic,maruti,celerio,2,great,False,334599
2013,102171,diesel,mumbai,sedan,manual,honda,amaze,2,great,False,361599
2014,85129,diesel,mumbai,luxury suv,manual,mahindra,xuv500,2,great,False,695899
2014,93629,petrol,mumbai,sedan,manual,volkswagen,vento,1,great,False,402499
2011,119535,petrol,mumbai,sedan,manual,maruti,swift dzire,1,great,False,292299
2011,118057,diesel,mumbai,hatchback,manual,hyundai,i20,2,great,False,294299
2008,108501,petrol,mumbai,sedan,manual,honda,accord,1,good,False,291799
2016,24476,diesel,mumbai,luxury suv,automatic,bmw,x1,3,great,False,1793758
2012,109892,petrol,mumbai,hatchback,manual,hyundai,i10,1,great,False,230699
2014,136749,diesel,mumbai,sedan,manual,maruti,ciaz,1,great,False,531099
2009,144991,petrol,mumbai,hatchback,manual,hyundai,i20,1,great,False,196399
2010,142592,diesel,mumbai,suv,manual,toyota,innova,2,great,False,573799
2014,94530,diesel,mumbai,sedan,manual,honda,city,1,great,False,587399
2014,111101,petrol,mumbai,suv,manual,ford,ecosport,1,great,False,503099
2014,90334,petrol & cng,mumbai,hatchback,manual,maruti,wagon r 1.0,1,great,False,326899
2015,94177,diesel,mumbai,suv,automatic,mahindra,tuv300,2,great,False,555799
2015,88347,petrol & cng,mumbai,hatchback,manual,maruti,wagon r 1.0,2,great,False,312399
2012,114537,diesel,mumbai,hatchback,manual,maruti,swift,1,great,False,390499
2009,101934,petrol,mumbai,sedan,manual,honda,city,2,good,False,247099
2013,86295,petrol & cng,mumbai,hatchback,manual,maruti,wagon r 1.0,4,good,False,257799
2014,93358,diesel,mumbai,sedan,manual,hyundai,xcent,2,great,False,392899
2013,119721,diesel,mumbai,sedan,manual,volkswagen,vento,1,great,False,471899
2012,119153,diesel,mumbai,sedan,manual,toyota,etios,1,great,False,363899
2015,88351,diesel,mumbai,sedan,automatic,volkswagen,vento,1,great,False,644499
2009,134192,diesel,mumbai,hatchback,manual,maruti,ritz,2,great,False,221199
2014,78013,diesel,mumbai,suv,manual,mahindra,scorpio,2,great,False,822099
2015,68718,petrol,mumbai,hatchback,automatic,volkswagen,polo,1,great,False,581699
2017,79442,petrol,mumbai,hatchback,manual,maruti,baleno,1,great,False,572599
2009,101034,petrol,mumbai,hatchback,manual,hyundai,i20,1,good,False,247299
2013,112093,petrol,mumbai,hatchback,manual,hyundai,i20,1,great,False,357799
2016,104898,diesel,mumbai,suv,manual,maruti,ertiga,1,great,False,732699
2016,77109,diesel,mumbai,luxury suv,,mahindra,xuv500,1,great,False,1075143
2015,120714,petrol,mumbai,sedan,manual,maruti,swift dzire,1,great,False,454599
2014,116242,petrol,mumbai,sedan,manual,honda,amaze,1,great,False,371799
2014,71073,diesel,mumbai,suv,manual,ford,ecosport,1,great,False,582999
2010,107778,diesel,mumbai,luxury sedan,manual,toyota,corolla altis,1,great,False,387499
2012,123914,diesel,mumbai,hatchback,manual,maruti,swift,1,great,False,388599
2017,103539,diesel,mumbai,suv,manual,maruti,s cross,1,great,False,731099
2012,133678,diesel,mumbai,sedan,manual,maruti,swift dzire,1,great,False,446799
2010,130339,petrol,mumbai,sedan,manual,honda,city,1,good,False,322899
2014,72547,diesel,mumbai,luxury sedan,automatic,skoda,octavia,1,great,False,889099
2012,75728,diesel,mumbai,luxury sedan,automatic,audi,a6,2,great,False,1092616
2012,125428,diesel,mumbai,hatchback,manual,maruti,swift,2,great,False,358799
2016,111422,diesel,mumbai,luxury suv,manual,mahindra,xuv500,2,great,False,728899
2009,152518,petrol & cng,mumbai,hatchback,manual,honda,jazz,3,good,False,199099
2009,163642,petrol,mumbai,hatchback,manual,honda,jazz,2,good,False,197599
2015,114840,petrol,mumbai,hatchback,automatic,hyundai,grand i10,1,great,False,441599
2013,138382,diesel,mumbai,sedan,manual,skoda,rapid,1,great,False,333299
2013,106379,diesel,mumbai,suv,manual,ford,ecosport,1,great,False,526099
2011,175435,diesel,mumbai,hatchback,manual,maruti,swift,1,great,False,330199
2010,164580,petrol,mumbai,sedan,manual,honda,city,2,great,False,296799
2013,125310,diesel,mumbai,sedan,manual,maruti,swift dzire,1,great,False,432699
2011,77257,diesel,mumbai,luxury sedan,manual,mercedes benz,e class,2,great,False,1063326
2011,107932,diesel,mumbai,luxury suv,automatic,bmw,x1,1,great,False,794599
2008,141671,diesel,mumbai,suv,manual,toyota,innova,1,great,False,410799
2015,88998,diesel,mumbai,suv,manual,toyota,innova,3,great,False,995999
2012,113206,diesel,mumbai,suv,manual,toyota,innova,2,great,False,742699
2010,121252,petrol & cng,mumbai,hatchback,manual,maruti,ritz,1,good,False,217599
2016,127305,petrol & cng,mumbai,hatchback,manual,maruti,wagon r 1.0,2,great,False,335299
2014,146858,petrol,mumbai,sedan,manual,honda,amaze,1,great,False,427499
2015,165870,diesel,mumbai,suv,manual,toyota,innova,1,great,False,949699
2016,123078,diesel,mumbai,sedan,automatic,volkswagen,vento,1,great,False,662099
2014,88484,diesel,mumbai,suv,manual,toyota,innova,1,great,False,1057165
2009,120578,petrol,mumbai,hatchback,manual,hyundai,i20,2,good,False,239099
2016,117793,petrol,mumbai,sedan,,volkswagen,vento,1,great,False,627899
2010,172533,petrol,mumbai,sedan,manual,honda,city,3,great,False,275699
2015,152963,diesel,mumbai,sedan,manual,maruti,swift dzire,1,great,False,549799
2012,127844,diesel,mumbai,luxury suv,manual,skoda,yeti,1,great,False,468199
2013,161540,diesel,mumbai,sedan,manual,maruti,swift dzire,1,great,False,465899
2011,108240,petrol & cng,mumbai,hatchback,manual,hyundai,i20,3,good,False,295399
2011,101043,petrol,mumbai,sedan,manual,maruti,sx4,2,good,False,215599
2012,133639,diesel,mumbai,sedan,manual,maruti,swift dzire,1,great,False,472599
2013,125436,diesel,mumbai,hatchback,manual,toyota,etios liva,3,great,False,313399
2012,118754,diesel,mumbai,sedan,manual,nissan,sunny,2,good,False,280099
2014,150431,petrol & cng,mumbai,hatchback,manual,maruti,wagon r 1.0,1,good,False,290299
2010,155954,petrol,mumbai,hatchback,manual,maruti,wagon r 1.0,1,great,False,215099
2014,107789,diesel,mumbai,sedan,manual,maruti,swift dzire,1,great,False,566999
2013,184523,diesel,mumbai,sedan,manual,hyundai,verna,1,great,False,428599
2010,172115,diesel,mumbai,suv,manual,toyota,innova,2,great,False,536699
2013,158047,diesel,mumbai,suv,manual,toyota,innova,2,great,False,692799
2013,162053,petrol & cng,mumbai,hatchback,manual,maruti,wagon r 1.0,1,great,False,314899
2009,182019,diesel,mumbai,suv,manual,toyota,innova,2,great,False,507999
2011,104673,diesel,mumbai,luxury sedan,automatic,bmw,5 series,2,great,False,1021714
2012,161606,diesel,mumbai,sedan,manual,maruti,swift dzire,1,great,False,463599
2018,104750,diesel,mumbai,suv,,hyundai,creta,1,great,False,1171699
2015,162070,petrol & cng,mumbai,hatchback,manual,maruti,celerio,1,great,False,366999
2016,162864,diesel,mumbai,hatchback,manual,maruti,baleno,1,great,False,536499
2014,140565,diesel,mumbai,suv,manual,maruti,ertiga,1,great,False,630599
2012,128310,diesel,mumbai,luxury sedan,automatic,bmw,x3,3,great,False,1352085
2010,105978,petrol,mumbai,hatchback,manual,hyundai,i10,1,good,False,245199
2014,103800,diesel,mumbai,suv,manual,renault,duster,2,great,False,499799
2014,189058,diesel,mumbai,suv,manual,ford,ecosport,1,great,False,433899
2015,220838,diesel,mumbai,suv,manual,honda,mobilio,1,great,False,476299
2011,144111,petrol & cng,mumbai,sedan,manual,honda,city,1,great,False,357299
2012,27912,petrol,mumbai,hatchback,manual,maruti,swift,1,great,False,333699
2016,146852,diesel,mumbai,suv,automatic,mahindra,scorpio,1,great,False,875899
2015,155655,diesel,mumbai,luxury suv,manual,mahindra,xuv500,1,great,False,740699
2012,141087,diesel,mumbai,sedan,manual,nissan,sunny,1,good,False,297699
2014,174471,petrol & cng,mumbai,hatchback,manual,maruti,wagon r 1.0,1,great,False,296799
2013,175025,diesel,mumbai,luxury sedan,automatic,bmw,5 series,1,great,False,1398444
2012,353288,diesel,mumbai,suv,manual,toyota,innova,1,great,False,721699
2017,152809,diesel,mumbai,suv,manual,toyota,innova crysta,1,great,False,1513079
2016,148037,diesel,mumbai,suv,manual,mahindra,tuv300,1,great,False,689799
2014,131741,diesel,mumbai,suv,manual,ford,ecosport,1,great,False,475899
2012,21023,petrol,mumbai,hatchback,manual,maruti,alto k10,2,great,False,160199
2017,8327,petrol,mumbai,hatchback,automatic,renault,kwid,1,great,False,372799
2011,19732,petrol,mumbai,hatchback,manual,maruti,alto k10,1,great,False,150099
2014,17108,petrol,mumbai,sedan,manual,hyundai,xcent,1,great,False,453599
2013,30689,diesel,mumbai,hatchback,manual,maruti,swift,1,great,True,435099
2016,23231,petrol,mumbai,hatchback,manual,hyundai,elite i20,1,great,False,529799
2011,48546,petrol,mumbai,hatchback,manual,maruti,wagon r 1.0,2,great,False,218999
2014,19951,petrol,mumbai,hatchback,manual,hyundai,i10,1,great,False,310899
2007,48448,petrol,mumbai,hatchback,manual,maruti,swift,2,fair,False,145599
2012,19422,petrol,mumbai,hatchback,manual,maruti,alto,1,good,False,160199
2016,20767,petrol,mumbai,hatchback,manual,hyundai,elite i20,1,great,False,555599
2016,23947,petrol,mumbai,hatchback,manual,maruti,baleno,1,great,False,579399
2014,1774,petrol,mumbai,hatchback,manual,honda,brio,1,great,False,366899
2017,2490,petrol,mumbai,hatchback,manual,hyundai,grand i10,1,great,False,464599
2018,19871,petrol,mumbai,sedan,automatic,maruti,dzire,1,great,False,630999
2012,43357,petrol,mumbai,hatchback,manual,maruti,zen estilo,1,great,False,191299
2012,40272,petrol,mumbai,hatchback,manual,maruti,swift,1,great,False,343099
2011,24635,petrol,mumbai,hatchback,manual,maruti,ritz,1,great,False,192699
2010,37186,petrol,mumbai,hatchback,manual,hyundai,i10,2,great,False,185599
2010,28917,petrol,mumbai,hatchback,manual,maruti,ritz,1,great,False,228999
2018,20079,petrol,mumbai,hatchback,automatic,renault,kwid,1,great,False,368799
2014,41140,petrol,mumbai,hatchback,manual,maruti,swift,1,great,False,382899
2009,68273,petrol,mumbai,hatchback,manual,maruti,alto,1,good,False,148699
2015,42009,petrol,mumbai,hatchback,automatic,maruti,celerio,1,great,False,377799
2012,59727,petrol,mumbai,sedan,manual,maruti,swift dzire,2,great,False,322699
2016,12844,petrol,mumbai,hatchback,manual,maruti,baleno,1,great,False,564599
2016,48347,petrol,mumbai,hatchback,manual,maruti,wagon r 1.0,1,great,False,353999
2015,57827,petrol,mumbai,hatchback,manual,maruti,wagon r 1.0,1,great,False,303599
2017,22018,petrol,mumbai,sedan,manual,honda,city,2,great,False,665999
2017,21313,petrol,mumbai,hatchback,manual,maruti,wagon r 1.0,1,great,False,366199
2018,22982,petrol & cng,mumbai,hatchback,manual,maruti,wagon r 1.0,1,great,False,405899
2015,40737,petrol,mumbai,hatchback,automatic,hyundai,grand i10,1,great,False,449599
2019,4447,petrol,mumbai,,,hyundai,new santro,1,great,False,518899
2010,53107,petrol,mumbai,hatchback,manual,hyundai,i20,2,great,False,248999
2017,19113,petrol,mumbai,hatchback,manual,hyundai,elite i20,1,great,False,627899
2015,43781,petrol & cng,mumbai,hatchback,manual,maruti,wagon r 1.0,1,great,False,315999
2010,30793,petrol,mumbai,hatchback,manual,maruti,zen estilo,1,good,False,186499
2015,47214,petrol,mumbai,hatchback,manual,hyundai,elite i20,1,great,False,477399
2010,55785,petrol,mumbai,hatchback,manual,hyundai,i20,2,great,False,227999
2013,57238,petrol,mumbai,hatchback,manual,hyundai,i20,4,great,False,329099
2017,19621,petrol,mumbai,suv,manual,ford,ecosport,2,great,False,694399
2014,57005,petrol & cng,mumbai,hatchback,manual,maruti,wagon r 1.0,1,great,False,335499
2008,41187,petrol,mumbai,hatchback,manual,maruti,swift,1,good,False,192499
2016,30261,petrol,mumbai,hatchback,manual,maruti,baleno,2,great,False,569799
2016,49107,petrol & cng,mumbai,hatchback,manual,maruti,celerio,1,great,False,386499
2018,20814,petrol & cng,mumbai,suv,manual,maruti,ertiga,1,great,False,818799
2014,51484,petrol,mumbai,suv,manual,honda,mobilio,1,great,False,437399
2013,59383,petrol,mumbai,sedan,automatic,honda,amaze,2,great,False,352599
2009,43158,petrol,mumbai,hatchback,automatic,hyundai,i10,3,great,False,200799
2017,19724,diesel,mumbai,suv,manual,maruti,vitara brezza,1,great,False,799999
2008,82269,petrol,mumbai,sedan,manual,honda,city,2,great,False,272799
2019,15415,petrol,mumbai,hatchback,,maruti,swift,1,great,False,717599
2016,65990,petrol & cng,mumbai,hatchback,manual,maruti,wagon r 1.0,2,great,False,342999
2017,56328,petrol & cng,mumbai,hatchback,manual,maruti,wagon r 1.0,1,great,False,364199
2018,13197,petrol,mumbai,sedan,automatic,hyundai,verna,1,great,False,1181299
2016,24367,diesel,mumbai,suv,manual,maruti,vitara brezza,1,great,False,717599
2013,82437,petrol,mumbai,sedan,manual,honda,city,1,great,False,392299
2018,34489,petrol & cng,mumbai,suv,manual,maruti,ertiga,1,great,False,785399
2013,69157,diesel,mumbai,sedan,manual,maruti,swift dzire,1,great,False,478899
2018,21960,petrol,mumbai,suv,,hyundai,creta,1,great,False,1140793
2018,11025,diesel,mumbai,suv,automatic,maruti,vitara brezza,1,great,False,882099
2010,85482,petrol,mumbai,hatchback,manual,ford,figo,1,great,False,177999
2017,23836,diesel,mumbai,suv,manual,mahindra,scorpio,1,great,False,1159377
2013,88809,diesel,mumbai,hatchback,manual,hyundai,i20,1,great,False,383799
2019,17468,diesel,mumbai,suv,,mahindra,xuv 3oo,1,great,False,1038682
2019,8701,petrol,mumbai,suv,,hyundai,venue,1,great,False,951699
2014,84851,petrol,mumbai,sedan,,honda,city,1,great,False,521499
2015,81346,diesel,mumbai,suv,manual,mahindra,bolero,1,great,False,570899
2017,83592,diesel,mumbai,sedan,manual,maruti,ciaz,1,great,False,650499
2014,69919,petrol & cng,mumbai,hatchback,manual,maruti,wagon r 1.0,1,great,False,313499
2014,81610,petrol & cng,mumbai,hatchback,manual,maruti,celerio,1,great,False,376699
2016,72538,diesel,mumbai,luxury suv,manual,mahindra,xuv500,1,great,False,773199
2018,23301,diesel,mumbai,,,mahindra,marazzo,1,great,False,980099
2012,93867,diesel,mumbai,suv,manual,maruti,ertiga,2,great,False,516899
2013,132643,diesel,mumbai,hatchback,manual,volkswagen,polo,1,great,False,311799
2013,100561,petrol,mumbai,hatchback,automatic,maruti,a star,1,great,False,227299
2015,96574,diesel,mumbai,suv,manual,ford,ecosport,1,great,False,576499
2017,66202,petrol,mumbai,hatchback,manual,maruti,baleno,1,great,False,582099
2014,146131,diesel,mumbai,luxury suv,manual,mahindra,xuv500,1,great,False,669999
2017,183456,diesel,mumbai,suv,manual,toyota,innova crysta,1,great,False,1423997
2018,15051,petrol & cng,mumbai,hatchback,manual,maruti,wagon r 1.0,1,great,False,400000
2008,60536,petrol,mumbai,sedan,manual,maruti,swift dzire,2,good,False,160000
2009,97272,petrol,mumbai,hatchback,manual,hyundai,i20,3,great,False,193500
2015,43351,petrol,mumbai,sedan,manual,honda,amaze,1,good,False,380000
2017,33486,petrol,mumbai,hatchback,manual,maruti,wagon r 1.0,1,great,False,425000
2018,6875,petrol,mumbai,hatchback,automatic,maruti,celerio,1,great,False,550000
2019,5265,petrol,mumbai,sedan,,honda,civic,1,great,False,1895000
2016,25723,petrol,mumbai,suv,manual,mahindra,kuv100,1,fair,False,340000
2020,10934,petrol,mumbai,hatchback,manual,maruti,baleno,1,great,False,795000
2013,47118,petrol,mumbai,hatchback,manual,honda,brio,1,great,False,310000
2011,80325,diesel,mumbai,hatchback,manual,skoda,fabia,1,good,False,200000
2016,34389,petrol,mumbai,sedan,manual,honda,city,1,great,False,650000
2011,60691,diesel,mumbai,hatchback,manual,maruti,swift,1,great,False,300000
2017,31285,petrol,mumbai,hatchback,automatic,maruti,celerio,1,great,False,515000
2018,20086,petrol,mumbai,luxury suv,,hyundai,tucson new,1,great,False,1745000
2015,78558,diesel,mumbai,suv,manual,maruti,ertiga,1,great,False,650000
2017,23486,petrol,mumbai,hatchback,manual,tata,tiago,1,great,False,480000
2018,30439,diesel,mumbai,,,mahindra,marazzo,1,great,False,1065000
2013,80988,petrol & cng,mumbai,hatchback,manual,maruti,wagon r 1.0,1,great,False,300000
2014,73294,petrol,mumbai,hatchback,manual,hyundai,grand i10,2,great,False,390000
2007,13318,petrol,mumbai,sedan,manual,mahindra renault,logan,1,,False,102000
2016,58756,petrol,mumbai,suv,,hyundai,creta,1,great,False,981000
2011,23356,petrol,mumbai,hatchback,manual,maruti,alto k10,1,good,False,180699
2016,12135,petrol,mumbai,hatchback,manual,hyundai,i10,1,great,False,378799
2018,47701,diesel,mumbai,sedan,,honda,amaze,1,great,False,841000
2010,15387,petrol,mumbai,hatchback,manual,maruti,alto,1,great,False,158599
2008,91694,petrol,mumbai,sedan,manual,maruti,sx4,2,great,False,130499
2018,16384,petrol,mumbai,hatchback,,tata,tiago,1,great,False,512599
2015,26209,petrol,mumbai,hatchback,automatic,maruti,celerio,1,great,False,384999
2017,18365,petrol,mumbai,hatchback,manual,honda,jazz,1,great,False,563299
2020,6365,petrol & cng,mumbai,hatchback,manual,maruti,alto,1,great,False,379699
2013,44529,petrol,mumbai,suv,automatic,ford,ecosport,2,great,False,503299
2012,32857,petrol,mumbai,sedan,manual,hyundai,verna,1,great,False,418199
2009,24185,petrol,mumbai,hatchback,manual,hyundai,i10,1,great,False,213999
2013,45750,petrol,mumbai,sedan,automatic,honda,city,2,great,False,520000
2011,124181,petrol,mumbai,sedan,manual,maruti,swift dzire,1,great,False,299000
2011,64395,petrol,mumbai,hatchback,manual,honda,jazz,4,great,False,223399
2010,72090,petrol & cng,mumbai,sedan,manual,honda,city,2,great,False,257699
2017,19573,diesel,mumbai,suv,manual,maruti,ertiga,1,great,False,818999
2014,49596,petrol,mumbai,hatchback,manual,hyundai,elite i20,1,great,False,495899
2010,62025,petrol,mumbai,sedan,manual,tata,manza,1,great,False,141099
2015,19318,diesel,mumbai,sedan,automatic,volkswagen,jetta,1,great,False,852999
2019,5063,petrol,mumbai,hatchback,manual,maruti,baleno,1,great,False,725699
2017,43192,petrol,mumbai,sedan,manual,maruti,ciaz,1,great,False,574099
2017,9721,diesel,mumbai,luxury suv,,jeep,compass,1,great,False,1667609
2018,5236,petrol,mumbai,sedan,automatic,hyundai,verna,1,great,False,1141000
2012,70997,petrol,mumbai,hatchback,manual,chevrolet,spark,2,good,False,135699
2017,41902,petrol,mumbai,sedan,manual,maruti,dzire,1,great,False,562899
2018,35592,petrol & cng,mumbai,hatchback,manual,maruti,wagon r 1.0,1,great,False,417899
2019,29123,petrol & cng,mumbai,suv,manual,maruti,ertiga,1,great,False,820099
2008,78902,petrol,mumbai,sedan,manual,honda,city zx,1,good,False,190399
2015,64172,petrol & cng,mumbai,suv,,maruti,ertiga,1,great,False,658399
2014,96603,diesel,mumbai,sedan,automatic,volkswagen,vento,3,great,False,413899
2019,16303,diesel,mumbai,suv,,mahindra,scorpio,1,great,False,1247651
2008,79397,petrol,mumbai,sedan,,honda,city zx,2,great,False,170399
2015,27905,diesel,mumbai,luxury suv,automatic,toyota,fortuner,1,great,False,1718599
2019,13154,petrol,mumbai,suv,,maruti,ertiga,1,great,False,1075000
2009,92819,petrol,mumbai,luxury sedan,,toyota,corolla altis,3,great,False,235799
2012,60588,diesel,mumbai,luxury sedan,automatic,bmw,3 series,2,great,False,816399
2015,63181,diesel,mumbai,luxury sedan,automatic,bmw,3 series,2,great,False,1547116
2011,102438,petrol & cng,mumbai,luxury sedan,manual,toyota,corolla altis,2,great,False,375000
2011,113703,petrol & cng,mumbai,hatchback,manual,hyundai,i20,2,great,False,277499
2009,76286,petrol,mumbai,hatchback,manual,hyundai,i10,2,good,False,183099
2015,70795,petrol,mumbai,suv,manual,ford,ecosport,1,great,False,486899
2012,95549,diesel,mumbai,hatchback,manual,volkswagen,polo,2,great,False,266099
2009,61552,petrol,mumbai,sedan,manual,honda,civic,1,good,False,272499
2013,90404,diesel,mumbai,luxury suv,manual,ssangyong,rexton,2,great,False,565299
2016,67206,petrol,mumbai,hatchback,manual,tata,tiago,1,great,False,398699
2007,111084,petrol & cng,mumbai,luxury suv,automatic,honda,crv,2,good,False,296799
2011,101184,petrol & cng,mumbai,hatchback,manual,maruti,swift,2,good,False,332099
2017,91620,diesel,mumbai,luxury suv,manual,toyota,fortuner,1,great,False,2462277
2013,127170,diesel,mumbai,suv,manual,nissan,terrano,2,great,False,433999
2012,115542,petrol & cng,mumbai,sedan,,honda,city,3,great,False,384599
2013,104672,diesel,mumbai,suv,manual,ford,ecosport,1,great,False,492199
2013,114958,petrol,mumbai,hatchback,manual,hyundai,eon,1,great,False,206599
2014,113552,diesel,mumbai,sedan,manual,honda,city,1,great,False,482899
2011,173347,diesel,mumbai,luxury suv,manual,toyota,fortuner,2,great,False,877099
2010,247917,diesel,mumbai,suv,manual,toyota,innova,1,great,False,592399
2018,54802,diesel,mumbai,luxury suv,automatic,toyota,fortuner,1,great,False,3250000
2013,114975,diesel,mumbai,sedan,manual,honda,amaze,2,great,True,237000
2011,41692,petrol,mumbai,hatchback,manual,chevrolet,spark,1,overpriced,True,75000
2015,70954,diesel,mumbai,suv,manual,mahindra,xuv500,2,great,True,800000
2008,132353,diesel,mumbai,sedan,manual,mahindra renault,logan,1,good,True,60000
2013,124051,diesel,mumbai,luxury suv,manual,skoda,yeti,2,great,False,364000
2018,20017,diesel,mumbai,,,maruti,vitara brezza,1,great,False,820000
2010,80200,petrol,mumbai,hatchback,manual,maruti,alto k10,2,fair,False,120000
2015,17861,petrol & cng,mumbai,hatchback,manual,maruti,celerio,1,great,False,344000
2012,40354,diesel,mumbai,suv,manual,renault,duster,3,fair,False,500000
2016,38663,petrol,mumbai,hatchback,manual,maruti,baleno,1,good,False,460000
2016,80403,diesel,mumbai,sedan,manual,hyundai,verna,1,fair,False,800000
2014,134600,diesel,mumbai,suv,manual,tata,sumo gold,2,overpriced,False,350000
2014,58189,petrol,mumbai,luxury sedan,automatic,skoda,superb,3,good,False,850000
2013,246865,diesel,mumbai,suv,manual,toyota,innova,2,great,False,700000
2003,90458,diesel,mumbai,hatchback,manual,tata,indica v2,2,overpriced,False,150000
2013,87671,diesel,mumbai,suv,manual,renault,duster,2,great,False,420000
2007,155130,diesel,mumbai,suv,manual,toyota,innova,2,good,False,380000
2012,15417,petrol,mumbai,hatchback,manual,maruti,alto 800,1,overpriced,True,275000
2008,34166,petrol,mumbai,hatchback,manual,maruti,a star,2,fair,True,150000
2015,20612,petrol,mumbai,suv,manual,honda,mobilio,1,fair,False,600000
2015,25628,petrol,mumbai,hatchback,manual,hyundai,eon,1,fair,True,265000
2011,83602,diesel,mumbai,luxury sedan,manual,mercedes benz,e class,2,fair,False,1260000
2014,51516,diesel,mumbai,suv,manual,nissan,terrano,2,good,False,600000
2010,33567,petrol,mumbai,hatchback,manual,hyundai,i10,1,fair,True,180000
2010,109598,diesel,mumbai,luxury suv,manual,toyota,fortuner,2,good,False,1000000
2012,83698,petrol,mumbai,hatchback,manual,ford,figo,1,overpriced,True,170000
2016,8944,petrol,mumbai,hatchback,manual,renault,kwid,1,good,False,280000
2012,109198,diesel,mumbai,sedan,manual,toyota,etios,1,good,False,350000
2017,53377,diesel,mumbai,suv,manual,maruti,vitara brezza,1,great,False,825000
2016,21926,diesel,mumbai,sedan,manual,maruti,ciaz,1,great,False,825000
2010,32650,petrol,mumbai,sedan,manual,maruti,swift dzire,1,great,True,225000
2017,34871,diesel,mumbai,,,hyundai,verna,1,overpriced,False,1150000
2020,1791,petrol,pune,hatchback,manual,tata,tiago,1,great,False,508299
2016,10229,petrol,pune,hatchback,manual,maruti,baleno,1,great,False,568299
2012,36400,petrol,pune,hatchback,manual,hyundai,eon,1,great,False,179199
2015,14864,petrol,pune,hatchback,manual,maruti,swift,1,great,False,400099
2012,40006,petrol,pune,hatchback,manual,toyota,etios liva,1,great,False,278699
2015,31398,petrol,pune,hatchback,manual,hyundai,grand i10,1,great,False,474299
2014,34126,petrol,pune,hatchback,manual,maruti,alto 800,1,great,False,256799
2016,8974,petrol,pune,hatchback,automatic,maruti,wagon r 1.0,1,great,False,413899
2012,23210,petrol,pune,hatchback,manual,honda,brio,1,great,False,268999
2016,25338,petrol,pune,hatchback,manual,hyundai,grand i10,1,great,False,468499
2015,14170,petrol,pune,hatchback,,maruti,alto k10,1,great,False,329899
2018,15519,petrol,pune,hatchback,manual,hyundai,elite i20,1,great,False,608899
2014,16251,petrol,pune,hatchback,manual,maruti,wagon r 1.0,1,great,False,363299
2015,12833,petrol,pune,hatchback,manual,hyundai,grand i10,1,great,False,461399
2013,48362,petrol,pune,hatchback,manual,maruti,wagon r 1.0,1,great,False,290999
2017,28987,petrol & cng,pune,hatchback,manual,maruti,wagon r 1.0,2,great,False,414999
2012,43211,petrol,pune,hatchback,manual,hyundai,i10,2,great,False,261499
2011,58344,petrol,pune,sedan,manual,hyundai,accent,1,great,False,142299
2014,33642,petrol,pune,sedan,manual,hyundai,xcent,1,great,False,417299
2013,8767,petrol,pune,hatchback,manual,hyundai,i10,1,great,False,248499
2012,40636,petrol,pune,hatchback,manual,honda,brio,1,great,False,260199
2012,21482,petrol,pune,hatchback,manual,maruti,wagon r 1.0,2,great,False,284099
2017,20577,petrol,pune,hatchback,manual,maruti,wagon r 1.0,1,great,False,396199
2015,7478,petrol,pune,hatchback,manual,maruti,alto 800,2,great,False,277599
2015,34994,petrol,pune,sedan,manual,honda,amaze,1,great,False,423799
2012,32628,petrol,pune,hatchback,manual,maruti,swift,2,great,False,383899
2013,45056,petrol,pune,hatchback,manual,maruti,swift,2,great,False,373599
2012,44574,petrol,pune,hatchback,manual,hyundai,i10,2,great,False,290899
2014,35957,petrol,pune,hatchback,manual,maruti,alto k10,2,great,False,226699
2016,20385,petrol,pune,hatchback,manual,renault,kwid,1,great,False,274299
2016,32014,petrol,pune,hatchback,manual,tata,tiago,2,great,False,400699
2016,9755,petrol,pune,sedan,manual,volkswagen,ameo,1,great,False,520799
2016,30367,petrol,pune,hatchback,manual,hyundai,grand i10,1,great,False,430299
2016,15184,petrol,pune,hatchback,manual,hyundai,grand i10,1,great,False,457499
2015,27404,petrol,pune,hatchback,manual,hyundai,grand i10,3,great,False,448399
2017,39459,petrol,pune,hatchback,manual,maruti,alto 800,1,great,True,247199
2010,54882,petrol,pune,hatchback,manual,maruti,swift,1,great,False,287399
2014,9296,petrol,pune,hatchback,manual,maruti,wagon r stingray,1,great,False,322699
2015,49377,petrol,pune,hatchback,manual,hyundai,grand i10,1,great,False,351799
2014,26494,petrol,pune,hatchback,manual,maruti,wagon r 1.0,1,great,False,357499
2017,11077,petrol,pune,hatchback,manual,maruti,wagon r 1.0,1,great,False,409799
2014,36709,petrol,pune,hatchback,manual,volkswagen,polo,1,great,False,472799
2012,31741,petrol,pune,hatchback,manual,hyundai,i10,1,great,False,313499
2016,4887,petrol,pune,hatchback,manual,maruti,alto 800,1,great,False,298699
2019,5562,petrol,pune,,,maruti,new  wagon-r,1,great,False,567899
2014,17416,petrol,pune,hatchback,manual,hyundai,eon,1,great,False,272099
2016,5844,petrol,pune,hatchback,manual,hyundai,grand i10,1,great,False,482299
2015,26051,petrol,pune,hatchback,,maruti,alto k10,2,great,False,290699
2017,1805,petrol,pune,hatchback,manual,hyundai,grand i10,1,great,False,482899
2013,46910,diesel,pune,hatchback,manual,toyota,etios liva,1,great,False,393699
2013,43902,petrol,pune,hatchback,manual,maruti,alto 800,1,great,False,219599
2018,27090,petrol,pune,hatchback,manual,maruti,celerio x,1,great,False,418399
2017,39825,petrol,pune,hatchback,manual,hyundai,grand i10,1,great,False,434199
2012,48367,petrol,pune,hatchback,manual,maruti,alto k10,2,great,False,203599
2016,1139,petrol,pune,hatchback,manual,hyundai,grand i10,1,great,False,485699
2013,55905,petrol,pune,hatchback,manual,maruti,wagon r 1.0,1,great,False,258499
2011,64382,petrol,pune,hatchback,automatic,hyundai,i10,4,great,False,278999
2015,17753,petrol,pune,hatchback,manual,maruti,alto 800,1,great,False,240299
2015,32936,petrol,pune,hatchback,manual,maruti,swift,1,great,False,464599
2014,22538,petrol,pune,hatchback,manual,maruti,alto 800,1,great,False,245799
2016,25351,petrol,pune,hatchback,manual,hyundai,elite i20,1,great,False,547099
2013,56689,petrol,pune,hatchback,manual,hyundai,i10,1,great,False,249199
2016,32785,petrol,pune,hatchback,automatic,honda,jazz,1,great,False,580399
2017,25533,petrol,pune,hatchback,manual,maruti,baleno,1,great,False,555199
2014,16107,petrol,pune,hatchback,manual,maruti,swift,1,great,False,466399
2011,48837,petrol,pune,hatchback,manual,maruti,alto,1,great,False,205299
2013,59807,petrol,pune,hatchback,manual,maruti,swift,1,great,False,389399
2018,13563,petrol,pune,hatchback,,maruti,alto k10,1,great,False,362999
2015,37260,petrol,pune,hatchback,manual,maruti,swift,1,great,False,410799
2011,34281,petrol,pune,hatchback,manual,hyundai,i10,1,great,False,265599
2010,60563,petrol,pune,hatchback,manual,hyundai,i10,2,great,False,230599
2016,23621,petrol,pune,hatchback,manual,hyundai,elite i20,1,great,False,592899
2013,58406,petrol,pune,sedan,manual,volkswagen,vento,1,great,False,416099
2019,16902,petrol,pune,hatchback,manual,renault,kwid,2,great,False,351199
2015,49741,petrol,pune,sedan,manual,maruti,swift dzire,1,great,False,473699
2016,32919,petrol,pune,hatchback,manual,maruti,baleno,1,great,False,521699
2018,4583,petrol,pune,hatchback,manual,maruti,baleno,1,great,False,679999
2015,68406,petrol,pune,hatchback,manual,honda,brio,2,great,False,337999
2015,33435,petrol,pune,hatchback,manual,hyundai,grand i10,1,great,False,471399
2017,20101,petrol,pune,hatchback,,hyundai,grand i10,1,great,False,525599
2010,66489,petrol,pune,hatchback,manual,maruti,wagon r 1.0,1,great,False,247399
2011,68471,diesel,pune,hatchback,manual,maruti,swift,1,great,False,393199
2013,50976,petrol,pune,hatchback,manual,maruti,alto k10,1,great,False,223899
2018,22513,petrol,pune,hatchback,manual,renault,kwid,2,great,False,346199
2017,39100,petrol,pune,hatchback,manual,maruti,alto 800,1,great,False,302299
2015,7954,petrol,pune,hatchback,manual,maruti,alto k10,1,good,False,324899
2015,31300,petrol,pune,hatchback,manual,hyundai,grand i10,2,great,False,493199
2010,56204,petrol,pune,hatchback,manual,hyundai,i10,3,great,False,241499
2009,20007,petrol,pune,hatchback,manual,maruti,wagon r,1,great,False,207799
2018,13677,petrol,pune,hatchback,manual,maruti,baleno,1,great,False,642399
2011,54473,petrol,pune,hatchback,automatic,hyundai,i10,2,great,False,276499
2009,24653,petrol,pune,hatchback,manual,maruti,alto,1,good,False,164499
2016,16266,petrol,pune,hatchback,manual,maruti,swift,1,great,False,487899
2015,48057,petrol,pune,hatchback,manual,hyundai,grand i10,1,great,False,392699
2014,66606,petrol & cng,pune,hatchback,manual,maruti,wagon r 1.0,1,great,False,326799
2015,24846,petrol,pune,hatchback,manual,maruti,swift,1,great,False,516299
2015,30559,petrol,pune,hatchback,manual,hyundai,grand i10,2,great,False,429499
2009,34558,petrol,pune,hatchback,manual,maruti,alto,1,great,False,158799
2015,55390,petrol,pune,hatchback,manual,maruti,wagon r 1.0,1,great,False,356899
2009,49788,petrol,pune,sedan,manual,honda,city,4,great,False,226399
2017,30348,petrol,pune,sedan,automatic,maruti,dzire,1,great,False,658399
2016,41811,petrol,pune,hatchback,manual,renault,kwid,1,great,False,308799
2011,71758,petrol,pune,sedan,manual,volkswagen,vento,1,great,False,314799
2011,73402,petrol,pune,hatchback,manual,chevrolet,spark,1,great,False,144699
2013,60422,diesel,pune,hatchback,manual,maruti,swift,2,great,False,355599
2014,56479,petrol,pune,hatchback,manual,maruti,alto k10,1,great,False,259399
2015,54112,petrol,pune,hatchback,manual,maruti,alto 800,1,great,False,255499
2018,19824,petrol,pune,hatchback,manual,maruti,celerio,1,great,False,427499
2011,71720,petrol,pune,hatchback,manual,hyundai,i10,2,good,False,226599
2016,52907,petrol,pune,sedan,manual,volkswagen,ameo,1,great,False,374999
2015,54283,petrol,pune,hatchback,manual,hyundai,grand i10,1,great,False,403199
2016,54988,petrol,pune,hatchback,automatic,maruti,wagon r 1.0,2,great,False,373399
2015,53317,petrol,pune,hatchback,manual,maruti,alto k10,1,great,False,304599
2012,58646,petrol,pune,hatchback,manual,hyundai,eon,2,great,False,203799
2009,47016,petrol,pune,hatchback,manual,maruti,wagon r,1,great,False,203799
2012,77355,petrol,pune,hatchback,manual,maruti,wagon r 1.0,1,great,False,266799
2013,64501,petrol,pune,hatchback,manual,hyundai,i10,1,great,False,288399
2017,71115,petrol,pune,hatchback,automatic,volkswagen,polo,1,great,False,708899
2010,106705,petrol,pune,hatchback,manual,volkswagen,polo,2,great,False,248299
2019,1414,petrol,pune,hatchback,,hyundai,elite i20,1,great,False,749399
2016,45308,petrol,pune,hatchback,automatic,volkswagen,polo,1,great,False,632999
2011,80805,diesel,pune,hatchback,manual,maruti,swift,2,great,False,401399
2016,65640,petrol,pune,hatchback,manual,hyundai,elite i20,1,great,False,458599
2018,38598,petrol,pune,hatchback,automatic,maruti,baleno,1,great,False,612499
2010,75320,petrol,pune,hatchback,manual,maruti,alto k10,1,great,False,155699
2018,13960,diesel,pune,luxury suv,manual,jeep,compass,1,great,False,1526310
2013,70832,petrol,pune,sedan,manual,honda,amaze,2,great,False,356799
2018,21509,petrol,pune,hatchback,manual,hyundai,i20 active,1,great,False,600799
2014,59950,petrol,pune,sedan,manual,maruti,swift dzire,1,great,False,476199
2015,55009,petrol,pune,hatchback,manual,hyundai,grand i10,1,great,False,432699
2014,66904,petrol,pune,hatchback,manual,maruti,celerio,1,great,False,375899
2016,62876,diesel,pune,hatchback,manual,maruti,baleno,1,great,False,625399
2016,61536,petrol,pune,hatchback,automatic,maruti,baleno,1,great,False,561099
2019,38522,petrol,pune,,,maruti,new  wagon-r,1,great,False,547399
2009,77165,petrol,pune,hatchback,manual,hyundai,i20,2,great,False,259999
2009,60172,petrol,pune,hatchback,manual,hyundai,i10,3,good,False,201799
2018,7020,diesel,pune,suv,manual,maruti,ertiga,1,great,False,903499
2016,45907,petrol,pune,hatchback,manual,maruti,baleno,1,great,False,539899
2015,70001,petrol,pune,luxury suv,,honda,crv,2,great,False,1196242
2009,63745,petrol,pune,hatchback,manual,maruti,wagon r,2,great,False,197599
2013,88454,petrol,pune,hatchback,manual,maruti,swift,1,great,False,362799
2007,65402,petrol,pune,hatchback,manual,maruti,wagon r,2,great,False,120199
2014,84803,petrol,pune,sedan,manual,hyundai,xcent,1,great,False,401299
2016,54503,petrol,pune,sedan,manual,maruti,swift dzire,1,great,False,518699
2010,89700,petrol,pune,hatchback,manual,maruti,a star,1,great,False,178899
2007,40214,petrol,pune,hatchback,manual,hyundai,i10,3,good,False,179899
2010,73213,petrol,pune,hatchback,manual,hyundai,i20,3,great,False,259199
2010,83908,petrol,pune,hatchback,manual,maruti,ritz,1,great,False,213399
2014,93514,diesel,pune,sedan,manual,skoda,rapid,2,great,False,408499
2019,7769,petrol,pune,hatchback,,hyundai,elite i20,1,great,False,726699
2012,71455,petrol,pune,hatchback,manual,hyundai,i10,1,great,False,297299
2012,53513,petrol,pune,hatchback,manual,maruti,alto k10,2,good,False,196999
2015,51457,petrol,pune,sedan,automatic,honda,city,1,great,False,732699
2013,87041,petrol,pune,hatchback,manual,hyundai,eon,1,great,False,214699
2011,84008,petrol,pune,hatchback,manual,hyundai,i20,2,great,False,319399
2017,88966,petrol,pune,hatchback,automatic,maruti,celerio,1,great,False,387099
2016,46478,diesel,pune,suv,manual,maruti,ertiga,1,great,False,774599
2010,77896,petrol,pune,hatchback,manual,maruti,wagon r,1,great,False,262599
2011,82936,diesel,pune,hatchback,manual,ford,figo,1,great,False,283199
2016,86031,petrol,pune,hatchback,manual,renault,kwid,1,great,False,256699
2019,10468,petrol,pune,suv,,hyundai,venue,1,great,False,1108978
2009,87978,petrol,pune,hatchback,manual,maruti,alto,1,good,False,154999
2010,75401,petrol,pune,hatchback,manual,maruti,alto k10,2,great,False,165799
2009,47439,petrol,pune,hatchback,manual,hyundai,santro xing,1,good,False,202899
2017,65919,petrol,pune,sedan,manual,maruti,dzire,1,great,False,669299
2016,76252,diesel,pune,suv,manual,toyota,innova,1,great,False,1066255
2011,91145,diesel,pune,hatchback,manual,maruti,swift,1,great,False,380099
2016,77137,petrol,pune,hatchback,manual,hyundai,grand i10,1,great,True,409399
2017,84193,diesel,pune,suv,automatic,toyota,innova crysta,2,great,False,1645288
2017,67410,diesel,pune,luxury suv,,jeep,compass,1,great,False,1372285
2017,57453,petrol,pune,hatchback,manual,hyundai,elite i20,2,great,False,572199
2009,69959,petrol,pune,hatchback,manual,hyundai,getz prime,2,good,False,145399
2010,80711,petrol,pune,hatchback,manual,maruti,a star,2,good,False,181899
2009,116752,petrol,pune,hatchback,manual,hyundai,i20,1,great,False,266799
2016,68067,petrol,pune,sedan,,volkswagen,vento,1,great,False,674399
2013,87568,petrol,pune,hatchback,manual,volkswagen,polo,3,great,False,260499
2008,103788,petrol,pune,sedan,manual,honda,city zx,1,good,False,167899
2009,78447,petrol,pune,hatchback,manual,maruti,alto,1,great,False,158599
2012,82862,petrol & cng,pune,hatchback,manual,maruti,wagon r 1.0,1,great,False,307699
2011,93869,petrol,pune,hatchback,manual,hyundai,i20,2,great,False,339399
2010,90590,petrol,pune,sedan,manual,honda,city,2,fair,False,358999
2017,30763,diesel,pune,suv,automatic,tata,hexa,1,great,False,1357640
2014,99942,petrol,pune,hatchback,manual,maruti,celerio,1,great,False,368699
2018,62957,diesel,pune,suv,automatic,tata,hexa,1,great,False,1283405
2007,79454,petrol,pune,hatchback,manual,hyundai,i10,2,good,False,187399
2009,116081,petrol,pune,hatchback,manual,hyundai,i10,1,fair,False,180899
2017,64886,petrol,pune,hatchback,manual,maruti,baleno,2,great,False,526399
2015,77092,petrol,pune,hatchback,manual,maruti,baleno,1,great,False,490299
2015,71225,petrol,pune,hatchback,manual,hyundai,grand i10,1,great,False,437499
2010,86174,petrol,pune,sedan,manual,honda,city,1,great,False,395499
2018,18137,diesel,pune,suv,,tata,nexon ,1,great,False,902999
2016,99124,petrol & cng,pune,hatchback,manual,maruti,alto 800,2,great,False,272299
2017,90932,petrol,pune,hatchback,,maruti,baleno,1,great,False,565799
2016,60386,petrol,pune,hatchback,manual,volkswagen,polo,2,great,False,433099
2018,27963,diesel,pune,suv,automatic,tata,hexa,1,great,False,1355620
2014,76131,petrol & cng,pune,hatchback,manual,maruti,alto 800,1,great,False,266399
2014,83012,petrol,pune,hatchback,manual,hyundai,elite i20,1,great,False,499999
2018,45899,diesel,pune,suv,manual,mahindra,bolero,1,great,False,805299
2014,81737,diesel,pune,hatchback,manual,fiat,grand punto,1,great,False,330399
2017,86128,diesel,pune,suv,manual,maruti,ertiga,2,great,False,821199
2012,100481,petrol,pune,hatchback,manual,maruti,swift,2,great,True,321399
2015,79830,diesel,pune,suv,manual,maruti,ertiga,1,great,False,709999
2012,88590,petrol,pune,hatchback,manual,hyundai,i20,2,great,False,343299
2012,102372,petrol,pune,hatchback,automatic,hyundai,i10,1,great,False,291399
2013,84711,diesel,pune,sedan,manual,maruti,swift dzire,1,great,False,532499
2015,113465,petrol,pune,sedan,manual,hyundai,xcent,1,great,False,415199
2015,77611,petrol,pune,luxury sedan,automatic,toyota,corolla altis,2,great,False,863199
2011,100982,petrol,pune,hatchback,manual,volkswagen,polo,1,great,False,316899
2012,105917,diesel,pune,sedan,manual,skoda,rapid,2,great,False,330599
2012,94879,petrol,pune,hatchback,manual,maruti,wagon r 1.0,1,great,False,266499
2009,123493,diesel,pune,hatchback,manual,maruti,swift,2,great,False,208299
2009,131364,petrol,pune,hatchback,manual,hyundai,i10,1,great,False,181199
2013,80576,diesel,pune,suv,manual,toyota,innova,2,great,False,823999
2011,117927,petrol,pune,hatchback,manual,maruti,wagon r 1.0,1,great,False,225499
2015,93971,petrol,pune,sedan,manual,maruti,swift dzire,2,great,False,459799
2017,75242,diesel,pune,sedan,,hyundai,verna,1,great,False,962999
2014,94847,petrol,pune,hatchback,manual,hyundai,i20,2,great,False,376499
2014,87051,petrol,pune,hatchback,manual,hyundai,eon,2,great,False,236999
2011,125071,petrol,pune,sedan,manual,maruti,swift dzire,1,great,False,308699
2016,110584,petrol & cng,pune,hatchback,manual,maruti,alto 800,1,great,False,278799
2019,59858,diesel,pune,suv,manual,maruti,ertiga,1,great,False,1066053
2018,52987,diesel,pune,suv,,hyundai,creta,1,good,False,1030602
2019,39718,petrol & cng,pune,,,maruti,new  wagon-r,1,great,False,563699
2014,96603,petrol & cng,pune,hatchback,manual,maruti,wagon r 1.0,1,great,False,361999
2015,102809,petrol,pune,hatchback,manual,maruti,wagon r 1.0,1,great,False,323099
2012,123831,diesel,pune,sedan,manual,skoda,rapid,1,great,False,349699
2018,79530,diesel,pune,suv,manual,honda,wr-v,1,great,False,816499
2018,77157,diesel,pune,suv,manual,honda,wr-v,1,great,False,839299
2010,105844,petrol,pune,hatchback,manual,hyundai,i10,2,great,False,227099
2010,95984,petrol,pune,hatchback,manual,maruti,ritz,3,great,False,208299
2014,106190,diesel,pune,sedan,manual,maruti,swift dzire,1,great,False,519999
2015,99645,diesel,pune,suv,,hyundai,creta,1,great,False,814999
2016,92601,diesel,pune,hatchback,manual,maruti,baleno,1,great,False,608099
2012,123383,diesel,pune,sedan,automatic,volkswagen,jetta,2,great,False,473799
2015,99046,diesel,pune,suv,manual,maruti,ertiga,1,great,False,617999
2014,151201,diesel,pune,sedan,manual,volkswagen,vento,1,great,False,393999
2013,162143,diesel,pune,hatchback,manual,maruti,swift,2,great,False,433399
2015,109167,diesel,pune,sedan,manual,skoda,rapid,2,great,False,484999
2016,111419,petrol,pune,suv,automatic,hyundai,creta,1,great,False,1000299
2014,120062,diesel,pune,hatchback,manual,maruti,swift,1,great,False,492999
2014,102760,petrol & cng,pune,hatchback,manual,maruti,wagon r 1.0,1,great,False,321499
2013,115720,petrol & cng,pune,hatchback,manual,maruti,alto 800,2,great,False,221199
2015,160968,petrol & cng,pune,hatchback,manual,maruti,celerio,1,great,False,320699
2013,107995,diesel,pune,suv,manual,toyota,innova,2,great,False,772599
2014,133435,diesel,pune,hatchback,manual,maruti,swift,3,great,False,509599
2013,146692,diesel,pune,sedan,manual,volkswagen,vento,1,great,False,391399
2012,125767,diesel,pune,suv,manual,renault,duster,2,great,False,540299
2016,130191,diesel,pune,suv,manual,maruti,ertiga,1,great,False,734499
2013,93457,diesel,pune,luxury sedan,automatic,bmw,5 series,2,great,False,1469346
2011,170425,petrol,pune,sedan,manual,toyota,etios,1,great,False,237499
2015,109092,diesel,pune,luxury sedan,manual,mercedes benz,cla class,2,great,False,1784163
2014,158960,petrol,pune,luxury sedan,automatic,skoda,octavia,1,great,False,807399
2011,163480,diesel,pune,hatchback,manual,ford,figo,2,great,False,249599
2014,169488,diesel,pune,hatchback,manual,hyundai,elite i20,1,great,False,495199
2017,128128,diesel,pune,hatchback,manual,hyundai,elite i20,1,great,False,644199
2011,206243,diesel,pune,suv,manual,mahindra,xylo,2,great,False,306699
2013,120100,diesel,pune,sedan,manual,volkswagen,vento,1,great,False,451599
2012,143850,diesel,pune,sedan,manual,maruti,swift dzire,1,great,False,465699
2015,276496,diesel,pune,luxury suv,manual,toyota,fortuner,1,great,False,1402080
2013,122242,petrol,pune,luxury sedan,manual,mercedes benz,e class,1,great,False,1414200
2014,141973,petrol,pune,hatchback,manual,honda,brio,1,great,False,330499
2012,128749,diesel,pune,luxury suv,manual,toyota,fortuner,1,great,False,995799
2014,312882,diesel,pune,suv,manual,toyota,innova,1,great,False,792899
2017,18451,petrol,pune,hatchback,manual,datsun,redi go,1,great,True,221199
2017,3476,petrol,pune,hatchback,automatic,tata,nano,2,great,False,183299
2014,10937,petrol,pune,hatchback,manual,maruti,wagon r 1.0,1,great,False,340199
2018,11972,petrol,pune,hatchback,manual,maruti,ignis,1,great,False,460899
2014,31054,petrol,pune,sedan,manual,hyundai,xcent,1,great,False,422699
2014,38458,petrol,pune,hatchback,manual,maruti,wagon r 1.0,1,great,False,351499
2013,25478,petrol,pune,hatchback,manual,maruti,alto 800,1,great,False,203399
2016,33475,petrol,pune,hatchback,manual,hyundai,grand i10,2,great,False,448599
2015,17927,diesel,pune,sedan,manual,maruti,ciaz,1,great,False,629999
2015,23591,petrol,pune,sedan,,volkswagen,vento,1,great,False,540399
2019,3139,petrol,pune,hatchback,manual,maruti,baleno,1,great,False,695499
2014,38846,diesel,pune,hatchback,manual,maruti,swift,1,great,False,490699
2014,17987,petrol,pune,hatchback,manual,hyundai,grand i10,1,great,False,406299
2016,4749,petrol,pune,hatchback,,renault,kwid,1,great,False,331699
2013,33351,petrol,pune,hatchback,manual,maruti,alto k10,1,great,False,220999
2013,26382,petrol,pune,luxury sedan,manual,hyundai,new elantra,2,great,False,507199
2019,19684,petrol,pune,,,maruti,omni e,1,great,False,296699
2013,25889,petrol,pune,hatchback,manual,hyundai,grand i10,2,great,False,339599
2011,48598,petrol,pune,sedan,manual,hyundai,verna,2,great,False,347899
2010,48342,petrol,pune,hatchback,manual,hyundai,i20,1,great,False,278899
2011,48541,petrol,pune,hatchback,manual,chevrolet,spark,2,great,False,143299
2014,20656,petrol,pune,hatchback,manual,maruti,alto 800,1,great,False,252699
2014,44511,petrol,pune,hatchback,manual,maruti,wagon r 1.0,2,great,False,343199
2015,38314,petrol,pune,hatchback,manual,maruti,alto k10,2,great,False,311299
2014,19510,petrol,pune,hatchback,automatic,maruti,celerio,2,great,False,371399
2011,46733,petrol & cng,pune,sedan,manual,toyota,etios,2,great,False,238299
2013,31238,petrol,pune,hatchback,manual,hyundai,grand i10,2,great,False,342899
2014,55308,diesel,pune,sedan,manual,honda,city,2,great,False,585799
2012,37709,petrol,pune,hatchback,manual,hyundai,i20,2,great,False,344599
2017,20176,petrol,pune,hatchback,automatic,maruti,celerio,1,great,False,451399
2010,49533,petrol,pune,hatchback,manual,hyundai,santro xing,2,good,False,194799
2015,35067,petrol,pune,hatchback,manual,honda,brio,1,great,False,368899
2011,21572,petrol,pune,hatchback,manual,maruti,zen estilo,1,great,False,235399
2011,48478,petrol,pune,sedan,manual,hyundai,verna,1,great,False,371999
2013,26955,petrol,pune,hatchback,manual,maruti,alto 800,1,great,False,223599
2017,32862,petrol,pune,hatchback,manual,maruti,alto 800,1,great,False,301999
2011,38579,petrol,pune,hatchback,manual,volkswagen,polo,1,great,False,307999
2011,55472,petrol,pune,hatchback,manual,maruti,wagon r 1.0,2,great,False,259299
2010,49362,petrol,pune,suv,manual,maruti,eeco,1,good,False,222399
2011,9742,petrol,pune,hatchback,manual,maruti,alto,1,great,False,213099
2011,39489,petrol,pune,sedan,manual,volkswagen,vento,3,great,False,274199
2020,2765,diesel,pune,,,kia,seltos,1,great,False,1567518
2015,51776,petrol,pune,hatchback,,maruti,alto k10,1,great,False,311999
2014,41479,petrol,pune,hatchback,manual,maruti,wagon r 1.0,1,great,False,359399
2010,31645,petrol,pune,sedan,manual,maruti,sx4,2,great,False,259399
2014,24140,petrol & cng,pune,hatchback,manual,maruti,alto 800,1,great,False,289199
2015,43575,petrol,pune,sedan,manual,honda,amaze,1,great,False,442299
2012,57281,diesel,pune,hatchback,manual,hyundai,i20,2,great,False,357499
2014,44857,petrol,pune,hatchback,manual,hyundai,i10,1,great,False,293799
2012,57585,petrol,pune,hatchback,manual,hyundai,i10,1,great,False,268399
2018,1634,petrol,pune,hatchback,manual,maruti,alto 800,1,great,False,363699
2012,60849,petrol,pune,hatchback,manual,honda,brio,3,great,False,231899
2012,50611,petrol,pune,hatchback,manual,maruti,alto k10,1,great,False,220299
2019,17417,petrol & cng,pune,suv,manual,maruti,eeco,1,great,False,456599
2016,19162,petrol,pune,sedan,,volkswagen,vento,1,great,False,692999
2013,54558,petrol,pune,hatchback,manual,hyundai,eon,1,great,False,235099
2014,54813,petrol,pune,hatchback,manual,volkswagen,polo,1,great,False,453399
2017,30884,petrol,pune,hatchback,manual,hyundai,elite i20,1,great,False,581699
2011,49856,petrol,pune,hatchback,manual,ford,figo,1,great,False,230299
2014,43134,petrol,pune,hatchback,manual,hyundai,eon,1,great,False,282499
2010,51491,petrol,pune,hatchback,manual,maruti,wagon r,1,great,False,204099
2013,52024,petrol,pune,hatchback,manual,honda,brio,2,great,False,312799
2010,74680,petrol,pune,hatchback,manual,maruti,alto k10,1,great,False,174899
2013,55524,petrol,pune,hatchback,manual,honda,brio,1,great,False,320099
2015,48850,petrol,pune,hatchback,automatic,volkswagen,polo,1,great,False,565299
2019,10564,petrol,pune,,,maruti,new  wagon-r,1,great,False,543399
2014,67087,petrol,pune,hatchback,manual,volkswagen,polo,1,great,False,468899
2015,44065,petrol,pune,sedan,manual,honda,city,1,great,False,676099
2020,15527,petrol,pune,hatchback,manual,maruti,swift,1,great,False,664599
2012,46331,diesel,pune,suv,manual,maruti,ertiga,2,great,False,593299
2013,73887,diesel,pune,luxury suv,manual,mahindra,xuv500,1,great,False,557499
2010,51993,petrol,pune,hatchback,manual,hyundai,i10,2,great,False,254699
2015,62124,petrol,pune,hatchback,automatic,volkswagen,polo,1,great,False,556999
2007,75395,petrol,pune,hatchback,manual,maruti,zen estilo,3,good,False,122099
2010,41175,petrol,pune,hatchback,manual,hyundai,i10,1,great,False,264799
2010,62724,petrol,pune,hatchback,manual,volkswagen,polo,1,great,False,272199
2017,33346,petrol,pune,hatchback,automatic,honda,jazz,1,great,False,662899
2011,68190,petrol,pune,hatchback,manual,ford,figo,3,great,False,199399
2011,69474,petrol,pune,sedan,manual,toyota,etios,1,good,False,306599
2018,34875,petrol & cng,pune,hatchback,manual,maruti,celerio,1,great,False,506299
2011,38670,petrol,pune,hatchback,manual,ford,figo,1,great,False,213599
2014,64670,petrol & cng,pune,hatchback,manual,hyundai,i10,1,great,False,302299
2013,54675,diesel,pune,suv,manual,maruti,ertiga,1,great,False,576699
2014,8083,petrol,pune,hatchback,manual,hyundai,eon,1,great,False,267599
2013,44200,petrol,pune,hatchback,manual,hyundai,eon,1,good,False,207599
2010,31320,petrol,pune,hatchback,manual,ford,figo,2,good,False,209299
2008,83232,petrol,pune,hatchback,manual,maruti,swift,2,great,False,214899
2010,65271,diesel,pune,hatchback,manual,volkswagen,polo,1,great,False,271399
2019,6388,petrol,pune,hatchback,,hyundai,elite i20,1,great,False,961799
2015,79846,petrol,pune,suv,manual,maruti,ertiga,1,great,False,529399
2012,152460,diesel,pune,sedan,manual,hyundai,verna,1,great,False,399899
2015,46166,petrol,pune,suv,manual,hyundai,creta,1,great,False,831699
2012,70555,petrol,pune,hatchback,manual,maruti,alto,1,great,False,189199
2017,29397,petrol,pune,suv,manual,maruti,ertiga,1,great,False,726599
2015,44708,petrol,pune,hatchback,manual,volkswagen,polo,1,great,False,525399
2010,65510,petrol,pune,hatchback,manual,maruti,alto k10,2,good,False,178099
2010,51583,petrol,pune,hatchback,manual,maruti,a star,2,good,False,248299
2019,10357,petrol,pune,suv,,hyundai,creta,1,great,False,1314109
2016,61456,petrol,pune,hatchback,manual,maruti,baleno,1,great,False,506099
2013,76864,petrol,pune,hatchback,manual,maruti,alto k10,1,great,False,215199
2010,88576,petrol,pune,sedan,manual,honda,city,2,great,False,352199
2018,34924,petrol,pune,luxury sedan,automatic,toyota,corolla altis,1,great,False,1391980
2010,63541,petrol,pune,hatchback,manual,chevrolet,spark,2,good,False,138099
2012,72148,petrol,pune,hatchback,manual,maruti,alto k10,2,great,False,196999
2009,71582,petrol,pune,hatchback,manual,maruti,zen estilo,1,good,False,170499
2015,98926,diesel,pune,hatchback,manual,maruti,swift,1,great,False,500499
2011,105448,diesel,pune,hatchback,manual,ford,figo,1,great,False,221599
2010,82156,petrol & cng,pune,hatchback,manual,hyundai,i20,3,good,False,251799
2012,84777,diesel,pune,sedan,manual,hyundai,verna,1,great,False,440299
2017,22399,diesel,pune,suv,automatic,tata,hexa,1,great,False,1348247
2015,52094,diesel,pune,luxury suv,manual,mahindra,xuv500,1,great,False,732299
2017,13630,diesel,pune,suv,manual,maruti,s cross,1,great,False,926299
2019,9675,petrol,pune,suv,,ford,ecosport,1,great,False,1040803
2018,47926,petrol,pune,hatchback,manual,maruti,baleno,1,great,False,580699
2015,110046,diesel,pune,hatchback,manual,honda,jazz,1,great,False,462399
2017,29059,diesel,pune,suv,automatic,tata,hexa,1,great,False,1167760
2010,94279,petrol & lpg,pune,sedan,manual,honda,civic,4,great,False,284599
2009,119014,petrol,pune,hatchback,manual,hyundai,i10,3,great,False,175499
2019,23371,diesel,pune,suv,manual,maruti,ertiga,1,great,False,1088576
2012,104517,diesel,pune,hatchback,manual,maruti,ritz,1,great,False,316399
2014,69438,petrol,pune,hatchback,manual,maruti,wagon r 1.0,1,great,False,330399
2011,98999,petrol,pune,hatchback,manual,volkswagen,polo,1,great,False,230299
2008,64065,diesel,pune,suv,manual,toyota,innova,1,great,False,458199
2012,95783,petrol,pune,hatchback,manual,maruti,swift,1,great,False,385899
2013,98773,petrol,pune,luxury suv,automatic,honda,crv,1,great,False,774299
2012,67024,petrol & lpg,pune,hatchback,manual,hyundai,i10,1,good,False,241799
2009,63388,petrol,pune,hatchback,manual,maruti,wagon r,1,fair,False,182299
2018,12039,diesel,pune,suv,automatic,maruti,vitara brezza,1,great,False,993099
2013,87548,petrol,pune,hatchback,manual,hyundai,i20,3,great,False,365999
2015,58112,diesel,pune,luxury suv,manual,mahindra,xuv500,1,great,False,1003099
2019,48560,petrol,pune,sedan,automatic,maruti,dzire,1,great,False,718299
2016,73264,diesel,pune,suv,manual,maruti,ertiga,1,great,False,750999
2016,77241,diesel,pune,suv,manual,mahindra,scorpio,1,great,False,792699
2016,107578,petrol,pune,hatchback,manual,renault,kwid,1,great,False,254699
2014,87427,petrol & cng,pune,hatchback,manual,maruti,wagon r 1.0,1,great,False,338699
2016,47802,diesel,pune,suv,automatic,toyota,innova crysta,1,great,False,1657206
2016,94775,diesel,pune,suv,manual,hyundai,creta,1,great,False,933299
2013,158768,diesel,pune,suv,manual,renault,duster,1,great,False,401099
2012,109285,diesel,pune,hatchback,manual,maruti,ritz,1,great,False,336299
2015,88100,diesel,pune,sedan,automatic,volkswagen,vento,2,great,False,569399
2016,96122,diesel,pune,sedan,manual,volkswagen,ameo,1,great,False,523999
2013,160035,diesel,pune,hatchback,manual,volkswagen,polo,2,great,False,292299
2010,74430,petrol,pune,hatchback,manual,ford,figo,2,fair,False,182699
2014,112959,diesel,pune,sedan,manual,tata,zest,1,great,False,368599
2012,140417,petrol,pune,hatchback,manual,volkswagen,polo,1,great,False,331299
2011,112688,diesel,pune,luxury suv,automatic,bmw,x1,3,great,False,687499
2012,118882,petrol & lpg,pune,hatchback,manual,hyundai,santro xing,3,great,False,217399
2012,99034,diesel,pune,luxury sedan,automatic,bmw,5 series,2,great,False,1177557
2015,122289,petrol & cng,pune,hatchback,manual,maruti,celerio,2,great,False,367299
2014,113188,diesel,pune,sedan,manual,honda,amaze,1,great,False,342199
2013,178253,diesel,pune,suv,manual,toyota,innova,2,great,False,782199
2014,117430,diesel,pune,sedan,manual,honda,city,2,great,False,551399
2014,117914,petrol,pune,hatchback,manual,maruti,swift,1,great,False,404499
2015,89468,petrol & cng,pune,sedan,,hyundai,xcent,1,great,False,384899
2018,94045,diesel,pune,suv,manual,maruti,vitara brezza,1,great,False,825499
2013,125780,diesel,pune,luxury suv,manual,mahindra,xuv500,1,great,False,657499
2011,166437,diesel,pune,luxury suv,automatic,bmw,x1,1,great,False,759599
2014,101489,diesel,pune,suv,manual,toyota,innova,2,great,False,914499
2015,183798,diesel,pune,hatchback,manual,ford,figo,1,great,False,247799
2013,214799,diesel,pune,hatchback,manual,hyundai,i20,1,great,False,358999
2015,122135,petrol,pune,sedan,manual,honda,city,1,great,False,540699
2018,119308,diesel,pune,suv,manual,maruti,ertiga,1,great,False,851799
2012,148836,diesel,pune,luxury sedan,automatic,bmw,5 series,1,great,False,1145742
2016,150831,diesel,pune,suv,manual,tata,safari storme,1,great,False,706499
2015,8143,petrol,pune,hatchback,automatic,tata,nano,1,great,False,210699
2011,38373,petrol,pune,hatchback,manual,ford,figo,2,great,False,189699
2015,28497,petrol,pune,hatchback,,maruti,alto k10,1,great,False,332899
2014,22409,petrol,pune,hatchback,manual,maruti,wagon r stingray,1,great,False,359899
2011,46292,petrol,pune,hatchback,manual,ford,figo,2,great,False,179199
2012,41385,petrol,pune,sedan,manual,maruti,swift dzire,2,great,False,361699
2017,17245,petrol,pune,hatchback,,renault,kwid,1,great,False,320699
2015,31433,petrol,pune,hatchback,automatic,volkswagen,polo,1,great,False,556299
2014,43814,petrol,pune,hatchback,manual,hyundai,i10,1,great,False,296699
2008,19373,petrol,pune,hatchback,manual,maruti,zen estilo,1,great,False,158499
2012,17736,petrol,pune,hatchback,manual,maruti,alto 800,1,great,False,203499
2012,41017,petrol,pune,hatchback,automatic,hyundai,i10,1,great,False,271299
2016,18946,petrol,pune,hatchback,manual,maruti,alto k10,1,great,False,251899
2013,53085,petrol,pune,hatchback,manual,hyundai,eon,2,great,False,194399
2016,9984,petrol,pune,sedan,manual,maruti,swift dzire,1,great,False,546899
2011,36258,petrol,pune,hatchback,manual,chevrolet,spark,1,good,False,156299
2014,21690,petrol,pune,hatchback,manual,volkswagen,polo,1,great,False,477199
2014,33942,petrol,pune,sedan,manual,honda,amaze,1,great,False,427599
2015,46687,petrol,pune,hatchback,manual,hyundai,i20 active,1,great,False,461199
2010,56737,petrol,pune,hatchback,manual,hyundai,i10,2,great,False,225699
2007,14769,petrol,pune,hatchback,manual,maruti,wagon r,1,great,False,167499
2011,44899,petrol,pune,hatchback,manual,maruti,wagon r 1.0,1,great,False,268799
2017,27809,petrol,pune,hatchback,manual,maruti,swift,1,great,True,501199
2012,32808,petrol,pune,hatchback,manual,maruti,wagon r 1.0,1,great,False,260399
2016,28106,petrol,pune,hatchback,manual,renault,kwid,1,great,False,301099
2015,23648,petrol,pune,hatchback,automatic,maruti,celerio,1,great,False,393999
2018,32623,petrol & cng,pune,suv,manual,maruti,eeco,1,great,False,415599
2015,25655,petrol,pune,hatchback,manual,hyundai,grand i10,1,great,False,396999
2014,42559,petrol,pune,hatchback,automatic,honda,brio,1,great,False,382399
2014,30771,petrol,pune,hatchback,manual,maruti,swift,1,great,False,440499
2015,18279,petrol,pune,hatchback,manual,hyundai,eon,1,great,False,281499
2013,40795,petrol,pune,sedan,manual,honda,amaze,1,great,False,384899
2013,16906,petrol,pune,hatchback,manual,maruti,swift,1,great,False,435199
2013,35428,petrol,pune,hatchback,manual,toyota,etios liva,1,great,False,327099
2020,4454,petrol,pune,,,mg,hector,1,great,False,1714199
2019,2082,petrol,pune,hatchback,,renault,kwid,1,great,False,409099
2017,17868,petrol,pune,sedan,automatic,maruti,dzire,1,great,False,623199
2010,29196,petrol,pune,hatchback,manual,hyundai,i10,1,great,False,237399
2018,12433,petrol,pune,hatchback,manual,hyundai,grand i10,1,great,False,491099
2015,10945,petrol,pune,hatchback,manual,hyundai,grand i10,1,great,False,426999
2017,30191,petrol,pune,hatchback,manual,renault,kwid,1,great,False,290799
2015,46917,petrol,pune,hatchback,manual,hyundai,grand i10,1,great,False,406099
2012,66511,petrol,pune,sedan,manual,honda,city,1,great,False,408099
2019,17397,petrol & cng,pune,suv,manual,maruti,eeco,1,great,False,459599
2012,55072,petrol,pune,hatchback,manual,maruti,alto k10,3,great,False,185399
2015,37423,diesel,pune,hatchback,manual,hyundai,elite i20,1,great,False,592799
2010,50769,petrol,pune,hatchback,manual,maruti,ritz,1,great,False,236199
2016,38170,petrol,pune,hatchback,manual,hyundai,elite i20,1,great,False,591299
2012,61365,diesel,pune,hatchback,manual,maruti,swift,2,great,False,333899
2010,61317,petrol,pune,sedan,automatic,maruti,sx4,1,great,False,253499
2014,48809,petrol,pune,hatchback,manual,volkswagen,polo,1,great,False,469499
2014,40273,petrol,pune,luxury sedan,automatic,hyundai,new elantra,1,great,False,643199
2010,43167,petrol,pune,hatchback,manual,hyundai,i20,2,great,False,281899
2017,36324,petrol,pune,hatchback,manual,hyundai,elite i20,1,great,False,577399
2011,63042,petrol,pune,hatchback,manual,ford,figo,1,great,False,224299
2015,50258,petrol,pune,sedan,automatic,volkswagen,vento,1,great,False,498799
2014,61591,petrol & cng,pune,hatchback,manual,maruti,celerio,1,great,False,332499
2008,36244,petrol,pune,sedan,manual,maruti,swift dzire,1,great,False,236899
2010,33011,petrol,pune,hatchback,manual,maruti,zen estilo,1,great,False,169099
2012,52892,petrol,pune,luxury sedan,automatic,skoda,superb,1,great,False,464799
2019,8333,petrol,pune,hatchback,automatic,maruti,swift,1,great,False,644899
2014,68235,diesel,pune,suv,manual,renault,duster,1,great,False,504899
2010,62075,petrol,pune,hatchback,manual,maruti,ritz,2,great,False,244499
2010,74934,petrol,pune,hatchback,manual,hyundai,i20,1,great,False,232799
2015,58082,petrol,pune,suv,manual,renault,duster,2,great,False,393299
2012,58547,petrol,pune,suv,manual,maruti,ertiga,1,great,False,515899
2019,24435,diesel,pune,suv,manual,maruti,vitara brezza,1,great,False,836099
2012,73750,petrol,pune,hatchback,manual,maruti,wagon r 1.0,1,great,False,268699
2012,74247,petrol,pune,sedan,,honda,city,1,great,False,365199
2008,55766,petrol,pune,hatchback,manual,hyundai,santro xing,3,great,False,136699
2014,68868,petrol,pune,hatchback,manual,hyundai,grand i10,1,great,False,377899
2018,7349,petrol,pune,sedan,manual,honda,city,1,great,False,860199
2007,94357,petrol,pune,hatchback,manual,maruti,wagon r,1,great,False,157699
2010,84008,diesel,pune,sedan,manual,maruti,swift dzire,2,great,False,283699
2010,83421,petrol,pune,hatchback,manual,maruti,alto k10,2,great,False,117399
2010,98169,petrol,pune,hatchback,manual,hyundai,santro xing,1,great,False,144399
2012,71493,petrol,pune,hatchback,manual,honda,brio,1,great,False,259899
2013,74078,diesel,pune,sedan,manual,volkswagen,vento,1,great,False,332299
2011,76746,petrol,pune,hatchback,manual,hyundai,i10,1,great,False,209399
2015,79847,petrol & cng,pune,hatchback,manual,maruti,wagon r 1.0,1,great,False,364699
2019,5861,diesel,pune,suv,manual,maruti,s cross,1,great,False,1023431
2015,61564,diesel,pune,sedan,automatic,volkswagen,vento,2,great,False,450699
2015,58242,diesel,pune,suv,manual,mahindra,scorpio,1,great,False,830399
2018,36360,petrol,pune,sedan,,volkswagen,ameo,1,great,False,501499
2013,68815,diesel,pune,hatchback,manual,maruti,swift,1,great,False,396299
2013,68315,petrol & cng,pune,hatchback,manual,maruti,wagon r 1.0,2,great,False,307999
2016,56769,petrol,pune,hatchback,manual,volkswagen,polo,2,great,False,481899
2011,89227,petrol,pune,sedan,manual,honda,city,2,great,False,295299
2015,78700,diesel,pune,sedan,automatic,volkswagen,vento,1,great,False,543699
2018,23718,diesel,pune,sedan,,hyundai,verna,2,great,False,944099
2010,105813,petrol,pune,sedan,manual,honda,accord,1,great,False,374699
2019,21245,petrol,pune,hatchback,automatic,maruti,swift,1,great,False,695699
2012,73055,petrol,pune,hatchback,manual,ford,figo,1,good,False,195899
2013,68804,petrol,pune,hatchback,manual,maruti,wagon r 1.0,1,great,False,272399
2008,121046,petrol,pune,hatchback,manual,hyundai,i10,1,great,False,159499
2008,80322,petrol & lpg,pune,hatchback,manual,maruti,wagon r duo,1,good,False,168799
2015,99222,diesel,pune,hatchback,manual,maruti,swift,2,great,False,480599
2010,97436,diesel,pune,sedan,manual,maruti,swift dzire,1,great,False,265099
2019,16641,diesel,pune,sedan,automatic,volkswagen,ameo,1,good,False,818599
2014,93843,petrol & cng,pune,hatchback,manual,maruti,wagon r 1.0,1,great,False,337199
2017,64712,diesel,pune,suv,manual,toyota,innova crysta,2,great,False,1349661
2018,42958,petrol & cng,pune,suv,manual,maruti,eeco,3,great,False,369299
2019,23448,petrol,pune,suv,,maruti,xl6,1,great,False,926999
2012,98558,diesel,pune,hatchback,manual,maruti,swift,1,great,False,414199
2010,120208,petrol,pune,sedan,manual,maruti,sx4,1,good,False,237199
2016,80638,diesel,pune,sedan,automatic,skoda,rapid,1,great,False,619499
2011,121729,diesel,pune,hatchback,manual,ford,figo,1,great,False,262999
2013,133774,petrol & cng,pune,hatchback,manual,maruti,alto 800,1,great,False,231699
2016,93031,diesel,pune,sedan,manual,honda,city,1,great,False,660999
2013,98976,petrol & cng,pune,hatchback,manual,maruti,alto 800,1,great,False,206399
2013,96735,petrol,pune,hatchback,manual,maruti,wagon r 1.0,2,great,False,225399
2012,136965,diesel,pune,hatchback,manual,maruti,swift,1,great,False,325199
2014,94937,petrol & cng,pune,hatchback,manual,maruti,wagon r 1.0,3,great,False,239999
2010,116872,petrol,pune,hatchback,manual,maruti,swift,2,great,False,274899
2011,112947,petrol & cng,pune,hatchback,manual,ford,figo,1,good,False,185599
2014,106640,diesel,pune,hatchback,manual,volkswagen,polo,1,great,False,408899
2012,104456,petrol,pune,suv,manual,maruti,ertiga,2,great,False,474599
2012,118302,diesel,pune,sedan,manual,maruti,swift dzire,1,great,False,383899
2009,106257,petrol,pune,hatchback,manual,hyundai,i20,1,good,False,230399
2017,98968,diesel,pune,suv,automatic,toyota,innova crysta,1,great,False,1527320
2015,112267,diesel,pune,sedan,manual,maruti,swift dzire,1,great,False,531799
2012,127255,petrol & cng,pune,hatchback,manual,hyundai,i10,1,great,False,300999
2010,79649,diesel,pune,suv,manual,toyota,innova,1,good,False,576699
2015,131237,petrol & cng,pune,suv,manual,maruti,eeco,1,great,False,305399
2010,203118,petrol & cng,pune,sedan,manual,honda,city,1,great,False,262399
2015,142015,petrol,pune,sedan,manual,maruti,ciaz,1,great,False,493099
2014,125340,diesel,pune,suv,manual,ford,ecosport,2,great,False,511299
2013,121461,petrol & cng,pune,hatchback,manual,maruti,wagon r 1.0,1,great,False,278399
2010,225134,diesel,pune,suv,manual,toyota,innova,2,great,False,467399
2016,111428,diesel,pune,hatchback,,toyota,etios liva,1,great,False,461399
2010,147362,diesel,pune,hatchback,manual,maruti,swift,3,great,False,290699
2016,141825,diesel,pune,suv,manual,mahindra,kuv100,1,great,False,349599
2015,246938,diesel,pune,luxury suv,manual,toyota,fortuner,2,great,False,1358699
2017,73309,petrol,pune,luxury suv,automatic,jeep,compass,1,great,False,1135945
2015,98975,diesel,pune,sedan,automatic,volkswagen,jetta,1,great,False,853999
2019,14448,petrol,pune,luxury sedan,automatic,toyota,corolla altis,1,good,True,1817000
2011,18090,petrol,pune,sedan,manual,volkswagen,vento,1,great,False,319299
2015,13193,petrol,pune,hatchback,automatic,tata,nano,1,great,False,214099
2016,12486,petrol,pune,hatchback,automatic,tata,nano,2,great,False,214499
2011,23524,petrol,pune,hatchback,manual,volkswagen,polo,1,great,False,264899
2017,10769,petrol,pune,hatchback,automatic,maruti,celerio,1,great,False,461799
2014,23661,petrol,pune,hatchback,manual,hyundai,elite i20,1,great,False,507699
2014,27388,diesel,pune,hatchback,manual,maruti,swift,1,great,False,539899
2012,66741,petrol,pune,hatchback,manual,chevrolet,spark,2,good,False,136299
2012,40174,diesel,pune,sedan,manual,hyundai,verna,1,great,False,420199
2011,19762,petrol,pune,sedan,manual,volkswagen,vento,1,great,False,290499
2010,35736,petrol & cng,pune,hatchback,manual,maruti,ritz,3,good,False,227599
2018,61814,petrol & cng,pune,,,maruti,omni e,1,great,False,264699
2018,4927,petrol,pune,hatchback,automatic,renault,kwid,2,great,False,354899
2014,3447,petrol,pune,hatchback,manual,maruti,alto 800,1,great,False,262399
2012,49052,petrol,pune,hatchback,manual,chevrolet,beat,1,good,False,171699
2016,39297,petrol,pune,hatchback,manual,tata,tiago,1,great,False,349699
2013,25341,petrol,pune,hatchback,manual,hyundai,i20,1,great,False,358199
2017,22195,petrol,pune,hatchback,manual,datsun,go plus,1,great,False,349699
2010,38490,petrol,pune,hatchback,manual,maruti,ritz,1,great,False,207199
2015,25274,petrol,pune,sedan,manual,hyundai,verna,1,great,False,541899
2017,24830,petrol,pune,hatchback,manual,tata,tiago,1,great,False,387799
2014,26644,petrol,pune,hatchback,manual,hyundai,eon,3,great,False,202499
2016,37308,petrol,pune,suv,manual,mahindra,kuv100,1,great,False,318899
2013,50116,petrol,pune,hatchback,manual,ford,figo,1,great,False,259699
2018,21940,petrol & cng,pune,hatchback,manual,maruti,wagon r 1.0,1,great,False,435699
2017,21284,petrol & cng,pune,sedan,manual,tata,tigor,1,great,False,501099
2016,35646,petrol,pune,hatchback,manual,maruti,wagon r 1.0,1,great,False,358999
2010,35867,petrol,pune,sedan,manual,maruti,sx4,1,good,False,258399
2016,37910,petrol,pune,suv,manual,nissan,terrano,2,great,False,449499
2010,41363,petrol,pune,hatchback,manual,volkswagen,polo,2,great,False,231499
2012,58032,petrol,pune,sedan,automatic,hyundai,verna,2,great,False,366199
2018,30965,petrol & cng,pune,suv,manual,maruti,eeco,1,great,False,445499
2016,32972,petrol,pune,sedan,manual,honda,city,1,great,False,674199
2014,54154,petrol,pune,hatchback,manual,volkswagen,polo,1,great,False,459199
2014,51787,diesel,pune,sedan,manual,maruti,ciaz,1,great,False,574899
2011,60972,petrol,pune,hatchback,manual,maruti,alto k10,1,great,False,200999
2018,10712,diesel,pune,sedan,manual,ford,figo aspire,1,great,False,610299
2017,22564,petrol,pune,hatchback,manual,hyundai,elite i20,1,great,False,656099
2017,19240,petrol,pune,suv,manual,ford,ecosport,1,great,False,730399
2013,57244,diesel,pune,suv,manual,renault,duster,1,great,False,482799
2018,27390,petrol & cng,pune,suv,manual,maruti,eeco,1,great,False,429599
2009,13431,petrol & cng,pune,hatchback,manual,maruti,alto,2,good,False,152199
2011,60559,petrol,pune,sedan,manual,hyundai,verna,1,good,False,353699
2011,72199,diesel,pune,sedan,manual,volkswagen,vento,1,great,False,312599
2014,63950,petrol,pune,sedan,manual,hyundai,xcent,1,great,False,399599
2013,52867,petrol,pune,hatchback,manual,hyundai,eon,1,good,False,211399
2019,14800,diesel,pune,hatchback,manual,maruti,swift,1,great,False,711099
2018,13448,diesel,pune,luxury suv,,mahindra,xuv500,1,great,False,1209799
2011,71303,petrol,pune,sedan,manual,hyundai,verna,3,good,False,276899
2011,64228,petrol,pune,hatchback,manual,volkswagen,polo,1,good,False,345499
2016,65566,petrol,pune,sedan,manual,honda,city,1,great,False,671699
2011,72110,petrol & cng,pune,hatchback,manual,chevrolet,spark,1,good,False,124199
2011,79899,petrol,pune,hatchback,manual,hyundai,i10,2,great,False,255399
2019,16449,diesel,pune,hatchback,manual,maruti,swift,1,great,False,726099
2010,56964,petrol,pune,hatchback,manual,chevrolet,beat,1,good,False,150499
2015,51812,petrol,pune,hatchback,manual,datsun,go plus,1,good,False,259599
2016,51764,diesel,pune,suv,manual,renault,duster,2,great,False,528499
2011,85190,petrol,pune,sedan,manual,volkswagen,vento,1,great,False,245699
2012,94474,diesel,pune,sedan,manual,volkswagen,vento,2,great,False,326599
2008,84807,petrol,pune,sedan,automatic,honda,civic,5,good,False,174999
2012,68574,petrol,pune,sedan,manual,hyundai,verna,1,good,False,394099
2014,85514,petrol,pune,sedan,automatic,honda,city,1,great,False,614999
2018,35902,diesel,pune,suv,manual,ford,ecosport,1,great,False,866899
2015,73412,diesel,pune,luxury sedan,manual,mercedes benz,cla class,2,great,False,1749999
2011,123354,diesel,pune,sedan,manual,maruti,swift dzire,1,great,False,311099
2015,68894,petrol,pune,hatchback,manual,renault,kwid,1,great,False,232499
2014,94590,diesel,pune,suv,manual,nissan,terrano,1,great,False,474899
2009,101849,diesel,pune,suv,manual,toyota,innova,1,great,False,571399
2015,101238,diesel,pune,hatchback,manual,hyundai,elite i20,1,great,False,536099
2011,129732,petrol,pune,sedan,automatic,honda,accord,1,great,False,411699
2015,115447,petrol & cng,pune,hatchback,manual,maruti,alto k10,1,good,False,264099
2014,66161,petrol,pune,sedan,,hyundai,verna,3,good,False,395199
2014,88309,diesel,pune,sedan,manual,honda,amaze,1,great,False,383599
2014,91736,diesel,pune,suv,manual,renault,duster,1,great,False,554099
2013,148048,petrol & cng,pune,suv,manual,maruti,eeco,2,great,False,249799
2011,94896,petrol & cng,pune,hatchback,manual,ford,figo,1,good,False,213499
2014,120733,diesel,pune,sedan,manual,volkswagen,jetta,1,great,False,492299
2014,154655,diesel,pune,hatchback,manual,hyundai,elite i20,1,great,False,438399
2015,158343,diesel,pune,sedan,manual,skoda,rapid,1,great,False,433499
2014,67622,diesel,pune,luxury suv,automatic,toyota,fortuner,2,great,False,1600000
2011,110000,petrol,pune,,,skoda,fabia,2,good,False,300000
2000,116945,petrol & cng,pune,hatchback,manual,maruti,alto,3,overpriced,False,37000
2010,106857,petrol,pune,hatchback,manual,maruti,ritz,1,overpriced,False,155000
2008,315886,diesel,pune,suv,manual,toyota,innova,1,great,False,325000
2016,10742,petrol,pune,hatchback,automatic,maruti,wagon r 1.0,1,good,False,379000
2005,411677,diesel,pune,suv,manual,toyota,innova,1,overpriced,False,374000
2016,31900,petrol,pune,sedan,manual,honda,city,1,good,False,819000
2014,30110,petrol,pune,sedan,manual,hyundai,xcent,2,good,False,360000
2007,72497,petrol,pune,sedan,manual,maruti,sx4,2,good,False,99000
2013,69600,petrol & cng,pune,hatchback,manual,maruti,wagon r 1.0,2,great,False,250000
2009,132358,diesel,pune,luxury sedan,manual,chevrolet,cruze,3,overpriced,False,331000
2013,74150,diesel,pune,hatchback,manual,hyundai,i20,1,great,False,400000
2003,76789,diesel,pune,suv,manual,tata,safari,2,overpriced,False,150000
2007,135310,diesel,pune,suv,manual,toyota,innova,2,overpriced,False,520000
2015,9879,petrol,pune,sedan,manual,hyundai,xcent,1,fair,True,550000
2014,112307,diesel,pune,sedan,manual,maruti,swift dzire,2,fair,False,400000
2007,157216,diesel,pune,luxury sedan,manual,mercedes benz,e class,2,fair,False,493000
2007,130126,petrol,pune,,,audi,a6,2,overpriced,False,800000
2013,91697,diesel,pune,sedan,manual,hyundai,verna,2,good,False,450000
2012,98314,petrol,pune,sedan,manual,honda,city,1,overpriced,False,400000
2014,101853,diesel,pune,hatchback,manual,hyundai,grand i10,3,fair,False,400000
2000,83603,petrol,pune,hatchback,manual,hyundai,santro,2,overpriced,False,34000
2005,96256,petrol,pune,sedan,manual,ford,ikon,3,overpriced,False,50000
2014,65166,petrol & cng,pune,hatchback,manual,maruti,wagon r 1.0,1,great,False,300000
2018,9810,petrol,pune,hatchback,automatic,maruti,ignis,1,great,False,600000
2015,98294,diesel,pune,sedan,manual,maruti,ciaz,2,great,False,720000
2011,51671,diesel,pune,suv,manual,mahindra,thar,1,great,False,425000
2010,34854,petrol,hyderabad,hatchback,manual,maruti,alto,1,great,False,182999
2013,39541,petrol,hyderabad,hatchback,manual,maruti,wagon r 1.0,2,great,True,328599
2015,34481,petrol,hyderabad,hatchback,manual,maruti,celerio,1,great,False,346899
2011,46592,petrol,hyderabad,hatchback,manual,maruti,swift,1,great,False,415899
2011,23837,petrol,hyderabad,hatchback,manual,maruti,alto,1,great,False,242099
2011,41925,petrol & lpg,hyderabad,hatchback,manual,hyundai,santro xing,1,great,False,269299
2014,40187,petrol,hyderabad,hatchback,manual,maruti,alto k10,2,great,False,281099
2017,19279,petrol,hyderabad,hatchback,manual,maruti,alto k10,1,great,False,362999
2016,20411,petrol,hyderabad,hatchback,manual,maruti,baleno,1,great,False,545599
2010,5383,petrol,hyderabad,hatchback,automatic,hyundai,i10,1,great,False,409299
2017,19944,petrol,hyderabad,hatchback,,renault,kwid,1,great,False,412499
2019,8294,petrol,hyderabad,suv,manual,maruti,eeco,1,great,False,414099
2012,38856,diesel,hyderabad,hatchback,manual,hyundai,i20,1,great,False,411499
2012,46828,petrol,hyderabad,hatchback,manual,maruti,wagon r 1.0,2,great,False,330899
2012,30692,petrol,hyderabad,hatchback,manual,hyundai,santro xing,1,great,False,291599
2019,8647,petrol,hyderabad,suv,manual,maruti,eeco,1,great,False,452899
2020,17082,petrol,hyderabad,suv,manual,maruti,eeco,1,great,False,417099
2014,35103,petrol,hyderabad,sedan,manual,maruti,swift dzire,1,great,False,498699
2013,55302,petrol,hyderabad,hatchback,manual,hyundai,i10,1,great,False,364999
2012,51853,petrol,hyderabad,hatchback,manual,hyundai,i20,1,great,False,396499
2012,56900,petrol,hyderabad,hatchback,manual,hyundai,i10,1,great,False,318099
2018,7885,petrol,hyderabad,hatchback,manual,maruti,alto 800,1,great,False,344199
2013,4264,petrol,hyderabad,hatchback,manual,maruti,alto 800,1,great,False,277499
2013,33274,petrol,hyderabad,hatchback,manual,maruti,alto k10,1,great,False,274499
2013,35377,petrol,hyderabad,hatchback,manual,hyundai,i10,1,great,False,383199
2018,16208,petrol,hyderabad,hatchback,manual,maruti,alto 800,1,great,False,331499
2015,15516,petrol,hyderabad,sedan,manual,maruti,swift dzire,1,great,False,562199
2012,29160,petrol,hyderabad,hatchback,manual,maruti,alto k10,1,good,False,261299
2015,22377,petrol,hyderabad,hatchback,manual,hyundai,eon,1,great,False,314399
2011,31119,petrol,hyderabad,hatchback,manual,maruti,alto,1,great,False,243699
2011,55981,petrol,hyderabad,hatchback,manual,maruti,wagon r 1.0,1,great,False,293199
2016,40924,petrol,hyderabad,hatchback,manual,ford,new figo,1,great,False,398999
2009,27034,petrol,hyderabad,hatchback,manual,hyundai,i10,1,great,False,274299
2010,34430,petrol,hyderabad,hatchback,manual,hyundai,i10,1,great,False,313199
2014,41913,petrol,hyderabad,hatchback,manual,maruti,wagon r 1.0,1,great,False,381999
2016,40681,petrol,hyderabad,hatchback,manual,hyundai,eon,1,great,False,276799
2012,53847,petrol,hyderabad,hatchback,manual,hyundai,i20,1,great,False,370699
2018,13379,petrol,hyderabad,hatchback,manual,datsun,redi go,1,great,False,319999
2017,27927,petrol,hyderabad,hatchback,manual,maruti,alto 800,2,great,False,315899
2017,17406,petrol,hyderabad,hatchback,,hyundai,grand i10,1,great,False,582899
2019,43074,diesel,hyderabad,hatchback,manual,maruti,swift,2,great,False,679899
2008,83568,petrol,hyderabad,hatchback,manual,hyundai,i10,2,great,False,230899
2014,46445,petrol,hyderabad,hatchback,,maruti,alto k10,2,great,True,280599
2013,45460,petrol,hyderabad,hatchback,manual,maruti,wagon r 1.0,2,great,False,330899
2012,44883,petrol,hyderabad,hatchback,manual,hyundai,i10,1,great,False,335999
2014,43615,petrol,hyderabad,hatchback,manual,maruti,alto 800,1,great,False,256999
2011,56816,petrol,hyderabad,hatchback,manual,maruti,alto k10,1,good,False,227799
2015,38472,petrol,hyderabad,hatchback,manual,maruti,alto 800,1,great,False,276299
2011,54368,petrol & lpg,hyderabad,hatchback,manual,hyundai,santro xing,1,great,False,264799
2013,57525,petrol,hyderabad,hatchback,manual,maruti,alto 800,1,great,False,245399
2015,47164,petrol,hyderabad,hatchback,manual,hyundai,i10,1,great,False,390899
2015,25048,petrol,hyderabad,hatchback,manual,maruti,alto 800,2,good,False,306199
2013,42131,petrol,hyderabad,hatchback,manual,maruti,alto 800,1,great,False,268199
2015,48243,petrol,hyderabad,hatchback,manual,maruti,wagon r 1.0,1,great,False,370699
2013,40362,petrol,hyderabad,hatchback,manual,honda,brio,2,good,False,391999
2016,60866,petrol,hyderabad,hatchback,,maruti,alto k10,1,great,False,320299
2013,59918,petrol,hyderabad,hatchback,manual,hyundai,eon,2,great,False,252399
2016,54919,petrol,hyderabad,suv,manual,maruti,eeco,1,great,False,317599
2009,50156,petrol,hyderabad,hatchback,manual,hyundai,santro xing,2,great,False,172799
2015,43028,petrol,hyderabad,hatchback,manual,maruti,celerio,2,great,False,399799
2013,57200,petrol,hyderabad,hatchback,manual,hyundai,i10,1,great,False,363399
2009,31094,petrol,hyderabad,hatchback,manual,hyundai,santro xing,1,great,False,220099
2013,58065,petrol,hyderabad,sedan,manual,maruti,swift dzire,2,great,False,453699
2011,57568,petrol,hyderabad,hatchback,manual,hyundai,i10,2,great,False,320499
2018,67311,petrol,hyderabad,hatchback,manual,tata,tiago,1,great,False,422499
2017,23663,petrol,hyderabad,hatchback,manual,hyundai,grand i10,2,great,False,473799
2017,29422,petrol,hyderabad,hatchback,manual,hyundai,eon,1,great,False,359699
2013,50151,diesel,hyderabad,hatchback,manual,nissan,micra,1,great,False,311999
2017,33399,petrol,hyderabad,sedan,manual,maruti,dzire,1,great,False,630099
2017,37328,petrol,hyderabad,hatchback,manual,maruti,alto k10,1,great,False,312099
2017,7861,petrol,hyderabad,hatchback,manual,maruti,baleno,1,great,False,701599
2008,41859,petrol,hyderabad,hatchback,manual,hyundai,santro xing,1,great,False,198199
2016,43630,diesel,hyderabad,hatchback,manual,maruti,swift,2,great,False,543399
2010,63438,petrol,hyderabad,hatchback,manual,maruti,alto,1,great,False,197599
2011,67624,petrol,hyderabad,sedan,manual,honda,city,2,great,False,407199
2016,22594,petrol,hyderabad,hatchback,manual,maruti,baleno,1,great,False,630199
2010,80996,petrol,hyderabad,hatchback,manual,maruti,zen estilo,2,great,False,209799
2007,38392,petrol,hyderabad,hatchback,manual,hyundai,santro xing,1,good,False,210699
2012,36870,petrol,hyderabad,hatchback,manual,maruti,alto k10,2,good,False,265799
2012,63082,petrol,hyderabad,hatchback,manual,maruti,alto k10,1,great,False,244199
2017,69319,petrol,hyderabad,hatchback,manual,hyundai,eon,1,great,False,318599
2011,85435,petrol & cng,hyderabad,hatchback,manual,maruti,wagon r 1.0,1,great,False,269499
2017,84937,petrol,hyderabad,hatchback,manual,maruti,alto k10,1,great,False,323899
2019,24740,petrol,hyderabad,hatchback,manual,maruti,alto 800,2,great,False,311299
2018,40615,diesel,hyderabad,sedan,manual,maruti,dzire,1,great,False,768099
2015,23738,petrol,hyderabad,hatchback,automatic,hyundai,grand i10,2,good,False,519099
2010,71355,petrol,hyderabad,hatchback,manual,hyundai,i10,2,great,False,288999
2018,31973,petrol,hyderabad,hatchback,manual,maruti,celerio x,1,great,False,423599
2010,59076,petrol,hyderabad,hatchback,manual,maruti,wagon r 1.0,2,good,False,256499
2017,31925,petrol,hyderabad,hatchback,manual,maruti,ignis,1,great,False,478899
2018,33478,petrol,hyderabad,hatchback,manual,maruti,baleno,1,great,False,635399
2010,73539,petrol & lpg,hyderabad,hatchback,manual,hyundai,santro xing,1,great,False,263099
2017,35440,petrol,hyderabad,sedan,manual,maruti,dzire,1,great,False,605099
2017,51501,diesel,hyderabad,hatchback,manual,maruti,baleno,1,great,False,676999
2009,66427,petrol,hyderabad,hatchback,manual,hyundai,i10,2,great,False,237799
2015,47555,petrol,hyderabad,sedan,automatic,honda,city,4,great,False,782799
2010,68124,petrol,hyderabad,hatchback,manual,hyundai,i20,2,great,False,357499
2017,27328,diesel,hyderabad,suv,manual,mahindra,thar,1,great,False,755999
2015,69124,petrol,hyderabad,sedan,manual,maruti,swift dzire,1,great,False,514899
2011,78238,petrol,hyderabad,hatchback,manual,maruti,swift,1,great,False,406299
2007,52521,petrol,hyderabad,hatchback,manual,hyundai,santro xing,2,good,False,176699
2011,104293,petrol,hyderabad,hatchback,manual,maruti,wagon r 1.0,2,great,False,271199
2010,119179,petrol,hyderabad,hatchback,manual,hyundai,i10,1,great,False,254299
2015,57564,petrol,hyderabad,hatchback,manual,maruti,alto k10,1,great,False,298499
2019,21168,diesel,hyderabad,sedan,manual,maruti,dzire,1,great,False,799199
2018,67132,petrol,hyderabad,hatchback,manual,hyundai,elite i20,1,great,False,565599
2019,26283,petrol,hyderabad,,,mg,hector,2,great,False,1433289
2009,71240,petrol,hyderabad,hatchback,manual,maruti,ritz,2,great,False,256599
2009,69535,petrol,hyderabad,hatchback,manual,maruti,a star,1,good,False,213299
2017,53055,petrol,hyderabad,hatchback,manual,maruti,baleno,1,great,False,624999
2010,106136,petrol,hyderabad,hatchback,manual,maruti,alto k10,2,good,False,210399
2013,68484,petrol,hyderabad,hatchback,manual,hyundai,santro xing,1,great,False,306599
2017,57889,diesel,hyderabad,sedan,manual,maruti,swift dzire,1,great,False,699399
2011,70720,petrol & cng,hyderabad,hatchback,manual,maruti,alto,1,good,False,217699
2009,197377,petrol & lpg,hyderabad,hatchback,manual,maruti,wagon r duo,1,great,False,171999
2017,59374,diesel,hyderabad,sedan,manual,maruti,swift dzire,1,great,False,685699
2017,80745,diesel,hyderabad,suv,manual,toyota,innova crysta,1,great,False,1818604
2018,42143,petrol,hyderabad,hatchback,manual,maruti,alto 800,1,great,False,321799
2012,89758,petrol,hyderabad,hatchback,manual,maruti,alto 800,2,great,False,244699
2015,78713,petrol,hyderabad,sedan,manual,maruti,swift dzire,1,good,True,535999
2018,47721,diesel,hyderabad,sedan,manual,maruti,dzire,1,great,False,750499
2012,79870,petrol & cng,hyderabad,hatchback,manual,maruti,wagon r 1.0,1,great,False,327099
2009,90273,diesel,hyderabad,hatchback,manual,maruti,swift,1,great,False,291199
2016,60381,diesel,hyderabad,luxury suv,automatic,bmw,x1,1,great,False,1987577
2012,146225,diesel,hyderabad,hatchback,manual,maruti,swift,1,great,False,368499
2010,88461,petrol,hyderabad,hatchback,manual,maruti,zen estilo,2,great,False,203699
2008,98277,petrol & lpg,hyderabad,hatchback,manual,hyundai,santro xing,1,good,False,203699
2017,74942,diesel,hyderabad,suv,manual,maruti,vitara brezza,1,great,False,791899
2010,95991,petrol,hyderabad,hatchback,manual,hyundai,i10,2,great,False,265299
2011,116395,petrol,hyderabad,hatchback,automatic,hyundai,i10,1,great,False,386299
2017,80273,diesel,hyderabad,sedan,automatic,maruti,swift dzire,2,great,False,619699
2008,89270,petrol,hyderabad,hatchback,manual,hyundai,i10,1,good,False,275699
2008,99395,petrol & lpg,hyderabad,hatchback,manual,maruti,wagon r duo,2,good,False,208599
2009,105529,petrol,hyderabad,hatchback,manual,hyundai,santro xing,1,great,False,172399
2012,96714,diesel,hyderabad,hatchback,manual,maruti,ritz,1,great,False,372199
2011,103749,petrol,hyderabad,sedan,manual,toyota,etios,3,great,False,340899
2016,48716,petrol,hyderabad,hatchback,manual,datsun,go plus,1,good,False,296699
2018,74535,diesel,hyderabad,hatchback,manual,maruti,baleno,1,great,False,739599
2012,77838,diesel,hyderabad,hatchback,manual,maruti,swift,2,great,False,474599
2018,43975,petrol,hyderabad,sedan,manual,hyundai,verna,1,great,False,1027899
2009,155996,petrol & lpg,hyderabad,hatchback,manual,maruti,alto,1,good,False,174799
2011,121622,petrol,hyderabad,hatchback,manual,maruti,swift,1,great,False,382699
2014,86775,diesel,hyderabad,suv,manual,maruti,ertiga,2,great,False,664299
2017,109300,diesel,hyderabad,sedan,automatic,volkswagen,ameo,2,great,False,485499
2015,97036,diesel,hyderabad,sedan,manual,maruti,swift dzire,1,great,False,539899
2016,75730,petrol,hyderabad,suv,automatic,hyundai,creta,1,great,False,964999
2015,87030,petrol,hyderabad,hatchback,manual,maruti,swift,2,great,False,461099
2016,72727,diesel,hyderabad,suv,manual,hyundai,creta,1,great,False,924899
2012,103887,petrol,hyderabad,hatchback,manual,maruti,alto k10,1,great,False,227499
2009,93933,petrol & lpg,hyderabad,hatchback,manual,hyundai,santro xing,2,good,False,229499
2016,82732,diesel,hyderabad,hatchback,manual,maruti,swift,2,great,False,507599
2012,86617,diesel,hyderabad,hatchback,manual,toyota,etios liva,2,good,False,362699
2012,114748,petrol,hyderabad,hatchback,manual,hyundai,i10,1,great,False,288499
2011,112315,petrol,hyderabad,hatchback,manual,hyundai,i10,2,great,False,328699
2012,136808,diesel,hyderabad,hatchback,manual,maruti,ritz,1,great,False,313999
2015,107589,petrol,hyderabad,sedan,manual,maruti,swift dzire,1,great,False,538599
2013,108649,diesel,hyderabad,hatchback,manual,maruti,swift,1,great,False,421399
2012,101039,diesel,hyderabad,hatchback,manual,maruti,swift,1,great,False,473799
2018,89645,diesel,hyderabad,suv,,hyundai,creta,1,great,False,926399
2013,111864,diesel,hyderabad,hatchback,manual,maruti,swift,2,great,False,428599
2017,108339,diesel,hyderabad,suv,manual,maruti,vitara brezza,1,great,False,707599
2015,98101,diesel,hyderabad,hatchback,manual,maruti,swift,1,great,False,470699
2012,164757,diesel,hyderabad,hatchback,manual,maruti,swift,1,great,False,384999
2016,106318,petrol,hyderabad,hatchback,manual,maruti,celerio,1,great,False,374699
2015,94320,petrol,hyderabad,sedan,manual,maruti,swift dzire,1,great,False,527599
2012,134290,diesel,hyderabad,sedan,manual,skoda,rapid,2,great,False,352999
2011,114828,diesel,hyderabad,hatchback,manual,maruti,ritz,2,good,False,318899
2012,138713,diesel,hyderabad,sedan,manual,hyundai,verna,1,great,False,461399
2016,76226,diesel,hyderabad,suv,,hyundai,creta,1,great,False,979599
2008,228257,diesel,hyderabad,sedan,manual,maruti,swift dzire,2,good,False,260999
2018,109284,diesel,hyderabad,suv,manual,ford,ecosport,1,great,False,817999
2017,175702,diesel,hyderabad,sedan,manual,maruti,dzire,2,great,False,646399
2016,108963,diesel,hyderabad,suv,automatic,hyundai,creta,1,great,False,968599
2016,200759,diesel,hyderabad,hatchback,manual,maruti,baleno,1,great,False,618799
2015,136968,diesel,hyderabad,sedan,manual,maruti,ciaz,1,great,False,591299
2012,126194,petrol,hyderabad,hatchback,manual,maruti,alto 800,2,great,False,254099
2013,157225,diesel,hyderabad,sedan,manual,nissan,sunny,1,great,False,376699
2016,26745,petrol,hyderabad,hatchback,manual,hyundai,grand i10,1,great,False,478599
2010,16227,petrol,hyderabad,hatchback,manual,maruti,alto,2,good,False,205099
2012,48155,petrol,hyderabad,hatchback,manual,hyundai,i10,1,great,False,340199
2008,42497,petrol,hyderabad,hatchback,manual,hyundai,santro xing,2,great,False,187699
2015,23516,petrol,hyderabad,hatchback,manual,hyundai,eon,1,great,False,291599
2019,12973,petrol,hyderabad,hatchback,manual,hyundai,grand i10,2,great,False,528999
2015,31741,petrol,hyderabad,hatchback,manual,hyundai,i10,1,great,False,383399
2014,30612,petrol,hyderabad,sedan,manual,maruti,swift dzire,2,great,False,496399
2019,10025,petrol,hyderabad,suv,manual,maruti,eeco,1,great,False,482599
2013,21885,petrol,hyderabad,hatchback,manual,maruti,wagon r 1.0,1,great,False,342899
2016,16527,petrol,hyderabad,hatchback,manual,maruti,alto 800,1,great,False,303099
2017,3957,petrol,hyderabad,hatchback,manual,maruti,alto 800,1,great,False,333299
2012,5264,petrol,hyderabad,hatchback,manual,maruti,wagon r 1.0,1,great,False,372199
2016,23774,petrol,hyderabad,hatchback,manual,hyundai,eon,1,good,False,322299
2016,28407,petrol,hyderabad,hatchback,manual,nissan,micra active,2,great,False,369199
2011,23658,petrol,hyderabad,hatchback,manual,maruti,alto,1,great,False,239899
2014,43229,petrol,hyderabad,hatchback,manual,hyundai,grand i10,1,great,False,430599
2013,29171,petrol,hyderabad,hatchback,manual,maruti,alto k10,1,great,False,254099
2012,45015,petrol,hyderabad,hatchback,manual,hyundai,i10,1,great,False,346899
2012,50040,petrol,hyderabad,hatchback,manual,hyundai,i10,2,great,False,332099
2014,27884,petrol,hyderabad,hatchback,manual,maruti,alto 800,1,great,False,273599
2016,23257,petrol,hyderabad,hatchback,manual,hyundai,grand i10,1,great,False,477799
2012,34784,petrol,hyderabad,hatchback,manual,maruti,alto,1,great,False,247699
2014,40694,petrol,hyderabad,hatchback,manual,maruti,wagon r 1.0,1,great,False,354799
2012,34573,petrol,hyderabad,hatchback,manual,maruti,alto k10,2,great,False,280499
2017,35554,petrol,hyderabad,hatchback,automatic,maruti,celerio,1,great,False,441599
2016,37429,petrol,hyderabad,sedan,manual,honda,amaze,1,great,False,471999
2016,31180,diesel,hyderabad,sedan,manual,maruti,swift dzire,1,great,False,596799
2012,28354,petrol,hyderabad,hatchback,manual,maruti,alto,1,great,False,260399
2010,54987,petrol,hyderabad,sedan,manual,maruti,swift dzire,1,great,False,318199
2015,30536,petrol,hyderabad,hatchback,automatic,maruti,celerio,1,great,False,431699
2011,45905,petrol,hyderabad,hatchback,manual,maruti,swift,1,great,False,425599
2011,36593,petrol,hyderabad,hatchback,manual,maruti,alto,2,great,False,232599
2016,30356,petrol,hyderabad,hatchback,manual,hyundai,elite i20,1,great,False,592599
2011,60134,petrol,hyderabad,hatchback,automatic,hyundai,i10,2,great,False,362999
2018,13739,petrol,hyderabad,hatchback,automatic,renault,kwid,1,great,False,393199
2012,21186,petrol,hyderabad,hatchback,manual,maruti,alto,1,great,False,262999
2010,49696,petrol,hyderabad,hatchback,manual,hyundai,i10,2,good,False,273099
2011,26705,petrol,hyderabad,hatchback,manual,maruti,alto,1,great,False,250099
2019,11267,petrol,hyderabad,hatchback,,maruti,s presso,1,great,False,424899
2018,17394,petrol,hyderabad,hatchback,manual,maruti,alto 800,1,great,False,340699
2016,32135,petrol,hyderabad,hatchback,manual,maruti,alto 800,2,great,False,294899
2010,20984,petrol,hyderabad,hatchback,manual,maruti,zen estilo,1,good,False,270399
2010,46776,petrol,hyderabad,hatchback,manual,hyundai,i10,1,great,False,311799
2013,33010,petrol,hyderabad,hatchback,manual,hyundai,eon,1,great,False,286299
2015,38294,petrol,hyderabad,hatchback,automatic,maruti,celerio,2,great,False,336099
2017,38961,petrol,hyderabad,hatchback,manual,hyundai,grand i10,1,great,False,501999
2010,51154,petrol,hyderabad,hatchback,manual,hyundai,i10,1,great,False,266699
2011,45069,petrol,hyderabad,hatchback,manual,maruti,alto k10,1,good,False,222799
2018,12519,petrol,hyderabad,hatchback,manual,hyundai,eon,1,great,False,359899
2016,7011,petrol,hyderabad,hatchback,manual,maruti,alto 800,1,great,False,313799
2014,54158,petrol,hyderabad,hatchback,manual,volkswagen,polo,2,great,False,451699
2017,28476,petrol,hyderabad,hatchback,automatic,maruti,baleno,1,great,False,594699
2015,46295,petrol,hyderabad,sedan,manual,honda,amaze,2,great,False,407799
2011,64715,petrol,hyderabad,hatchback,manual,hyundai,i10,2,great,False,255299
2011,53981,petrol,hyderabad,hatchback,manual,hyundai,i10,2,great,False,322799
2010,54960,petrol,hyderabad,hatchback,manual,hyundai,i20,1,great,False,405999
2015,47133,petrol,hyderabad,hatchback,manual,maruti,alto k10,1,great,False,284099
2011,47298,petrol,hyderabad,hatchback,manual,maruti,alto k10,2,good,False,240399
2011,47330,petrol,hyderabad,hatchback,manual,maruti,alto k10,2,good,False,243899
2013,48179,petrol,hyderabad,hatchback,manual,hyundai,i10,1,great,False,376699
2018,13446,petrol,hyderabad,hatchback,manual,maruti,alto k10,1,great,False,373899
2013,51081,petrol,hyderabad,hatchback,manual,maruti,wagon r stingray,2,great,False,367499
2016,31475,petrol,hyderabad,sedan,manual,maruti,swift dzire,1,great,False,538799
2012,46875,petrol,hyderabad,hatchback,manual,hyundai,i10,1,great,False,347199
2011,60423,petrol,hyderabad,sedan,manual,maruti,swift dzire,2,great,False,312099
2016,37667,petrol,hyderabad,hatchback,manual,maruti,wagon r 1.0,2,great,False,387299
2008,63088,petrol,hyderabad,hatchback,manual,hyundai,i10,2,good,False,259899
2011,66207,petrol,hyderabad,hatchback,manual,hyundai,i20,1,great,False,405799
2014,36758,petrol,hyderabad,hatchback,manual,maruti,swift,2,great,False,452499
2012,58851,petrol,hyderabad,hatchback,manual,honda,brio,2,great,False,336899
2010,39429,petrol,hyderabad,hatchback,manual,hyundai,i10,1,good,False,313099
2012,66160,diesel,hyderabad,hatchback,manual,maruti,swift,2,great,False,382099
2019,17802,petrol,hyderabad,suv,manual,maruti,eeco,1,great,False,426499
2016,39724,petrol,hyderabad,sedan,manual,maruti,swift dzire,1,great,False,539399
2017,16497,petrol,hyderabad,sedan,manual,maruti,dzire,1,great,False,634999
2009,42394,petrol & lpg,hyderabad,hatchback,manual,hyundai,santro xing,1,great,False,253199
2018,9104,diesel,hyderabad,suv,automatic,maruti,vitara brezza,1,great,False,1028178
2020,9033,petrol,hyderabad,hatchback,manual,maruti,baleno,1,great,False,728699
2013,58963,petrol,hyderabad,hatchback,manual,maruti,swift,1,great,False,449999
2016,47441,petrol,hyderabad,hatchback,manual,hyundai,grand i10,1,great,False,449599
2016,36851,petrol,hyderabad,hatchback,manual,hyundai,elite i20,1,great,False,623599
2017,41736,petrol,hyderabad,suv,manual,maruti,eeco,1,great,False,379699
2015,49825,petrol,hyderabad,hatchback,,maruti,alto k10,1,great,False,329799
2010,63570,petrol,hyderabad,hatchback,manual,hyundai,i20,1,great,False,389399
2011,63370,petrol,hyderabad,hatchback,manual,hyundai,i10,1,great,False,296399
2019,18864,petrol,hyderabad,suv,manual,maruti,eeco,1,great,False,470699
2015,46585,petrol,hyderabad,hatchback,manual,maruti,alto 800,1,great,False,302999
2015,54862,petrol,hyderabad,hatchback,automatic,maruti,celerio,2,great,False,370399
2011,66082,petrol & cng,hyderabad,hatchback,manual,maruti,wagon r 1.0,1,great,False,296799
2019,21360,petrol,hyderabad,suv,manual,maruti,eeco,1,great,False,480599
2014,58748,petrol,hyderabad,hatchback,manual,maruti,wagon r 1.0,2,great,False,363699
2016,59094,petrol,hyderabad,hatchback,manual,maruti,wagon r 1.0,2,great,False,352099
2011,59317,petrol,hyderabad,hatchback,manual,maruti,alto,2,good,False,235099
2012,62535,petrol,hyderabad,hatchback,manual,maruti,alto k10,2,great,False,244199
2010,79869,petrol,hyderabad,hatchback,manual,hyundai,i10,2,great,False,259899
2011,76443,petrol & lpg,hyderabad,suv,manual,maruti,eeco,3,great,False,261099
2018,38552,petrol,hyderabad,hatchback,automatic,maruti,swift,1,great,False,610099
2014,57173,diesel,hyderabad,sedan,manual,maruti,swift dzire,1,great,False,505199
2011,72167,petrol,hyderabad,hatchback,manual,hyundai,i10,3,great,False,307999
2011,61753,petrol,hyderabad,hatchback,manual,maruti,wagon r 1.0,2,good,False,318199
2008,63040,petrol,hyderabad,hatchback,manual,hyundai,i10,2,great,False,233299
2016,42970,petrol,hyderabad,sedan,manual,volkswagen,ameo,2,great,False,516899
2011,64456,petrol,hyderabad,sedan,manual,volkswagen,vento,2,good,False,350199
2016,41808,diesel,hyderabad,sedan,automatic,maruti,swift dzire,1,great,False,645399
2009,67271,petrol,hyderabad,hatchback,manual,hyundai,i10,2,good,False,261599
2018,33555,petrol,hyderabad,hatchback,manual,maruti,alto 800,1,great,False,329599
2010,65249,petrol,hyderabad,hatchback,manual,maruti,wagon r 1.0,1,good,False,301699
2011,72976,petrol,hyderabad,hatchback,manual,maruti,alto k10,2,good,False,222699
2016,47683,petrol,hyderabad,hatchback,manual,renault,kwid,1,great,False,302499
2009,60541,petrol,hyderabad,hatchback,manual,maruti,alto,2,good,False,190099
2017,33960,petrol,hyderabad,sedan,automatic,honda,city,1,great,False,926399
2013,64034,petrol,hyderabad,hatchback,manual,maruti,swift,2,great,False,417999
2007,38721,petrol,hyderabad,hatchback,manual,maruti,zen estilo,2,good,False,168199
2013,62049,petrol,hyderabad,hatchback,manual,honda,brio,1,great,False,353799
2012,80522,diesel,hyderabad,hatchback,manual,maruti,ritz,1,great,False,321899
2019,33610,petrol,hyderabad,hatchback,,volkswagen,polo,2,great,False,586199
2007,65766,petrol,hyderabad,hatchback,manual,hyundai,santro xing,1,good,False,167999
2013,80324,petrol,hyderabad,hatchback,manual,maruti,alto 800,1,great,False,249899
2009,74051,petrol,hyderabad,hatchback,manual,maruti,alto,2,good,False,190699
2009,82748,petrol & lpg,hyderabad,hatchback,manual,hyundai,santro xing,2,great,False,196199
2019,24171,petrol,hyderabad,hatchback,manual,hyundai,elite i20,1,great,False,764799
2015,61734,petrol,hyderabad,sedan,manual,maruti,swift dzire,1,great,False,527399
2010,68073,petrol,hyderabad,hatchback,manual,maruti,alto,2,great,False,202299
2009,71409,petrol & lpg,hyderabad,hatchback,manual,hyundai,santro xing,2,great,False,237699
2010,75141,petrol,hyderabad,hatchback,manual,maruti,wagon r 1.0,1,great,False,276299
2015,64403,petrol,hyderabad,hatchback,automatic,honda,jazz,2,great,False,521799
2017,57417,petrol & lpg,hyderabad,suv,manual,maruti,eeco,2,great,False,362199
2016,58440,diesel,hyderabad,sedan,manual,maruti,swift dzire,2,great,False,580099
2016,62412,petrol,hyderabad,hatchback,manual,nissan,micra active,1,great,False,342799
2015,85957,petrol,hyderabad,hatchback,manual,volkswagen,polo,2,great,False,429799
2010,78839,petrol,hyderabad,hatchback,manual,hyundai,i10,2,great,False,259499
2010,53951,petrol,hyderabad,hatchback,manual,hyundai,i20,2,fair,False,385099
2019,16992,diesel,hyderabad,suv,,hyundai,creta,1,great,False,1533481
2017,50539,petrol,hyderabad,hatchback,manual,maruti,baleno,1,great,False,666699
2010,87816,petrol,hyderabad,hatchback,manual,hyundai,i10,2,great,False,286199
2016,57997,diesel,hyderabad,hatchback,manual,hyundai,i20 active,1,great,False,660699
2011,68732,petrol & lpg,hyderabad,hatchback,manual,ford,figo,1,good,False,265999
2013,74656,petrol,hyderabad,sedan,manual,maruti,swift dzire,1,great,False,424899
2012,77916,petrol,hyderabad,hatchback,manual,hyundai,i20,1,great,False,408899
2016,64505,petrol,hyderabad,hatchback,manual,hyundai,elite i20,2,great,False,605399
2018,34772,diesel,hyderabad,sedan,manual,maruti,dzire,1,great,False,747999
2018,42497,petrol,hyderabad,sedan,automatic,maruti,dzire,1,great,False,667999
2017,43102,petrol,hyderabad,hatchback,automatic,maruti,celerio,2,great,False,473799
2008,81234,petrol,hyderabad,hatchback,manual,maruti,swift,1,good,False,291999
2011,68946,petrol & cng,hyderabad,hatchback,manual,maruti,wagon r 1.0,2,good,False,316999
2018,43382,petrol,hyderabad,hatchback,,maruti,swift,1,great,False,663599
2012,77664,petrol,hyderabad,hatchback,manual,honda,brio,2,good,False,379299
2017,56842,petrol,hyderabad,hatchback,manual,hyundai,elite i20,1,great,False,618999
2015,74350,diesel,hyderabad,suv,manual,maruti,s cross,2,great,True,515899
2013,72854,diesel,hyderabad,hatchback,manual,ford,figo,2,great,False,297799
2017,58244,diesel,hyderabad,suv,automatic,renault,duster,1,great,False,779299
2015,75977,petrol,hyderabad,hatchback,manual,maruti,swift,1,great,False,457199
2013,87857,petrol,hyderabad,hatchback,manual,hyundai,i10,2,great,False,331299
2016,72409,petrol & lpg,hyderabad,hatchback,manual,hyundai,eon,1,good,False,287599
2016,64064,petrol,hyderabad,hatchback,automatic,maruti,wagon r 1.0,1,great,False,418599
2016,63361,petrol,hyderabad,hatchback,,renault,kwid,1,great,False,345699
2017,73035,diesel,hyderabad,sedan,manual,maruti,dzire,2,great,False,648899
2009,78369,petrol,hyderabad,hatchback,manual,maruti,alto,1,good,False,195799
2012,76551,petrol & cng,hyderabad,hatchback,manual,maruti,alto,2,good,False,206399
2018,27879,diesel,hyderabad,suv,automatic,maruti,vitara brezza,2,great,False,961399
2011,70969,petrol,hyderabad,hatchback,manual,hyundai,i10,1,good,False,345799
2014,90890,diesel,hyderabad,sedan,manual,maruti,swift dzire,1,great,False,506799
2012,109381,diesel,hyderabad,hatchback,manual,maruti,swift,2,great,False,417399
2008,99732,petrol,hyderabad,hatchback,manual,maruti,swift,2,great,False,266299
2012,82470,petrol & cng,hyderabad,hatchback,manual,maruti,wagon r 1.0,1,good,False,312399
2008,94989,petrol,hyderabad,hatchback,manual,hyundai,i10,1,good,False,254099
2011,66154,petrol,hyderabad,hatchback,manual,maruti,alto,2,fair,False,227099
2016,62874,petrol,hyderabad,hatchback,manual,hyundai,grand i10,2,great,False,449099
2011,92202,petrol,hyderabad,hatchback,manual,maruti,alto k10,2,good,False,221599
2012,103693,petrol & cng,hyderabad,hatchback,manual,maruti,alto 800,1,good,False,263899
2012,105927,diesel,hyderabad,suv,manual,toyota,innova,1,great,False,771699
2014,86013,diesel,hyderabad,suv,manual,maruti,ertiga,1,great,False,622099
2012,86559,petrol & cng,hyderabad,hatchback,manual,maruti,wagon r 1.0,1,good,False,334599
2010,86995,petrol,hyderabad,hatchback,manual,hyundai,santro xing,2,good,False,221399
2017,75854,petrol,hyderabad,hatchback,manual,maruti,baleno,1,great,False,590099
2011,95164,petrol,hyderabad,hatchback,manual,maruti,alto k10,2,good,False,207799
2019,37775,diesel,hyderabad,suv,automatic,maruti,vitara brezza,1,great,False,922899
2013,82622,petrol,hyderabad,hatchback,manual,hyundai,i10,1,great,False,335299
2015,80800,petrol,hyderabad,sedan,manual,hyundai,xcent,1,great,False,433199
2019,187013,diesel,hyderabad,suv,manual,toyota,innova crysta,1,great,False,1657913
2011,110597,diesel,hyderabad,hatchback,manual,maruti,swift,1,great,False,356999
2019,11446,petrol,hyderabad,sedan,manual,honda,city,1,great,False,984599
2010,97591,diesel,hyderabad,hatchback,manual,maruti,swift,1,great,False,323299
2015,82502,petrol,hyderabad,hatchback,manual,hyundai,eon,1,great,False,312499
2010,103152,petrol,hyderabad,hatchback,manual,maruti,alto k10,1,great,False,210899
2009,99958,diesel,hyderabad,hatchback,manual,maruti,swift,1,good,False,321399
2015,90617,petrol,hyderabad,sedan,manual,maruti,swift dzire,2,great,False,534399
2015,76983,petrol,hyderabad,hatchback,manual,maruti,alto 800,1,great,False,266499
2017,87798,petrol,hyderabad,hatchback,manual,hyundai,elite i20,2,great,False,620299
2018,88198,diesel,hyderabad,sedan,manual,maruti,dzire,1,great,False,726399
2014,95614,petrol,hyderabad,hatchback,manual,maruti,swift,1,great,False,444099
2015,87128,diesel,hyderabad,suv,automatic,hyundai,creta,1,great,False,986099
2016,77217,diesel,hyderabad,sedan,manual,volkswagen,ameo,2,great,False,517699
2015,73445,petrol,hyderabad,hatchback,manual,maruti,alto k10,1,great,False,291499
2017,97114,diesel,hyderabad,sedan,manual,maruti,swift dzire,1,great,False,673899
2012,105694,petrol,hyderabad,hatchback,manual,maruti,wagon r 1.0,1,good,False,349799
2012,163970,diesel,hyderabad,hatchback,manual,maruti,swift,1,great,False,413899
2015,101946,petrol,hyderabad,sedan,manual,maruti,swift dzire,2,great,False,544799
2016,112458,diesel,hyderabad,suv,automatic,renault,duster,1,great,False,618899
2012,102870,diesel,hyderabad,hatchback,manual,maruti,ritz,2,good,False,318099
2010,115128,diesel,hyderabad,hatchback,manual,maruti,swift,2,good,False,331899
2013,116594,diesel,hyderabad,sedan,manual,honda,amaze,1,great,False,392699
2017,97090,petrol,hyderabad,hatchback,manual,hyundai,elite i20,1,great,False,644799
2014,101696,petrol,hyderabad,hatchback,manual,maruti,swift,1,great,False,442699
2018,91045,diesel,hyderabad,suv,manual,toyota,innova crysta,1,great,False,1722856
2013,95569,diesel,hyderabad,hatchback,manual,volkswagen,polo,2,fair,False,425399
2012,129644,petrol & lpg,hyderabad,hatchback,manual,hyundai,santro xing,2,great,False,288199
2010,151016,petrol & lpg,hyderabad,hatchback,manual,maruti,wagon r duo,2,good,False,251999
2016,126692,diesel,hyderabad,hatchback,manual,maruti,baleno,1,great,False,647899
2014,120841,diesel,hyderabad,hatchback,manual,ford,figo,1,great,False,307299
2016,102426,diesel,hyderabad,hatchback,manual,hyundai,grand i10,2,good,False,444199
2016,168820,diesel,hyderabad,sedan,manual,maruti,swift dzire,1,great,False,553599
2018,142268,petrol,hyderabad,hatchback,manual,maruti,baleno,1,great,False,689099
2012,107807,diesel,hyderabad,hatchback,manual,hyundai,i20,2,good,False,395599
2011,118524,petrol,hyderabad,hatchback,manual,maruti,alto,1,good,False,214699
2014,149332,diesel,hyderabad,suv,manual,maruti,ertiga,1,great,False,593099
2016,156312,diesel,hyderabad,suv,,hyundai,creta,1,great,False,914599
2015,111423,petrol,hyderabad,hatchback,manual,hyundai,elite i20,2,great,False,555999
2018,106089,diesel,hyderabad,suv,manual,ford,ecosport,2,great,False,713399
2011,192809,diesel,hyderabad,sedan,manual,volkswagen,vento,1,great,False,335699
2015,234436,petrol,hyderabad,hatchback,manual,maruti,alto k10,1,great,False,282999
2016,214144,diesel,hyderabad,suv,manual,toyota,innova,1,great,False,967099
2016,27568,petrol,hyderabad,hatchback,manual,maruti,baleno,1,great,False,548399
2013,44137,petrol,hyderabad,hatchback,manual,maruti,wagon r stingray,1,great,False,340199
2018,15053,petrol,hyderabad,hatchback,manual,maruti,baleno,1,great,False,585999
2013,31799,petrol,hyderabad,hatchback,manual,volkswagen,polo,1,great,False,449499
2013,27748,petrol,hyderabad,hatchback,manual,hyundai,eon,1,great,False,224199
2012,41210,petrol,hyderabad,sedan,manual,maruti,swift dzire,2,great,False,420699
2014,35893,petrol,hyderabad,sedan,manual,hyundai,xcent,1,great,False,468999
2016,22229,petrol,hyderabad,hatchback,automatic,maruti,celerio,1,great,False,442499
2015,34103,petrol,hyderabad,hatchback,manual,maruti,alto 800,1,great,False,274499
2010,41611,petrol,hyderabad,hatchback,manual,maruti,ritz,1,great,False,307099
2010,53953,petrol,hyderabad,hatchback,manual,hyundai,i20,2,great,False,290499
2016,25414,petrol,hyderabad,hatchback,manual,renault,kwid,1,great,False,309599
2011,33505,petrol,hyderabad,hatchback,manual,hyundai,i10,1,great,False,290599
2014,28205,petrol,hyderabad,hatchback,manual,hyundai,eon,2,great,False,278199
2016,26982,petrol,hyderabad,hatchback,manual,maruti,celerio,1,great,False,373799
2019,3976,petrol,hyderabad,hatchback,manual,hyundai,grand i10,1,great,False,577099
2013,45317,petrol,hyderabad,hatchback,manual,maruti,ritz,1,great,False,330899
2015,53312,petrol,hyderabad,hatchback,manual,maruti,wagon r 1.0,1,great,False,342699
2016,15354,petrol,hyderabad,hatchback,automatic,tata,nano,1,great,False,202699
2016,47318,petrol,hyderabad,hatchback,manual,maruti,alto 800,1,great,False,295399
2018,4451,petrol,hyderabad,hatchback,manual,maruti,swift,1,great,False,613699
2013,32842,petrol & lpg,hyderabad,hatchback,,hyundai,eon,2,good,False,258099
2017,25826,petrol,hyderabad,hatchback,manual,hyundai,grand i10,2,great,False,500799
2017,5041,petrol,hyderabad,,,maruti,omni e,1,great,False,279199
2012,14631,petrol,hyderabad,hatchback,manual,maruti,wagon r 1.0,1,good,False,348699
2016,24885,petrol,hyderabad,hatchback,manual,hyundai,elite i20,1,great,False,624599
2012,48979,petrol,hyderabad,hatchback,manual,maruti,alto k10,1,great,False,253999
2014,49437,petrol,hyderabad,hatchback,manual,maruti,wagon r stingray,2,great,False,340399
2015,49095,petrol,hyderabad,sedan,manual,skoda,rapid,2,great,False,488999
2010,10441,petrol,hyderabad,hatchback,manual,maruti,ritz,1,good,False,297699
2010,10910,petrol,hyderabad,hatchback,manual,maruti,alto k10,1,great,False,199999
2018,25568,petrol,hyderabad,,,maruti,omni e,1,great,False,314599
2017,17922,petrol,hyderabad,sedan,manual,honda,amaze,2,great,False,516399
2019,14428,petrol,hyderabad,hatchback,automatic,maruti,swift,2,great,False,615499
2015,39983,petrol,hyderabad,sedan,manual,honda,city,1,great,False,546599
2011,70484,petrol,hyderabad,hatchback,automatic,hyundai,i10,2,great,False,342399
2010,51549,petrol,hyderabad,sedan,manual,honda,city,1,great,False,396099
2016,13440,petrol,hyderabad,hatchback,manual,renault,kwid,1,good,False,357599
2018,25290,petrol,hyderabad,hatchback,manual,maruti,swift,1,great,False,576399
2017,32875,petrol,hyderabad,hatchback,,tata,tiago,1,great,False,473799
2010,66672,petrol,hyderabad,hatchback,automatic,hyundai,i10,1,great,False,310399
2015,50992,petrol,hyderabad,hatchback,manual,hyundai,grand i10,2,great,False,446999
2014,55071,petrol,hyderabad,hatchback,manual,maruti,swift,1,great,False,446299
2018,32556,diesel,hyderabad,hatchback,manual,hyundai,i20 active,1,great,False,771499
2018,33782,petrol,hyderabad,sedan,manual,skoda,rapid,1,great,False,771699
2015,81287,petrol,hyderabad,hatchback,manual,hyundai,grand i10,1,great,False,442299
2018,46992,diesel,hyderabad,hatchback,manual,maruti,swift,1,great,False,622599
2014,58303,petrol,hyderabad,hatchback,manual,hyundai,i10,1,great,False,352799
2011,58228,petrol,hyderabad,hatchback,manual,skoda,fabia,2,good,False,253799
2016,31996,petrol,hyderabad,suv,automatic,honda,br-v,1,great,False,706999
2019,22069,petrol,hyderabad,hatchback,,tata,tiago,1,great,False,539899
2016,37380,diesel,hyderabad,suv,manual,maruti,vitara brezza,1,great,False,783099
2014,62099,petrol,hyderabad,hatchback,manual,hyundai,grand i10,1,great,False,399999
2009,64790,petrol,hyderabad,hatchback,manual,hyundai,i20,1,great,False,296699
2011,81993,petrol,hyderabad,hatchback,manual,volkswagen,polo,2,great,False,310199
2016,54916,petrol,hyderabad,hatchback,manual,maruti,baleno,1,great,False,514199
2019,34886,petrol,hyderabad,hatchback,manual,maruti,alto 800,1,great,False,306899
2017,52235,diesel,hyderabad,suv,manual,maruti,s cross,1,great,False,817099
2010,81081,petrol,hyderabad,sedan,manual,hyundai,verna,2,good,False,291199
2018,24976,diesel,hyderabad,suv,automatic,maruti,vitara brezza,1,great,False,917599
2011,76345,petrol,hyderabad,hatchback,automatic,hyundai,i10,2,good,False,304899
2017,52641,petrol,hyderabad,hatchback,manual,maruti,alto 800,1,great,False,284299
2015,70993,petrol,hyderabad,hatchback,manual,maruti,wagon r 1.0,1,great,False,301299
2016,88256,petrol,hyderabad,hatchback,manual,hyundai,elite i20,1,great,False,572899
2018,21021,diesel,hyderabad,suv,manual,maruti,ertiga,1,great,False,971299
2008,85549,petrol,hyderabad,hatchback,manual,hyundai,i10,2,great,False,229399
2009,129266,diesel,hyderabad,hatchback,manual,maruti,swift,2,great,False,269699
2015,82168,petrol,hyderabad,hatchback,manual,hyundai,elite i20,1,great,False,560299
2016,89440,petrol,hyderabad,hatchback,manual,tata,tiago,2,great,False,363099
2018,60529,petrol,hyderabad,hatchback,,volkswagen,polo,1,great,False,572499
2007,101947,petrol,hyderabad,luxury suv,manual,honda,crv,2,fair,False,285299
2016,83357,diesel,hyderabad,hatchback,manual,ford,new figo,1,great,False,449999
2019,38781,diesel,hyderabad,suv,manual,maruti,vitara brezza,1,great,False,828699
2008,107327,petrol,hyderabad,sedan,manual,maruti,sx4,1,great,False,231499
2011,110349,petrol,hyderabad,hatchback,manual,hyundai,i10,1,great,False,231699
2019,36005,diesel,hyderabad,suv,automatic,maruti,vitara brezza,1,great,False,942299
2012,89034,petrol,hyderabad,hatchback,manual,maruti,alto k10,2,great,False,240599
2010,167063,petrol,hyderabad,sedan,automatic,honda,city,1,great,False,441599
2017,188558,diesel,hyderabad,luxury suv,manual,toyota,fortuner,1,great,False,2269771
2011,160953,diesel,hyderabad,luxury suv,manual,toyota,fortuner,2,great,False,999199
2012,150911,diesel,hyderabad,suv,manual,toyota,innova,1,great,False,922199
2015,143896,diesel,hyderabad,suv,manual,toyota,innova,2,great,False,1121699
2016,147359,diesel,hyderabad,hatchback,manual,hyundai,elite i20,1,great,False,527999
2016,137243,petrol,hyderabad,sedan,automatic,honda,city,1,great,False,529499
2008,78841,petrol,hyderabad,hatchback,manual,hyundai,santro xing,2,good,False,143000
2008,66355,petrol,hyderabad,hatchback,manual,maruti,wagon r,2,great,False,150000
2007,142726,diesel,hyderabad,sedan,manual,hyundai,verna,2,great,False,150000
2016,3587,petrol,hyderabad,hatchback,manual,maruti,swift,1,great,True,551399
2016,3343,diesel,hyderabad,sedan,manual,maruti,swift dzire,1,great,False,624799
2012,10027,petrol,hyderabad,hatchback,manual,hyundai,i20,1,great,False,368599
2012,147857,diesel,hyderabad,suv,manual,tata,safari,1,fair,False,210000
2014,28446,petrol,hyderabad,hatchback,manual,hyundai,i10,1,great,False,376099
2017,9415,petrol,hyderabad,hatchback,manual,renault,kwid,1,great,False,337299
2012,32353,petrol,hyderabad,hatchback,manual,hyundai,i20,1,great,False,413699
2020,15784,petrol,hyderabad,sedan,manual,maruti,dzire,1,great,False,661399
2015,36668,diesel,hyderabad,hatchback,manual,maruti,swift,2,great,False,517699
2014,45993,petrol,hyderabad,hatchback,manual,hyundai,grand i10,2,great,False,372999
2017,27251,petrol,hyderabad,hatchback,manual,hyundai,grand i10,1,great,False,512499
2016,31361,petrol,hyderabad,hatchback,manual,hyundai,grand i10,1,great,False,391699
2019,3884,petrol,hyderabad,hatchback,manual,hyundai,grand i10,1,great,False,540099
2020,10923,petrol,hyderabad,hatchback,automatic,maruti,swift,1,great,False,629999
2016,30909,petrol,hyderabad,hatchback,automatic,renault,kwid,1,great,False,373799
2017,3915,petrol,hyderabad,hatchback,manual,hyundai,grand i10,1,great,False,542999
2019,14764,petrol,hyderabad,hatchback,manual,maruti,alto k10,1,great,False,387999
2010,47145,diesel,hyderabad,luxury sedan,automatic,chevrolet,cruze,3,great,False,414899
2008,45640,petrol,hyderabad,hatchback,manual,hyundai,i10,1,great,False,250499
2011,59781,petrol,hyderabad,sedan,manual,honda,city,1,great,False,398699
2015,36040,petrol,hyderabad,suv,manual,maruti,ertiga,2,great,False,557799
2012,29691,petrol,hyderabad,hatchback,manual,hyundai,eon,1,good,False,237999
2015,49078,petrol,hyderabad,hatchback,manual,maruti,swift,1,great,False,466899
2013,49081,diesel,hyderabad,sedan,manual,volkswagen,vento,1,great,False,504699
2011,40590,petrol,hyderabad,hatchback,manual,ford,figo,1,good,False,243599
2007,72039,petrol,hyderabad,hatchback,manual,hyundai,santro xing,1,good,False,171399
2010,63693,petrol,hyderabad,hatchback,manual,hyundai,i20,1,great,False,321999
2014,57599,petrol,hyderabad,suv,automatic,ford,ecosport,1,great,False,556999
2019,17891,petrol,hyderabad,hatchback,,hyundai,elite i20,2,great,False,779199
2013,49994,diesel,hyderabad,hatchback,manual,chevrolet,beat,1,good,False,225399
2017,35098,diesel,hyderabad,suv,manual,mahindra,thar,1,great,False,772199
2017,54543,petrol,hyderabad,hatchback,manual,hyundai,elite i20,1,great,False,603799
2017,46636,petrol,hyderabad,hatchback,manual,hyundai,elite i20,1,great,False,654999
2008,90511,petrol,hyderabad,sedan,manual,hyundai,accent,2,good,False,173399
2019,9906,diesel,hyderabad,suv,,maruti,ertiga,2,great,False,1075648
2018,40659,diesel,hyderabad,suv,manual,maruti,vitara brezza,1,great,False,776399
2013,69582,diesel,hyderabad,sedan,manual,hyundai,verna,2,great,False,555099
2016,61357,diesel,hyderabad,hatchback,manual,volkswagen,polo,2,great,False,502099
2007,102600,petrol,hyderabad,sedan,automatic,honda,civic,2,great,False,127599
2018,29129,petrol,hyderabad,suv,manual,hyundai,creta,1,great,False,844899
2011,87022,petrol,hyderabad,sedan,manual,hyundai,verna,1,good,False,448699
2018,44630,diesel,hyderabad,suv,,ford,ecosport,2,great,False,891799
2019,27228,diesel,hyderabad,suv,,mahindra,tuv300,1,great,False,886399
2016,22280,diesel,hyderabad,suv,,hyundai,creta,1,great,False,1010705
2015,87654,diesel,hyderabad,luxury suv,automatic,audi,q3,1,great,False,1535599
2015,63791,petrol,hyderabad,hatchback,automatic,honda,jazz,1,great,False,531199
2012,88245,diesel,hyderabad,sedan,manual,skoda,rapid,1,good,False,378799
2013,122598,petrol,hyderabad,sedan,automatic,honda,city,1,great,False,445699
2015,98091,petrol,hyderabad,hatchback,manual,volkswagen,polo,1,great,False,471199
2015,130427,diesel,hyderabad,hatchback,manual,volkswagen,polo,2,great,False,489599
2009,215056,diesel,hyderabad,luxury suv,manual,toyota,fortuner,2,great,False,857499
2011,65669,diesel,hyderabad,luxury sedan,manual,chevrolet,cruze,2,fair,True,350000
2015,240000,diesel,hyderabad,,,tata,indica v2,2,good,False,170000
2014,85888,diesel,hyderabad,luxury suv,manual,mercedes benz,gla class,1,great,False,1639000
2006,176441,diesel,hyderabad,suv,manual,toyota,innova,2,overpriced,False,310000
2015,44022,diesel,hyderabad,luxury suv,manual,mercedes benz,gla class,1,great,False,2250000
2011,43416,petrol,hyderabad,hatchback,manual,chevrolet,spark,1,good,False,75000
2013,163527,diesel,hyderabad,suv,manual,mahindra,maxximo ,1,good,False,165000
2015,67435,diesel,hyderabad,sedan,manual,tata,indigo ecs,1,overpriced,False,300000
2015,76366,diesel,hyderabad,sedan,manual,toyota,etios,1,good,False,635000
2013,90044,diesel,hyderabad,suv,manual,tata,safari storme,6,overpriced,True,875000
2013,76506,diesel,hyderabad,sedan,manual,hyundai,verna,2,fair,True,600000
2015,6341,petrol,chennai,hatchback,manual,maruti,alto k10,1,great,False,331399
2017,11529,petrol,chennai,hatchback,automatic,renault,kwid,2,great,False,384199
2010,17572,petrol,chennai,sedan,manual,maruti,swift dzire,1,great,False,349799
2010,42198,petrol,chennai,hatchback,manual,maruti,alto k10,1,good,False,232799
2017,18056,petrol,chennai,hatchback,manual,renault,kwid,1,great,False,333099
2011,23217,petrol,chennai,hatchback,manual,maruti,alto,1,great,False,266799
2012,14581,petrol,chennai,hatchback,automatic,hyundai,i10,1,great,False,376299
2019,3658,petrol,chennai,hatchback,,maruti,alto,1,great,False,355499
2014,30971,petrol,chennai,hatchback,automatic,maruti,celerio,1,great,False,396699
2017,9567,petrol,chennai,hatchback,manual,hyundai,eon,1,great,False,340299
2014,29002,petrol,chennai,hatchback,manual,maruti,wagon r 1.0,1,great,False,334099
2016,8341,petrol,chennai,hatchback,manual,maruti,alto 800,1,great,False,309899
2018,6603,petrol,chennai,suv,manual,maruti,omni,1,great,False,335299
2017,20907,petrol,chennai,hatchback,manual,maruti,wagon r 1.0,1,great,False,407499
2020,2078,petrol,chennai,hatchback,,hyundai,grand i10 nios,1,great,False,698099
2016,24346,petrol,chennai,hatchback,manual,maruti,alto 800,2,great,False,288599
2017,22175,petrol,chennai,suv,manual,maruti,eeco,1,great,False,391199
2017,26617,petrol,chennai,hatchback,manual,honda,jazz,1,great,False,591499
2018,9572,petrol,chennai,hatchback,manual,maruti,ignis,1,great,False,574899
2011,45931,petrol,chennai,hatchback,manual,hyundai,i10,1,great,False,333999
2020,3875,electric,chennai,,,mg,zs ev,1,great,False,2033734
2013,30494,petrol,chennai,hatchback,manual,hyundai,i20,1,great,False,410199
2018,21916,petrol,chennai,suv,manual,maruti,eeco,1,great,False,451599
2011,42118,petrol,chennai,hatchback,manual,hyundai,i10,2,great,False,280899
2015,42503,petrol,chennai,hatchback,manual,volkswagen,polo,2,great,False,444999
2009,35966,petrol,chennai,hatchback,manual,hyundai,i10,2,great,False,212799
2011,13977,petrol,chennai,hatchback,manual,maruti,alto k10,1,great,False,265699
2016,8063,petrol,chennai,hatchback,automatic,hyundai,grand i10,1,great,False,482799
2012,31373,petrol,chennai,hatchback,manual,hyundai,eon,2,good,False,252399
2019,3243,petrol,chennai,,,hyundai,new santro,1,great,False,580199
2012,11185,petrol,chennai,hatchback,manual,honda,brio,1,great,False,352699
2015,19070,petrol,chennai,hatchback,,maruti,alto k10,2,great,False,362399
2015,17762,petrol,chennai,hatchback,automatic,maruti,celerio,1,great,False,396899
2015,38703,petrol,chennai,hatchback,automatic,maruti,celerio,1,great,False,416199
2012,38553,petrol,chennai,hatchback,manual,maruti,wagon r 1.0,1,great,False,338999
2014,34968,petrol,chennai,hatchback,manual,hyundai,eon,2,great,False,266399
2013,41318,petrol,chennai,sedan,manual,maruti,swift dzire,2,great,False,445099
2016,29511,petrol,chennai,hatchback,,maruti,swift,1,great,False,480699
2017,5873,petrol,chennai,hatchback,manual,maruti,wagon r 1.0,1,great,False,426999
2016,22360,petrol,chennai,hatchback,manual,maruti,alto k10,1,great,False,324099
2014,21428,petrol,chennai,hatchback,manual,hyundai,i10,1,great,False,373899
2018,11258,petrol,chennai,hatchback,manual,maruti,baleno,1,great,False,618899
2019,9891,petrol,chennai,suv,manual,maruti,eeco,1,great,False,477499
2013,30782,petrol,chennai,hatchback,manual,maruti,wagon r 1.0,1,great,False,378399
2016,20090,petrol,chennai,hatchback,manual,hyundai,grand i10,2,great,False,470299
2016,32196,petrol,chennai,hatchback,manual,maruti,wagon r 1.0,1,great,False,416099
2014,37918,petrol,chennai,hatchback,manual,maruti,celerio,2,great,False,333699
2010,42573,petrol,chennai,hatchback,manual,hyundai,i10,2,great,False,254099
2015,35283,petrol,chennai,hatchback,manual,volkswagen,polo,1,great,False,535999
2012,42251,petrol,chennai,hatchback,manual,maruti,alto,1,great,False,257899
2016,27775,petrol,chennai,hatchback,manual,hyundai,eon,1,great,False,299699
2012,50410,petrol,chennai,hatchback,manual,maruti,alto,1,great,False,219599
2014,30702,petrol,chennai,hatchback,automatic,hyundai,grand i10,1,great,False,461099
2016,21361,petrol,chennai,hatchback,manual,renault,kwid,1,great,False,319299
2018,15762,petrol,chennai,,,maruti,omni e,1,great,False,334199
2017,24401,petrol,chennai,hatchback,manual,maruti,wagon r 1.0,1,great,False,439499
2013,28195,petrol,chennai,sedan,manual,maruti,swift dzire,1,great,False,464499
2010,32693,petrol,chennai,hatchback,manual,hyundai,i10,1,good,False,300499
2015,45803,diesel,chennai,suv,manual,maruti,ertiga,2,great,False,645599
2017,25972,petrol,chennai,hatchback,manual,maruti,baleno,1,great,False,531799
2015,37667,petrol,chennai,hatchback,automatic,honda,brio,2,great,False,441899
2012,58963,petrol,chennai,hatchback,manual,maruti,alto,1,great,False,214299
2014,27544,petrol,chennai,hatchback,automatic,maruti,celerio,2,great,False,399099
2018,16087,petrol,chennai,hatchback,manual,maruti,wagon r 1.0,2,great,False,427899
2017,17538,petrol,chennai,hatchback,manual,maruti,swift,1,great,False,593399
2018,10893,petrol,chennai,hatchback,manual,hyundai,elite i20,1,great,False,684899
2010,49238,petrol,chennai,sedan,manual,maruti,swift dzire,2,good,False,339099
2013,22713,petrol,chennai,hatchback,manual,hyundai,eon,3,great,False,249299
2015,40987,petrol,chennai,hatchback,manual,maruti,swift,1,great,False,481299
2019,13079,petrol,chennai,hatchback,manual,maruti,celerio,1,great,False,526899
2011,51684,petrol,chennai,sedan,automatic,honda,city,3,great,False,434699
2013,27109,petrol,chennai,hatchback,manual,hyundai,eon,2,great,False,256399
2010,46987,petrol,chennai,hatchback,manual,maruti,alto k10,1,great,False,233499
2011,45714,petrol,chennai,hatchback,manual,maruti,wagon r 1.0,2,great,False,324399
2019,11172,petrol,chennai,hatchback,manual,hyundai,elite i20,1,great,False,743799
2018,13741,petrol,chennai,hatchback,manual,maruti,alto 800,1,great,False,352099
2018,13962,petrol,chennai,hatchback,manual,maruti,swift,1,great,False,603399
2018,22562,petrol,chennai,hatchback,manual,hyundai,elite i20,1,great,False,679199
2016,18639,petrol,chennai,hatchback,manual,hyundai,elite i20,1,great,False,552399
2015,47445,petrol,chennai,sedan,manual,maruti,swift dzire,1,great,False,484499
2017,22993,petrol,chennai,hatchback,automatic,maruti,baleno,2,great,False,675399
2017,25712,petrol,chennai,hatchback,manual,maruti,alto 800,1,great,False,325099
2018,10382,petrol,chennai,hatchback,automatic,maruti,swift,1,great,False,633699
2020,2979,petrol,chennai,suv,,maruti,vitara brezza,1,great,False,984299
2018,17794,petrol,chennai,sedan,manual,maruti,dzire,1,great,False,628699
2017,17163,diesel,chennai,sedan,manual,maruti,dzire,1,great,False,667799
2013,50429,petrol,chennai,hatchback,manual,maruti,wagon r 1.0,1,great,False,356099
2020,13447,petrol,chennai,suv,manual,maruti,eeco,1,great,False,470699
2016,34082,petrol,chennai,hatchback,manual,renault,kwid,1,great,False,315899
2017,40381,petrol,chennai,hatchback,manual,maruti,wagon r 1.0,1,great,False,417899
2014,40695,petrol,chennai,hatchback,manual,maruti,alto 800,2,great,False,247399
2016,44019,petrol,chennai,hatchback,automatic,hyundai,grand i10,1,great,False,478399
2017,8643,petrol,chennai,hatchback,manual,hyundai,grand i10,1,great,False,518899
2019,12425,petrol,chennai,hatchback,manual,maruti,swift,1,great,False,647999
2016,38519,diesel,chennai,sedan,manual,maruti,swift dzire,1,great,False,601599
2014,46804,diesel,chennai,hatchback,manual,fiat,grand punto,3,great,True,295099
2019,1890,petrol,chennai,hatchback,manual,maruti,swift,2,great,False,652999
2015,23641,petrol,chennai,suv,manual,maruti,ertiga,1,great,False,655299
2016,42946,petrol,chennai,hatchback,manual,hyundai,eon,2,great,False,301699
2016,39145,petrol,chennai,hatchback,manual,renault,kwid,1,great,False,314299
2016,39910,petrol,chennai,hatchback,manual,hyundai,eon,1,great,False,317899
2010,54732,petrol,chennai,hatchback,manual,maruti,alto k10,1,great,False,242999
2019,23090,petrol,chennai,suv,manual,maruti,eeco,1,great,False,467199
2015,42060,petrol,chennai,hatchback,manual,hyundai,i20 active,1,great,False,575899
2015,39763,petrol,chennai,hatchback,manual,volkswagen,polo,2,great,False,523699
2018,18363,petrol,chennai,hatchback,,hyundai,grand i10,1,great,False,554799
2016,29711,petrol,chennai,hatchback,manual,maruti,baleno,1,great,False,666299
2012,48440,petrol,chennai,hatchback,manual,hyundai,i10,1,great,False,331499
2018,14901,petrol,chennai,hatchback,manual,tata,tiago,1,great,False,513699
2018,19266,petrol,chennai,hatchback,manual,hyundai,grand i10,1,great,False,532899
2015,20657,petrol,chennai,hatchback,manual,hyundai,elite i20,1,great,False,518099
2017,35774,petrol,chennai,hatchback,manual,maruti,swift,1,great,False,562599
2016,23367,petrol,chennai,sedan,manual,volkswagen,ameo,2,great,False,528999
2013,55517,petrol,chennai,hatchback,manual,maruti,wagon r 1.0,1,great,False,341599
2018,9398,petrol,chennai,hatchback,manual,maruti,baleno,1,great,False,599299
2015,43136,petrol,chennai,hatchback,automatic,maruti,wagon r 1.0,1,great,False,378299
2010,61400,petrol,chennai,hatchback,manual,maruti,wagon r 1.0,1,great,False,241399
2012,64480,petrol,chennai,hatchback,manual,maruti,zen estilo,1,great,False,237399
2014,49994,petrol,chennai,hatchback,manual,renault,pulse,2,great,False,298199
2015,52695,petrol,chennai,hatchback,manual,hyundai,elite i20,1,great,False,577599
2009,28390,petrol,chennai,hatchback,manual,hyundai,i10,2,good,False,247399
2017,51394,petrol,chennai,hatchback,manual,hyundai,grand i10,1,great,False,436099
2013,61781,diesel,chennai,hatchback,manual,maruti,swift,2,great,False,409799
2015,46243,petrol,chennai,hatchback,manual,hyundai,grand i10,2,great,False,424599
2015,50398,petrol,chennai,hatchback,manual,hyundai,grand i10,2,great,False,460299
2013,53953,petrol,chennai,hatchback,manual,hyundai,i20,1,great,False,373199
2018,20159,petrol,chennai,hatchback,manual,maruti,swift,1,great,False,565899
2020,7815,petrol,chennai,hatchback,manual,maruti,baleno,1,great,False,750299
2014,62368,diesel,chennai,hatchback,manual,maruti,swift,1,great,False,469899
2016,36422,petrol,chennai,hatchback,manual,hyundai,eon,1,great,False,331299
2018,4241,petrol,chennai,hatchback,manual,hyundai,grand i10,1,great,False,550699
2015,32650,petrol,chennai,hatchback,automatic,hyundai,grand i10,1,great,False,491399
2015,21715,petrol,chennai,hatchback,manual,volkswagen,polo,1,great,False,516199
2013,53876,petrol,chennai,sedan,manual,maruti,swift dzire,2,great,False,474399
2010,59694,petrol,chennai,sedan,manual,honda,city,2,great,False,413899
2008,61075,petrol,chennai,hatchback,manual,hyundai,i10,2,good,False,204299
2014,57434,petrol,chennai,hatchback,manual,maruti,alto 800,1,great,False,235399
2016,29163,petrol,chennai,hatchback,manual,renault,kwid,1,good,False,353099
2017,27345,petrol,chennai,hatchback,manual,hyundai,elite i20,1,great,False,645599
2017,30644,diesel,chennai,hatchback,manual,ford,new figo,2,great,False,532899
2016,51404,petrol,chennai,hatchback,manual,hyundai,elite i20,1,great,False,547399
2017,32077,petrol,chennai,hatchback,manual,hyundai,elite i20,1,great,False,621299
2015,55562,petrol,chennai,hatchback,manual,maruti,swift,1,great,False,482399
2017,37607,diesel,chennai,sedan,automatic,maruti,dzire,1,great,False,678699
2016,41675,petrol,chennai,hatchback,manual,hyundai,eon,3,great,False,304299
2013,64676,petrol,chennai,hatchback,manual,maruti,alto 800,1,great,False,217999
2013,55207,diesel,chennai,hatchback,manual,hyundai,grand i10,3,great,False,334999
2012,42103,petrol & lpg,chennai,hatchback,automatic,hyundai,i10,1,good,False,398699
2017,35527,petrol,chennai,hatchback,manual,hyundai,eon,1,great,False,356299
2016,48062,diesel,chennai,suv,manual,mahindra,tuv300,1,great,False,711999
2013,62605,petrol,chennai,sedan,manual,nissan,sunny,2,great,False,393099
2012,70091,diesel,chennai,hatchback,manual,maruti,ritz,2,great,False,317999
2012,65116,diesel,chennai,hatchback,manual,maruti,ritz,1,great,False,355899
2016,35816,petrol,chennai,hatchback,manual,renault,kwid,1,good,False,338099
2012,43690,petrol,chennai,hatchback,manual,honda,brio,1,good,False,367199
2017,42061,petrol,chennai,hatchback,manual,maruti,swift,1,great,False,545999
2019,20045,petrol,chennai,hatchback,manual,maruti,baleno,1,great,False,633199
2018,23752,diesel,chennai,sedan,manual,maruti,dzire,1,great,False,688499
2019,19508,petrol,chennai,hatchback,manual,maruti,swift,1,great,False,626099
2014,55838,diesel,chennai,sedan,manual,honda,amaze,1,great,False,468299
2013,69617,diesel,chennai,hatchback,manual,hyundai,i20,1,great,False,377599
2013,66970,diesel,chennai,hatchback,manual,maruti,swift,2,great,False,458099
2014,67785,petrol,chennai,hatchback,manual,hyundai,elite i20,1,great,False,493599
2016,47745,petrol,chennai,hatchback,manual,maruti,alto 800,1,great,False,313499
2011,72997,petrol,chennai,hatchback,manual,maruti,wagon r 1.0,2,great,False,310199
2015,56767,petrol,chennai,hatchback,manual,hyundai,elite i20,1,great,False,496899
2020,9501,petrol,chennai,hatchback,manual,maruti,baleno,1,great,False,788199
2016,45345,petrol,chennai,hatchback,manual,hyundai,grand i10,2,great,False,500399
2019,14982,petrol,chennai,sedan,manual,maruti,dzire,1,great,False,714499
2019,16763,diesel,chennai,luxury suv,,mahindra,xuv500,1,great,False,1438440
2015,61970,diesel,chennai,sedan,,maruti,swift dzire,1,great,False,514899
2018,33554,petrol,chennai,hatchback,manual,maruti,baleno,1,great,False,623999
2018,29975,petrol,chennai,hatchback,manual,maruti,alto 800,2,great,False,311999
2017,19176,diesel,chennai,sedan,manual,maruti,dzire,1,great,False,614399
2018,35899,petrol,chennai,hatchback,manual,maruti,alto k10,1,great,False,389799
2014,35571,petrol,chennai,hatchback,manual,hyundai,i10,1,good,False,373499
2019,5183,petrol,chennai,hatchback,,honda,jazz,1,great,False,991199
2017,64778,petrol,chennai,hatchback,manual,maruti,alto k10,1,great,False,331799
2017,44883,petrol,chennai,hatchback,manual,volkswagen,polo,2,great,False,516199
2017,42259,petrol,chennai,hatchback,manual,renault,kwid,2,great,False,360899
2009,60522,petrol,chennai,hatchback,manual,maruti,zen estilo,2,good,False,196699
2015,48809,petrol,chennai,hatchback,manual,maruti,baleno,2,great,False,475099
2017,46847,petrol,chennai,sedan,automatic,maruti,ciaz,1,great,False,762899
2017,104315,petrol,chennai,suv,manual,hyundai,creta,1,great,False,801499
2019,14712,petrol,chennai,hatchback,manual,hyundai,elite i20,1,great,False,731599
2013,62227,petrol,chennai,hatchback,manual,maruti,wagon r stingray,1,great,False,364699
2012,68105,petrol,chennai,sedan,manual,maruti,swift dzire,1,great,False,446299
2015,10220,diesel,chennai,suv,manual,renault,lodgy,1,great,False,747199
2014,43638,petrol,chennai,hatchback,manual,hyundai,eon,1,good,False,289599
2019,16114,petrol,chennai,suv,,hyundai,creta,1,great,False,1045651
2019,21823,petrol,chennai,hatchback,automatic,maruti,swift,1,great,False,657599
2015,73530,diesel,chennai,hatchback,manual,maruti,swift,1,great,False,493099
2016,57563,petrol,chennai,hatchback,automatic,maruti,celerio,1,great,False,433099
2012,81727,petrol,chennai,hatchback,manual,maruti,wagon r 1.0,1,great,False,313999
2018,39847,petrol,chennai,hatchback,manual,hyundai,grand i10,1,great,False,435799
2010,79065,petrol,chennai,sedan,manual,honda,city,1,great,False,401399
2012,68292,petrol,chennai,sedan,manual,maruti,swift dzire,1,great,False,423499
2018,33515,diesel,chennai,hatchback,manual,hyundai,elite i20,1,great,False,632399
2016,52128,diesel,chennai,suv,manual,maruti,vitara brezza,1,great,False,672199
2014,77398,diesel,chennai,suv,manual,renault,duster,1,great,False,542599
2019,23277,diesel,chennai,,,kia,seltos,1,great,False,1529946
2018,33236,petrol,chennai,sedan,manual,honda,city,1,great,False,844199
2008,79056,petrol,chennai,hatchback,manual,maruti,wagon r,2,good,False,208599
2020,11520,diesel,chennai,suv,manual,ford,ecosport,1,great,False,1106251
2018,39655,petrol,chennai,sedan,manual,maruti,ciaz,1,great,False,700499
2018,29265,petrol,chennai,hatchback,manual,honda,jazz,1,great,False,645099
2016,58384,diesel,chennai,suv,manual,mahindra,tuv300,1,great,False,676199
2017,57780,petrol,chennai,hatchback,manual,maruti,swift,1,great,False,471199
2018,29177,petrol,chennai,sedan,,honda,amaze,1,great,False,732599
2018,40049,petrol,chennai,hatchback,manual,renault,kwid,1,great,False,359599
2011,53962,petrol,chennai,hatchback,manual,maruti,alto k10,1,good,False,258299
2018,47586,petrol,chennai,hatchback,manual,maruti,baleno,1,great,False,618199
2018,61191,petrol,chennai,sedan,manual,maruti,dzire,1,great,False,595299
2019,19923,petrol,chennai,suv,,nissan,kicks,1,great,False,765499
2018,44945,petrol,chennai,hatchback,automatic,nissan,micra,1,great,False,503299
2014,83907,diesel,chennai,sedan,manual,maruti,swift dzire,1,great,False,495799
2012,83574,petrol,chennai,hatchback,manual,honda,brio,2,great,False,294599
2019,25049,diesel,chennai,suv,,hyundai,venue,1,great,False,964699
2018,26402,petrol,chennai,sedan,manual,hyundai,verna,2,great,False,952599
2016,71785,petrol,chennai,hatchback,manual,renault,kwid,1,great,False,296999
2013,74119,petrol,chennai,sedan,manual,honda,city,2,great,False,529599
2019,52600,diesel,chennai,sedan,manual,maruti,dzire,1,great,False,687899
2010,95673,petrol,chennai,sedan,automatic,honda,city,1,great,False,410699
2013,73447,petrol,chennai,hatchback,manual,hyundai,i10,1,great,False,344199
2018,43068,diesel,chennai,sedan,manual,ford,figo aspire,1,great,False,629799
2016,73698,diesel,chennai,hatchback,manual,maruti,baleno,1,great,False,616899
2011,72062,petrol,chennai,hatchback,manual,toyota,etios liva,2,good,False,354199
2010,84529,petrol,chennai,hatchback,manual,hyundai,i20,1,great,False,321999
2014,78309,petrol,chennai,hatchback,manual,maruti,swift,1,great,False,461399
2015,81879,diesel,chennai,sedan,manual,honda,amaze,1,great,False,506999
2009,82747,petrol,chennai,hatchback,manual,maruti,a star,3,great,False,188399
2013,84769,diesel,chennai,suv,manual,ford,ecosport,1,great,False,467099
2018,35067,diesel,chennai,hatchback,manual,maruti,swift,1,great,False,697999
2013,86720,petrol,chennai,suv,manual,maruti,ertiga,1,great,False,554599
2012,86555,diesel,chennai,sedan,manual,nissan,sunny,2,great,False,377099
2019,14437,petrol,chennai,sedan,,honda,city,1,great,False,989399
2012,111086,diesel,chennai,hatchback,manual,toyota,etios liva,1,great,False,435099
2018,38458,petrol,chennai,hatchback,manual,tata,tiago,1,great,False,498799
2011,80046,petrol,chennai,hatchback,manual,maruti,alto k10,1,good,False,257499
2014,71201,petrol,chennai,sedan,manual,toyota,etios,1,great,False,462199
2013,72342,petrol,chennai,hatchback,automatic,maruti,a star,2,great,False,278999
2017,66343,diesel,chennai,sedan,automatic,maruti,dzire,1,great,False,629999
2013,88137,diesel,chennai,hatchback,manual,maruti,swift,2,great,False,471099
2019,11542,petrol,chennai,suv,,hyundai,venue,1,great,False,1017169
2019,33584,diesel,chennai,sedan,manual,maruti,dzire,1,great,False,741399
2014,73937,petrol,chennai,hatchback,manual,maruti,celerio,1,great,False,361399
2007,71079,petrol,chennai,hatchback,manual,hyundai,santro xing,1,good,False,193999
2013,102130,diesel,chennai,sedan,manual,honda,amaze,1,great,False,409999
2013,75384,diesel,chennai,suv,manual,maruti,ertiga,1,great,False,642499
2018,52781,diesel,chennai,suv,,hyundai,creta,2,great,False,1144227
2013,30470,diesel,chennai,luxury sedan,automatic,bmw,3 series,4,great,False,1357842
2016,71271,diesel,chennai,suv,manual,maruti,ertiga,1,great,False,736799
2013,84015,petrol,chennai,hatchback,manual,maruti,alto 800,3,great,False,233899
2013,92104,petrol,chennai,hatchback,manual,hyundai,i10,2,great,False,336899
2018,71883,diesel,chennai,hatchback,manual,maruti,baleno,2,great,False,584399
2019,15159,diesel,chennai,suv,,maruti,vitara brezza,1,great,False,934399
2015,66632,petrol,chennai,sedan,manual,honda,amaze,1,great,False,442999
2008,106887,petrol,chennai,hatchback,manual,hyundai,i10,1,great,False,191299
2017,64360,diesel,chennai,hatchback,manual,volkswagen,polo,2,great,False,574399
2016,70349,petrol,chennai,sedan,manual,maruti,swift dzire,1,great,False,480699
2016,61676,petrol,chennai,hatchback,manual,maruti,alto k10,1,great,False,329799
2015,86595,diesel,chennai,suv,,mahindra,bolero,1,great,False,583499
2016,91075,diesel,chennai,hatchback,manual,maruti,swift,1,great,False,522899
2017,87760,diesel,chennai,suv,manual,honda,wr-v,1,great,False,713699
2016,89014,diesel,chennai,sedan,automatic,skoda,rapid,1,great,False,658799
2011,105407,petrol,chennai,sedan,manual,toyota,etios,3,great,False,383399
2018,66171,diesel,chennai,sedan,,hyundai,xcent,1,great,False,556399
2019,43569,petrol,chennai,sedan,,maruti,ciaz,1,great,False,930999
2016,84565,diesel,chennai,sedan,manual,skoda,rapid,1,great,False,568699
2016,77847,petrol,chennai,hatchback,manual,hyundai,grand i10,1,great,False,469099
2016,87609,diesel,chennai,hatchback,manual,maruti,swift,1,great,False,556899
2012,90495,diesel,chennai,sedan,automatic,hyundai,verna,1,great,False,536599
2011,114818,diesel,chennai,hatchback,manual,hyundai,i20,3,great,False,254799
2015,76733,petrol,chennai,hatchback,manual,hyundai,elite i20,1,great,False,567699
2015,86119,petrol,chennai,hatchback,manual,maruti,swift,2,great,False,478499
2016,94162,diesel,chennai,sedan,manual,hyundai,verna,1,great,False,698599
2015,95891,diesel,chennai,hatchback,manual,maruti,ritz,1,good,False,438799
2015,79721,petrol,chennai,hatchback,manual,volkswagen,polo,1,great,False,483399
2014,67509,diesel,chennai,luxury suv,,audi,q3,2,great,False,1191293
2014,82553,petrol,chennai,sedan,manual,hyundai,xcent,1,great,False,411699
2018,58696,petrol,chennai,hatchback,manual,maruti,swift,1,great,False,537299
2012,109519,diesel,chennai,luxury sedan,automatic,bmw,5 series,1,great,False,1248762
2017,78579,diesel,chennai,hatchback,manual,maruti,baleno,1,great,False,662799
2009,121488,petrol,chennai,sedan,manual,honda,city,1,great,False,347599
2013,95428,diesel,chennai,sedan,manual,maruti,swift dzire,1,great,False,462999
2013,135725,diesel,chennai,suv,manual,ford,ecosport,1,great,False,469199
2011,123397,diesel,chennai,hatchback,manual,ford,figo,1,good,False,239599
2012,113477,petrol,chennai,sedan,manual,honda,city,1,great,False,446399
2016,77407,diesel,chennai,suv,automatic,hyundai,creta,2,great,False,885099
2014,148169,petrol,chennai,hatchback,manual,hyundai,i10,1,great,False,368699
2015,87729,petrol,chennai,sedan,manual,maruti,swift dzire,1,great,False,521799
2014,106819,diesel,chennai,sedan,manual,honda,amaze,1,great,False,442699
2011,124949,diesel,chennai,suv,manual,toyota,innova,3,great,False,656399
2013,117501,diesel,chennai,hatchback,manual,fiat,grand punto,1,great,False,284399
2015,106311,petrol,chennai,sedan,manual,honda,city,1,great,False,563599
2013,105555,petrol,chennai,sedan,manual,maruti,swift dzire,2,great,False,464499
2010,97104,petrol,chennai,sedan,,honda,city,2,good,False,411499
2015,127636,diesel,chennai,hatchback,manual,hyundai,elite i20,1,great,False,490199
2018,75227,diesel,chennai,suv,manual,ford,ecosport,1,great,False,712199
2011,98754,petrol,chennai,hatchback,manual,hyundai,i10,1,good,False,338899
2015,98291,diesel,chennai,suv,manual,toyota,innova,1,great,False,1151196
2016,103204,diesel,chennai,hatchback,manual,honda,jazz,1,great,False,513699
2013,221916,diesel,chennai,suv,manual,toyota,innova,1,great,False,953699
2014,170685,diesel,chennai,hatchback,manual,volkswagen,polo,2,great,False,363599
2014,94127,diesel,chennai,hatchback,manual,hyundai,elite i20,1,great,False,607499
2014,114075,petrol,chennai,hatchback,manual,maruti,wagon r 1.0,1,great,False,356299
2014,113857,diesel,chennai,suv,manual,renault,duster,2,great,False,559499
2013,119674,diesel,chennai,sedan,manual,maruti,swift dzire,1,great,False,490599
2012,138629,petrol,chennai,hatchback,manual,hyundai,i10,1,great,False,348799
2011,170829,petrol,chennai,hatchback,manual,hyundai,santro xing,1,good,False,250799
2017,123713,diesel,chennai,suv,,hyundai,creta,2,great,False,937899
2016,146889,diesel,chennai,hatchback,manual,maruti,swift,1,great,False,525099
2014,123683,diesel,chennai,suv,manual,toyota,innova,1,great,False,1096757
2013,115703,diesel,chennai,hatchback,manual,hyundai,i20,2,great,False,353499
2016,182203,petrol,chennai,suv,manual,hyundai,creta,1,great,False,614099
2010,323286,diesel,chennai,suv,manual,toyota,innova,1,great,False,704599
2011,148572,petrol,chennai,sedan,manual,honda,city,1,great,False,408799
2014,42128,diesel,chennai,luxury sedan,manual,mercedes benz,a class,3,great,False,917299
2017,212781,diesel,chennai,suv,manual,mahindra,xylo,1,great,False,757099
2014,151297,diesel,chennai,suv,manual,ford,ecosport,1,great,False,424399
2013,199017,diesel,chennai,sedan,manual,maruti,swift dzire,1,great,False,413499
2015,234911,petrol,chennai,sedan,manual,hyundai,xcent,1,great,False,392999
2015,95412,petrol,chennai,hatchback,manual,maruti,alto k10,1,great,False,228299
2019,13058,petrol,chennai,hatchback,,honda,jazz,1,great,False,779299
2016,19025,petrol,chennai,hatchback,manual,toyota,etios liva,1,great,False,486199
2016,26704,petrol,chennai,hatchback,manual,tata,bolt,1,great,False,310199
2013,26489,petrol,chennai,hatchback,manual,maruti,alto 800,1,great,False,251299
2011,9924,petrol,chennai,hatchback,manual,maruti,alto,1,good,False,287499
2020,3604,petrol,chennai,hatchback,,renault,kwid,1,great,False,520499
2010,32553,petrol,chennai,hatchback,manual,hyundai,i10,1,good,False,280599
2018,21672,petrol,chennai,hatchback,manual,hyundai,grand i10,2,great,False,536799
2017,4687,petrol,chennai,,,maruti,omni e,1,great,False,307399
2018,16640,petrol,chennai,hatchback,automatic,maruti,wagon r 1.0,1,great,False,502699
2011,57897,petrol,chennai,hatchback,manual,volkswagen,polo,1,great,False,340999
2016,36992,petrol,chennai,hatchback,manual,maruti,swift,1,great,False,542999
2015,20852,petrol,chennai,hatchback,manual,renault,kwid,1,great,False,319199
2012,40124,petrol,chennai,hatchback,manual,maruti,alto,2,great,False,214399
2014,29878,petrol,chennai,hatchback,manual,maruti,alto 800,1,great,False,264999
2019,4924,petrol,chennai,,,maruti,new  wagon-r,1,great,False,474599
2017,14867,petrol,chennai,,,maruti,omni e,1,great,False,358699
2013,38927,petrol,chennai,hatchback,manual,honda,brio,2,great,False,317199
2014,22373,petrol,chennai,hatchback,manual,hyundai,eon,1,great,False,314799
2016,23713,petrol,chennai,hatchback,,fiat,punto pure ,1,great,False,423599
2011,40146,petrol,chennai,hatchback,manual,maruti,alto,1,great,False,197799
2013,31894,petrol,chennai,hatchback,automatic,hyundai,grand i10,1,great,False,381799
2014,35971,petrol,chennai,hatchback,manual,tata,nano,1,good,False,131099
2019,6840,petrol,chennai,suv,manual,maruti,eeco,1,great,False,486699
2017,30276,petrol,chennai,hatchback,manual,maruti,swift,1,great,False,549999
2016,26280,petrol,chennai,hatchback,manual,hyundai,i10,1,great,False,422499
2016,30672,petrol,chennai,hatchback,manual,maruti,celerio,1,great,False,388099
2013,16288,petrol,chennai,hatchback,manual,maruti,alto k10,2,good,False,312199
2018,6145,petrol,chennai,suv,manual,maruti,eeco,1,great,False,441999
2009,40583,petrol,chennai,hatchback,manual,hyundai,i10,2,great,False,250699
2014,24663,petrol,chennai,hatchback,manual,maruti,wagon r 1.0,1,great,False,393999
2011,22390,petrol,chennai,hatchback,manual,hyundai,santro xing,1,good,False,270699
2016,29906,petrol,chennai,suv,,maruti,eeco,1,great,False,391699
2015,22321,petrol,chennai,hatchback,manual,maruti,alto 800,1,great,False,315899
2016,13660,petrol,chennai,hatchback,,maruti,alto k10,1,great,False,399899
2016,19487,petrol,chennai,hatchback,,maruti,alto k10,1,great,False,390199
2014,33697,petrol,chennai,hatchback,manual,hyundai,i20,2,great,False,452999
2017,20078,petrol,chennai,hatchback,manual,datsun,redi go,1,great,False,266499
2013,27553,petrol,chennai,hatchback,manual,hyundai,i10,1,good,False,387099
2013,51049,petrol,chennai,hatchback,manual,maruti,swift,1,great,False,408099
2017,9545,petrol,chennai,suv,manual,maruti,ertiga,2,great,False,748999
2013,50383,petrol,chennai,hatchback,manual,maruti,swift,2,great,False,415399
2018,15813,petrol,chennai,hatchback,manual,maruti,ignis,1,great,False,535899
2014,21415,petrol,chennai,hatchback,manual,maruti,alto 800,1,great,False,276599
2015,40102,petrol,chennai,hatchback,manual,hyundai,eon,1,great,False,313799
2014,3600,petrol,chennai,hatchback,manual,maruti,swift,1,great,False,466599
2011,62313,diesel,chennai,hatchback,manual,maruti,swift,2,great,False,374199
2013,42818,petrol,chennai,hatchback,manual,maruti,alto 800,2,great,False,250899
2013,52020,diesel,chennai,sedan,manual,maruti,swift dzire,1,great,False,433599
2018,7291,petrol,chennai,hatchback,manual,hyundai,elite i20,1,great,False,643599
2015,24687,petrol,chennai,hatchback,manual,hyundai,elite i20,1,great,False,601599
2014,42714,petrol,chennai,hatchback,manual,tata,bolt,3,great,False,404499
2018,3057,petrol,chennai,hatchback,manual,maruti,alto 800,1,great,False,352799
2016,23374,petrol,chennai,suv,manual,ford,ecosport,2,great,False,642299
2011,43482,petrol,chennai,sedan,manual,hyundai,verna,2,great,False,426799
2015,30005,petrol,chennai,suv,automatic,ford,ecosport,2,great,False,604399
2011,61714,petrol,chennai,hatchback,manual,maruti,ritz,1,great,False,302299
2010,54304,petrol,chennai,hatchback,manual,hyundai,santro xing,2,good,False,272699
2018,21823,petrol,chennai,hatchback,manual,volkswagen,polo,1,great,False,589999
2015,39268,petrol,chennai,hatchback,manual,volkswagen,polo,1,great,False,481899
2019,14298,petrol,chennai,hatchback,manual,volkswagen,polo,1,great,False,659199
2014,41920,petrol,chennai,hatchback,manual,maruti,alto k10,1,great,False,296399
2009,35563,petrol,chennai,hatchback,manual,hyundai,santro xing,2,good,False,226999
2012,52500,petrol,chennai,hatchback,manual,honda,brio,1,great,False,331799
2007,51247,petrol & lpg,chennai,hatchback,manual,maruti,wagon r duo,2,good,False,170899
2014,49631,petrol,chennai,sedan,manual,hyundai,xcent,1,great,False,405299
2015,45929,petrol,chennai,hatchback,manual,maruti,wagon r 1.0,1,great,False,415299
2018,25269,petrol,chennai,hatchback,,renault,kwid,2,great,False,350999
2016,30781,petrol,chennai,sedan,manual,volkswagen,ameo,1,great,False,534899
2017,35555,petrol,chennai,hatchback,manual,honda,jazz,1,great,False,568099
2011,57621,petrol,chennai,hatchback,manual,maruti,alto,2,great,False,254999
2012,46980,petrol,chennai,hatchback,manual,maruti,alto 800,3,great,False,224199
2012,29797,petrol,chennai,hatchback,manual,maruti,alto k10,1,good,False,250899
2011,53637,petrol,chennai,sedan,manual,toyota,etios,1,great,False,378399
2016,31977,petrol,chennai,hatchback,manual,hyundai,eon,1,great,False,338699
2014,63028,petrol,chennai,hatchback,manual,hyundai,i10,1,great,False,347799
2011,60959,petrol,chennai,sedan,automatic,hyundai,verna,1,great,False,465599
2015,32155,petrol,chennai,suv,manual,maruti,ertiga,1,great,False,686199
2016,56335,petrol,chennai,hatchback,manual,honda,brio,1,great,False,403099
2011,58747,petrol,chennai,hatchback,manual,maruti,ritz,1,great,False,283199
2016,19025,diesel,chennai,suv,manual,mahindra,tuv300,1,great,False,720399
2018,20192,petrol,chennai,sedan,manual,ford,figo aspire,1,great,False,622199
2017,68865,petrol,chennai,hatchback,,renault,kwid,1,great,False,346499
2016,41753,diesel,chennai,sedan,manual,maruti,ciaz,2,great,False,535099
2018,23096,petrol,chennai,hatchback,automatic,maruti,swift,1,great,False,644599
2019,8200,petrol,chennai,sedan,manual,honda,amaze,1,great,False,653699
2012,60795,petrol,chennai,hatchback,manual,maruti,wagon r 1.0,1,great,False,310999
2017,38778,petrol,chennai,hatchback,manual,volkswagen,polo,1,great,False,538999
2018,25829,petrol,chennai,hatchback,automatic,maruti,celerio,1,great,False,480199
2013,64452,petrol,chennai,hatchback,manual,volkswagen,polo,1,great,False,430099
2014,43705,petrol,chennai,hatchback,manual,hyundai,eon,1,great,False,295099
2013,57322,petrol,chennai,hatchback,manual,hyundai,eon,1,good,False,277499
2014,43608,petrol,chennai,hatchback,manual,tata,nano,2,good,False,135299
2016,46944,petrol,chennai,hatchback,manual,honda,jazz,1,great,False,501299
2018,20610,petrol,chennai,,,ford,freestyle,1,great,False,613599
2017,40281,petrol,chennai,hatchback,manual,maruti,swift,1,great,False,534699
2012,67338,diesel,chennai,hatchback,manual,maruti,swift,2,great,False,374799
2011,54326,petrol,chennai,hatchback,automatic,hyundai,i10,2,good,False,315999
2012,65228,petrol,chennai,hatchback,manual,hyundai,eon,2,great,False,215799
2010,41284,petrol,chennai,hatchback,manual,hyundai,i10,2,good,False,243399
2013,27165,petrol,chennai,hatchback,manual,ford,figo,1,good,False,323299
2016,37282,petrol,chennai,hatchback,manual,volkswagen,polo,1,great,False,571399
2016,49350,petrol,chennai,hatchback,,maruti,alto k10,3,great,False,383799
2013,67799,petrol,chennai,sedan,automatic,hyundai,verna,2,great,False,464999
2015,57417,petrol,chennai,hatchback,manual,volkswagen,polo,2,great,False,494799
2016,36936,petrol,chennai,hatchback,manual,hyundai,eon,1,good,False,311799
2014,45297,petrol,chennai,hatchback,manual,hyundai,elite i20,2,great,False,492199
2012,71785,petrol,chennai,hatchback,manual,hyundai,eon,2,great,False,237399
2016,48742,diesel,chennai,hatchback,manual,ford,new figo,1,great,False,460599
2010,39550,petrol,chennai,hatchback,manual,hyundai,i10,1,good,False,296199
2014,66729,petrol,chennai,hatchback,manual,maruti,swift,1,great,False,416499
2015,44193,petrol,chennai,hatchback,manual,volkswagen,polo,2,great,False,518599
2013,67474,diesel,chennai,hatchback,manual,maruti,swift,1,great,False,428099
2015,56386,petrol,chennai,hatchback,manual,maruti,wagon r 1.0,1,great,False,363399
2016,42411,petrol,chennai,hatchback,manual,maruti,baleno,1,great,False,573399
2007,49180,petrol,chennai,hatchback,manual,maruti,alto,1,good,False,160599
2017,20478,diesel,chennai,suv,manual,maruti,s cross,1,great,False,770499
2017,44126,petrol,chennai,hatchback,automatic,maruti,wagon r 1.0,2,great,False,391199
2014,43686,petrol,chennai,hatchback,manual,hyundai,eon,2,good,False,272699
2015,59398,petrol,chennai,hatchback,automatic,maruti,celerio,2,great,False,402699
2015,59786,petrol,chennai,hatchback,manual,maruti,wagon r 1.0,2,great,False,359799
2016,49984,diesel,chennai,hatchback,manual,volkswagen,polo,1,great,False,598599
2012,68873,diesel,chennai,sedan,manual,maruti,swift dzire,1,great,False,451099
2019,6240,petrol,chennai,hatchback,manual,maruti,swift,1,great,False,637099
2019,23791,petrol,chennai,suv,manual,maruti,eeco,1,great,False,423199
2018,86881,diesel,chennai,suv,manual,ford,ecosport,1,great,False,764199
2017,47186,petrol,chennai,hatchback,manual,maruti,baleno,2,great,False,576999
2014,63424,diesel,chennai,hatchback,manual,fiat,grand punto,2,great,False,289599
2011,74931,diesel,chennai,hatchback,manual,hyundai,i20,2,great,False,338299
2018,34144,petrol,chennai,suv,manual,maruti,eeco,1,great,False,388099
2014,62813,petrol,chennai,sedan,manual,tata,zest,1,great,False,345999
2015,67909,petrol,chennai,suv,automatic,ford,ecosport,1,great,False,590299
2019,9850,petrol,chennai,hatchback,,hyundai,grand i10 nios,1,great,False,697599
2017,58193,petrol,chennai,hatchback,manual,hyundai,elite i20,1,great,False,587299
2019,16519,petrol,chennai,hatchback,manual,honda,jazz,1,great,False,698799
2012,50019,petrol,chennai,hatchback,manual,volkswagen,polo,2,good,False,381699
2016,51487,petrol,chennai,hatchback,manual,maruti,swift,1,great,False,535399
2017,45633,diesel,chennai,suv,manual,honda,wr-v,1,great,False,723799
2017,37958,diesel,chennai,suv,manual,maruti,ertiga,1,great,False,887699
2013,76180,petrol,chennai,hatchback,manual,hyundai,grand i10,1,great,False,373899
2018,47876,diesel,chennai,suv,,hyundai,creta,1,great,False,1159680
2017,50239,diesel,chennai,luxury suv,,mahindra,xuv500,1,great,False,1282496
2009,71005,petrol,chennai,hatchback,manual,hyundai,i10,1,good,False,248999
2013,85672,diesel,chennai,sedan,manual,maruti,swift dzire,2,great,False,420399
2019,31567,petrol,chennai,hatchback,manual,maruti,celerio,1,great,False,491899
2016,61435,petrol,chennai,hatchback,manual,maruti,baleno,1,great,False,557399
2010,69119,petrol,chennai,hatchback,manual,hyundai,i10,1,great,False,255299
2018,38836,petrol,chennai,sedan,manual,hyundai,xcent,1,great,False,483299
2017,15074,diesel,chennai,suv,manual,maruti,ertiga,1,great,False,928999
2018,20045,diesel,chennai,suv,manual,mahindra,tuv300,1,great,False,774299
2017,55478,diesel,chennai,sedan,manual,maruti,dzire,1,great,False,626999
2016,62482,diesel,chennai,suv,manual,maruti,vitara brezza,1,great,False,738199
2011,90676,petrol & lpg,chennai,hatchback,manual,hyundai,santro xing,2,great,False,209099
2014,83373,diesel,chennai,sedan,manual,honda,amaze,1,great,False,453299
2014,71339,diesel,chennai,hatchback,manual,hyundai,i20,1,great,False,400799
2015,59361,petrol,chennai,sedan,manual,maruti,ciaz,2,great,False,569399
2015,69737,diesel,chennai,hatchback,manual,hyundai,elite i20,1,great,False,593599
2016,53618,petrol,chennai,luxury suv,,mercedes benz,gla class,1,great,False,1838905
2010,77577,petrol,chennai,hatchback,manual,ford,figo,3,good,False,222199
2014,110322,petrol,chennai,hatchback,manual,hyundai,grand i10,1,great,False,376499
2018,35831,diesel,chennai,hatchback,automatic,maruti,swift,1,great,False,720199
2019,23584,petrol,chennai,sedan,,honda,civic,1,great,False,1830522
2013,62306,petrol,chennai,hatchback,manual,hyundai,eon,1,good,False,283899
2013,68748,petrol,chennai,hatchback,manual,maruti,alto k10,1,great,False,282299
2015,60375,petrol,chennai,hatchback,automatic,nissan,micra,1,great,False,464599
2017,87908,diesel,chennai,sedan,manual,maruti,ciaz,1,great,False,632599
2018,54187,petrol,chennai,hatchback,manual,hyundai,grand i10,1,great,False,546199
2017,59374,diesel,chennai,luxury suv,,mahindra,xuv500,1,great,False,1322795
2017,82239,petrol,chennai,hatchback,manual,maruti,wagon r 1.0,1,great,False,436699
2015,78971,petrol,chennai,hatchback,manual,hyundai,elite i20,3,great,False,559799
2012,107029,diesel,chennai,hatchback,manual,toyota,etios liva,1,great,False,383599
2017,24303,diesel,chennai,luxury suv,manual,jeep,compass,1,great,False,1576608
2018,36968,diesel,chennai,sedan,automatic,skoda,rapid,1,great,False,951499
2009,60648,petrol,chennai,hatchback,manual,hyundai,i10,1,good,False,249599
2015,95763,diesel,chennai,sedan,,maruti,swift dzire,1,great,False,557599
2015,95389,petrol,chennai,sedan,manual,maruti,swift dzire,1,great,False,523199
2016,82252,diesel,chennai,suv,manual,mahindra,tuv300,1,great,False,646899
2016,76727,petrol,chennai,suv,manual,hyundai,creta,1,great,False,789299
2015,80720,petrol,chennai,hatchback,manual,volkswagen,polo,2,great,False,436599
2016,59197,petrol,chennai,hatchback,manual,maruti,alto 800,1,great,False,313599
2015,64404,petrol,chennai,hatchback,automatic,maruti,celerio,1,great,False,394999
2016,89541,petrol,chennai,hatchback,manual,renault,kwid,1,great,False,322199
2017,56527,petrol,chennai,hatchback,manual,hyundai,grand i10,1,great,False,493699
2015,81461,petrol,chennai,hatchback,automatic,honda,jazz,2,great,False,499099
2017,93258,diesel,chennai,sedan,manual,maruti,ciaz,1,great,False,647299
2013,84775,petrol,chennai,sedan,manual,maruti,swift dzire,1,great,False,473099
2013,102496,diesel,chennai,hatchback,manual,volkswagen,polo,2,great,False,356099
2017,48014,petrol,chennai,sedan,manual,volkswagen,ameo,1,great,False,498099
2018,89421,diesel,chennai,suv,,mahindra,tuv300,1,great,False,771699
2015,89101,petrol,chennai,hatchback,manual,maruti,celerio,2,great,False,350599
2012,78770,petrol,chennai,hatchback,manual,hyundai,santro xing,1,good,False,302999
2012,87280,petrol,chennai,hatchback,manual,maruti,alto,1,great,False,257599
2015,65160,diesel,chennai,hatchback,manual,maruti,swift,2,great,False,493399
2013,115148,diesel,chennai,sedan,manual,nissan,sunny,2,good,False,371599
2013,93141,diesel,chennai,hatchback,manual,maruti,swift,1,great,False,463399
2016,97408,diesel,chennai,suv,manual,ford,ecosport,1,great,False,645199
2012,107965,diesel,chennai,hatchback,manual,chevrolet,beat,1,good,False,194499
2015,97862,diesel,chennai,suv,manual,ford,ecosport,1,great,False,669399
2017,97959,diesel,chennai,suv,,hyundai,creta,1,great,False,973299
2016,72447,petrol,chennai,hatchback,manual,honda,jazz,1,great,False,541799
2016,83813,diesel,chennai,suv,manual,maruti,vitara brezza,1,great,False,641599
2008,120047,petrol,chennai,sedan,manual,hyundai,verna,3,good,False,224599
2014,135385,petrol,chennai,suv,automatic,ford,ecosport,1,great,False,560199
2015,105026,petrol,chennai,sedan,manual,maruti,swift dzire,1,great,False,505199
2013,99401,diesel,chennai,hatchback,manual,maruti,swift,1,great,False,403599
2014,136962,petrol,chennai,hatchback,automatic,maruti,celerio,2,great,True,300699
2015,97040,diesel,chennai,sedan,,maruti,swift dzire,1,great,False,497499
2015,97612,diesel,chennai,hatchback,manual,fiat,punto evo,2,great,False,412199
2013,162017,diesel,chennai,sedan,manual,maruti,swift dzire,1,great,False,439299
2011,124307,diesel,chennai,hatchback,manual,hyundai,i20,1,good,False,381299
2014,114802,diesel,chennai,hatchback,manual,fiat,grand punto,1,great,False,348499
2015,119269,diesel,chennai,sedan,manual,honda,city,1,great,False,616299
2013,206085,diesel,chennai,sedan,manual,maruti,swift dzire,1,great,False,397599
2011,101176,diesel,chennai,hatchback,manual,hyundai,i20,1,good,False,453499
2016,276979,diesel,chennai,suv,manual,toyota,innova crysta,1,great,False,1651853
2012,152232,diesel,chennai,hatchback,manual,ford,figo,1,good,False,278599
2016,127733,petrol,chennai,suv,,hyundai,creta,1,great,False,808599
2015,124096,petrol,chennai,suv,automatic,ford,ecosport,1,great,False,625299
2011,13018,petrol,chennai,hatchback,manual,hyundai,i10,1,great,False,330999
2010,33888,petrol,chennai,hatchback,manual,maruti,alto k10,1,good,False,240999
2015,37686,petrol,chennai,hatchback,manual,maruti,swift,2,great,False,395399
2020,5770,petrol,chennai,,,hyundai,new santro,1,great,False,518999
2018,16410,petrol,chennai,hatchback,manual,renault,kwid,1,great,False,397799
2014,11787,petrol,chennai,hatchback,manual,maruti,alto 800,1,great,False,271599
2010,38626,petrol,chennai,hatchback,manual,maruti,ritz,2,great,False,276799
2011,23371,petrol,chennai,hatchback,manual,maruti,alto k10,1,great,False,220799
2017,21745,petrol,chennai,hatchback,manual,maruti,alto 800,1,great,False,277299
2010,48408,petrol,chennai,hatchback,manual,maruti,wagon r,2,great,False,206199
2013,17849,petrol,chennai,hatchback,manual,maruti,alto 800,1,great,False,242799
2015,31661,petrol,chennai,hatchback,manual,hyundai,eon,1,great,False,297499
2014,44102,diesel,chennai,suv,manual,chevrolet,enjoy,1,great,False,399299
2015,21098,petrol,chennai,hatchback,manual,maruti,celerio,1,great,False,396999
2014,36723,petrol,chennai,hatchback,manual,hyundai,grand i10,1,great,False,399199
2009,43762,petrol,chennai,sedan,manual,maruti,swift dzire,1,great,False,320099
2014,40988,petrol,chennai,sedan,manual,hyundai,xcent,1,great,False,414399
2019,13065,petrol,chennai,hatchback,,tata,tiago,1,great,False,584999
2015,36415,diesel,chennai,hatchback,manual,fiat,punto evo,1,great,False,368399
2015,21105,petrol,chennai,hatchback,manual,renault,kwid,1,great,False,317999
2014,37037,diesel,chennai,suv,manual,mahindra,bolero,1,great,False,563499
2010,49122,petrol,chennai,hatchback,manual,hyundai,i10,1,good,False,282599
2017,16798,petrol,chennai,hatchback,,maruti,ignis,1,great,False,510599
2017,13977,petrol,chennai,hatchback,manual,maruti,ignis,1,great,False,464199
2020,9375,petrol,chennai,suv,manual,maruti,eeco,1,great,False,467999
2016,14114,petrol,chennai,sedan,manual,honda,amaze,1,great,False,498399
2019,5959,petrol,chennai,hatchback,automatic,maruti,celerio,1,great,False,493999
2019,5841,petrol,chennai,suv,,maruti,xl6,1,great,False,925899
2018,20861,petrol,chennai,suv,,ford,ecosport,2,great,False,598699
2012,70398,petrol,chennai,hatchback,manual,honda,brio,1,great,False,325299
2018,5128,petrol,chennai,hatchback,manual,toyota,etios liva,1,great,False,533499
2017,36088,diesel,chennai,hatchback,manual,ford,new figo,1,great,False,537699
2017,35118,petrol,chennai,hatchback,manual,maruti,swift,1,great,False,498399
2009,50928,petrol & lpg,chennai,hatchback,manual,maruti,wagon r duo,3,good,False,247899
2018,27374,diesel,chennai,suv,manual,honda,wr-v,2,great,False,819499
2019,5690,diesel,chennai,suv,automatic,maruti,vitara brezza,1,great,False,959699
2010,70261,petrol,chennai,hatchback,manual,hyundai,i20,1,great,False,264699
2019,12718,diesel,chennai,sedan,manual,honda,amaze,1,great,False,820699
2016,48842,petrol,chennai,suv,manual,maruti,ertiga,1,great,False,687099
2011,66532,petrol,chennai,hatchback,manual,ford,figo,1,good,False,248999
2014,48862,petrol,chennai,luxury sedan,manual,skoda,superb,2,great,False,771999
2013,68214,petrol,chennai,luxury sedan,manual,toyota,corolla altis,1,great,False,492899
2015,93564,diesel,chennai,hatchback,manual,maruti,swift,1,great,False,496999
2015,78951,diesel,chennai,suv,manual,renault,lodgy,1,great,False,490399
2018,67331,diesel,chennai,,,ford,freestyle,1,great,False,570699
2017,52374,diesel,chennai,luxury suv,manual,mahindra,xuv500,1,great,False,940899
2018,47889,petrol,chennai,,,ford,freestyle,1,great,False,517599
2012,82297,diesel,chennai,suv,manual,maruti,ertiga,1,great,False,566699
2016,72251,diesel,chennai,suv,manual,renault,duster,1,great,False,605399
2013,80190,diesel,chennai,suv,manual,mahindra,xylo,1,great,False,558099
2018,73225,diesel,chennai,sedan,automatic,hyundai,verna,1,great,False,858099
2018,57681,diesel,chennai,hatchback,manual,maruti,swift,1,great,False,608099
2014,99376,diesel,chennai,suv,manual,nissan,terrano,1,great,False,436099
2014,72910,petrol,chennai,sedan,manual,honda,city,1,great,False,631299
2018,96286,petrol,chennai,sedan,manual,hyundai,xcent,1,great,False,471699
2014,91682,petrol,chennai,sedan,manual,honda,amaze,1,great,False,380099
2012,99488,diesel,chennai,luxury suv,automatic,bmw,x1,2,great,False,850299
2017,112774,diesel,chennai,suv,,hyundai,creta,1,great,False,954499
2014,100975,diesel,chennai,sedan,manual,volkswagen,vento,2,great,False,375699
2011,29962,petrol,chennai,sedan,manual,hyundai,verna,3,good,False,310000
2011,73991,diesel,chennai,sedan,manual,mahindra renault,logan,1,,False,500000
2018,15827,petrol,chennai,,,hyundai,new santro,1,great,False,449899
2018,2077,petrol,chennai,,,hyundai,new santro,2,great,False,441899
2011,30811,petrol,chennai,hatchback,manual,volkswagen,polo,1,good,False,329299
2010,29663,petrol,chennai,hatchback,manual,maruti,ritz,1,good,False,292099
2017,9596,petrol,chennai,hatchback,manual,hyundai,eon,2,great,False,330799
2017,26077,diesel,chennai,hatchback,manual,volkswagen,polo,1,great,False,590499
2020,11331,petrol,chennai,hatchback,manual,maruti,swift,1,great,False,583199
2014,33836,petrol,chennai,sedan,automatic,honda,city,1,great,False,617199
2008,89867,petrol,chennai,hatchback,manual,hyundai,santro xing,1,great,False,152199
2021,5401,petrol,chennai,suv,,maruti,ertiga,1,great,False,1060498
2017,41725,petrol,chennai,hatchback,automatic,volkswagen,polo,1,great,False,684499
2008,70723,petrol,chennai,hatchback,manual,maruti,wagon r,1,great,False,193099
2018,38082,diesel,chennai,suv,automatic,tata,hexa,1,great,False,1055145
2013,75237,diesel,chennai,suv,manual,renault,duster,1,great,False,485299
2016,79207,diesel,chennai,luxury suv,manual,mercedes benz,gla class,1,great,False,1625997
1996,24245,petrol,chennai,sedan,manual,opel,astra,1,overpriced,False,24000
2012,120262,diesel,chennai,hatchback,manual,chevrolet,beat,2,overpriced,False,175000
2006,72434,petrol,chennai,,,honda,city zx,2,great,False,101000
2014,98516,diesel,chennai,sedan,manual,honda,city,1,good,False,520000
2016,63414,diesel,chennai,suv,manual,maruti,vitara brezza,1,good,False,600000
2007,90047,petrol,chennai,hatchback,manual,hyundai,i10,2,great,False,128000
2014,34341,petrol,chennai,sedan,manual,hyundai,xcent,2,fair,False,400000
2008,82471,petrol,chennai,sedan,manual,chevrolet,optra magnum,3,overpriced,False,170000
2004,96791,petrol,chennai,suv,manual,mahindra,scorpio,3,fair,False,150000
2009,61304,diesel,chennai,hatchback,manual,maruti,ritz,2,good,False,250000
2015,26739,diesel,kolkata,hatchback,manual,maruti,celerio,2,great,False,315299
2017,13081,petrol,kolkata,hatchback,manual,maruti,alto 800,1,great,False,244999
2020,2843,petrol,kolkata,hatchback,manual,maruti,celerio,1,great,False,474999
2012,44803,petrol,kolkata,hatchback,manual,honda,brio,2,good,False,231099
2019,11695,petrol,kolkata,hatchback,manual,maruti,alto 800,1,great,False,347599
2018,2216,petrol,kolkata,hatchback,manual,datsun,redi go,1,good,False,278499
2017,36603,petrol,kolkata,hatchback,manual,renault,kwid,1,great,False,305199
2010,33653,petrol,kolkata,hatchback,manual,maruti,alto k10,1,good,False,214099
2016,56641,diesel,kolkata,hatchback,manual,hyundai,grand i10,1,great,False,361799
2016,16014,petrol,kolkata,hatchback,manual,hyundai,i10,1,good,False,300000
2012,55945,petrol,kolkata,hatchback,manual,chevrolet,beat,2,great,False,113124
2017,50119,diesel,kolkata,suv,manual,ford,ecosport,1,great,True,600000
2007,90265,diesel,kolkata,hatchback,manual,maruti,swift,3,good,False,130000
2017,4748,petrol,kolkata,hatchback,automatic,renault,kwid,1,great,False,348899
2018,8015,petrol,kolkata,hatchback,automatic,maruti,swift,1,great,False,551399
2001,72000,petrol,kolkata,hatchback,,maruti,wagon r,2,,False,38000
2010,54757,petrol,kolkata,hatchback,manual,hyundai,i20,2,great,False,160000
2010,70410,petrol,kolkata,sedan,manual,honda,city,3,good,False,225000
2014,61643,diesel,kolkata,sedan,manual,honda,city,3,good,True,500000
2006,26500,petrol,kolkata,hatchback,manual,maruti,wagon r,1,overpriced,False,100000
2016,57828,diesel,kolkata,suv,manual,maruti,s cross,1,great,False,550000
2012,23782,diesel,kolkata,luxury sedan,automatic,bmw,3 series,2,good,False,1200000
2016,33130,diesel,kolkata,suv,manual,hyundai,creta,1,good,False,850000
2020,3128,petrol,ahmedabad,hatchback,manual,maruti,ignis,1,great,False,522399
2019,11249,petrol & cng,ahmedabad,suv,manual,maruti,eeco,1,great,False,479799
2017,19164,petrol,ahmedabad,hatchback,automatic,maruti,ignis,2,great,False,511999
2020,749,petrol,ahmedabad,suv,manual,maruti,eeco,1,great,False,521399
2020,16113,petrol,ahmedabad,hatchback,manual,maruti,alto,1,great,False,342599
2020,2016,petrol,ahmedabad,hatchback,manual,maruti,alto,1,great,False,363399
2017,12252,petrol & cng,ahmedabad,suv,manual,maruti,eeco,1,great,False,425999
2019,7190,petrol & cng,ahmedabad,suv,manual,maruti,eeco,1,great,False,449799
2019,4075,petrol,ahmedabad,suv,manual,maruti,eeco,1,great,False,486899
2018,6076,petrol,ahmedabad,hatchback,manual,datsun,redi go,1,great,False,310199
2017,22167,petrol,ahmedabad,hatchback,manual,maruti,alto k10,2,great,False,324899
2019,18973,petrol,ahmedabad,suv,manual,maruti,eeco,1,great,False,484399
2017,21069,petrol,ahmedabad,hatchback,manual,hyundai,eon,2,great,False,323599
2013,59152,petrol,ahmedabad,sedan,manual,hyundai,verna,1,great,False,451099
2013,30947,petrol,ahmedabad,hatchback,manual,hyundai,i10,3,good,False,290199
2018,8329,petrol,ahmedabad,hatchback,manual,maruti,alto 800,1,great,False,321299
2012,37639,petrol,ahmedabad,hatchback,manual,hyundai,santro xing,2,good,False,272099
2017,26224,petrol,ahmedabad,hatchback,automatic,maruti,wagon r 1.0,1,great,False,412999
2018,11798,petrol,ahmedabad,hatchback,manual,maruti,alto 800,1,great,False,353899
2018,16565,petrol,ahmedabad,hatchback,manual,maruti,alto 800,1,great,False,332399
2016,12785,petrol,ahmedabad,hatchback,manual,hyundai,grand i10,1,great,False,462899
2012,29442,petrol,ahmedabad,hatchback,manual,maruti,wagon r 1.0,3,good,False,277799
2017,22972,petrol & cng,ahmedabad,hatchback,,datsun,redi go,1,good,False,273199
2009,37821,petrol,ahmedabad,hatchback,manual,hyundai,i20,2,great,False,278499
2019,17803,petrol,ahmedabad,hatchback,manual,hyundai,grand i10,1,great,False,573999
2016,13123,petrol,ahmedabad,sedan,manual,hyundai,xcent,1,great,False,532399
2020,1297,petrol,ahmedabad,hatchback,manual,maruti,alto,1,great,False,370099
2018,20891,diesel,ahmedabad,suv,manual,maruti,vitara brezza,1,great,False,771899
2019,16133,petrol,ahmedabad,hatchback,manual,renault,kwid,1,great,False,391599
2019,10491,petrol,ahmedabad,hatchback,manual,maruti,baleno,1,great,False,659699
2014,53352,petrol,ahmedabad,hatchback,manual,maruti,alto 800,1,great,False,211199
2013,69132,petrol,ahmedabad,sedan,manual,maruti,swift dzire,2,great,False,389299
2019,51484,petrol & cng,ahmedabad,suv,manual,maruti,eeco,1,great,False,484899
2014,45422,petrol,ahmedabad,hatchback,manual,maruti,swift,2,great,False,463199
2015,41858,petrol,ahmedabad,hatchback,automatic,maruti,celerio,2,great,False,364399
2017,22591,diesel,ahmedabad,sedan,manual,maruti,dzire,1,great,False,713199
2015,51275,petrol,ahmedabad,hatchback,manual,hyundai,grand i10,1,great,False,426799
2019,28082,petrol,ahmedabad,hatchback,manual,maruti,baleno,1,great,False,611699
2013,47868,petrol,ahmedabad,sedan,manual,honda,city,1,great,False,473199
2015,69935,petrol,ahmedabad,hatchback,manual,hyundai,grand i10,2,great,False,382599
2018,58405,petrol,ahmedabad,suv,manual,maruti,eeco,1,great,False,417499
2017,43691,petrol,ahmedabad,hatchback,manual,hyundai,grand i10,1,great,False,461699
2012,58560,petrol & cng,ahmedabad,hatchback,manual,maruti,alto k10,1,good,False,211699
2014,78372,petrol & cng,ahmedabad,suv,manual,maruti,eeco,1,great,False,223499
2016,25643,diesel,ahmedabad,suv,manual,maruti,vitara brezza,1,great,False,810999
2019,22474,petrol,ahmedabad,hatchback,,hyundai,elite i20,2,great,False,664899
2013,51970,petrol,ahmedabad,hatchback,manual,maruti,alto 800,2,good,False,236499
2013,89350,diesel,ahmedabad,hatchback,manual,maruti,swift,1,great,False,351599
2017,87233,petrol,ahmedabad,hatchback,manual,maruti,swift,1,great,False,511899
2017,38764,petrol,ahmedabad,hatchback,manual,hyundai,grand i10,1,great,False,497099
2018,43092,petrol & cng,ahmedabad,suv,manual,maruti,eeco,1,great,False,421399
2017,48530,diesel,ahmedabad,suv,,mahindra,scorpio,1,great,False,871399
2019,8322,petrol,ahmedabad,suv,,hyundai,venue,1,great,False,971999
2018,72413,diesel,ahmedabad,suv,manual,maruti,vitara brezza,1,great,False,740199
2018,31297,diesel,ahmedabad,suv,,maruti,s cross,1,great,False,881099
2019,62744,diesel,ahmedabad,suv,,mahindra,xuv 3oo,1,great,False,842999
2011,96602,petrol,ahmedabad,hatchback,manual,hyundai,i10,1,great,False,250299
2018,45006,diesel,ahmedabad,hatchback,manual,maruti,swift,1,great,False,573099
2019,60569,diesel,ahmedabad,luxury suv,manual,jeep,compass,1,great,False,1459751
2018,52306,diesel,ahmedabad,suv,manual,maruti,vitara brezza,1,great,False,791799
2019,69221,petrol & cng,ahmedabad,suv,manual,maruti,eeco,1,great,False,467299
2019,52649,diesel,ahmedabad,suv,,hyundai,creta,1,great,False,1379153
2011,103452,petrol,ahmedabad,sedan,manual,hyundai,verna,2,good,False,383099
2015,92396,diesel,ahmedabad,hatchback,manual,maruti,swift,2,great,False,419099
2011,129814,petrol,ahmedabad,hatchback,manual,hyundai,i10,3,good,False,250199
2010,200273,petrol,ahmedabad,sedan,manual,honda,city,1,great,False,348799
2017,16537,petrol,ahmedabad,hatchback,manual,hyundai,grand i10,1,great,False,483299
2017,21706,petrol,ahmedabad,suv,manual,honda,br-v,1,great,True,668699
2012,48098,petrol,ahmedabad,hatchback,manual,maruti,alto k10,1,great,False,186099
2020,7679,petrol,ahmedabad,hatchback,manual,maruti,celerio,1,great,False,453499
2015,26213,petrol,ahmedabad,suv,manual,maruti,eeco,1,great,False,308299
2019,2426,petrol,ahmedabad,suv,manual,maruti,eeco,1,great,False,491899
2013,30090,petrol,ahmedabad,hatchback,manual,hyundai,eon,2,great,False,210999
2020,6081,petrol,ahmedabad,hatchback,manual,maruti,baleno,1,great,False,662699
2012,39510,petrol,ahmedabad,hatchback,manual,hyundai,i20,1,great,False,358099
2018,11519,petrol,ahmedabad,hatchback,manual,hyundai,grand i10,1,great,False,418999
2016,22961,petrol,ahmedabad,hatchback,automatic,tata,nano,1,good,False,167399
2015,40381,petrol,ahmedabad,hatchback,manual,hyundai,eon,2,great,False,222299
2019,5523,petrol,ahmedabad,hatchback,manual,maruti,alto,1,great,False,345699
2020,1584,petrol,ahmedabad,hatchback,manual,maruti,ignis,1,great,False,484199
2015,13593,petrol,ahmedabad,hatchback,manual,hyundai,eon,2,great,False,239799
2017,14148,petrol,ahmedabad,hatchback,manual,honda,brio,1,great,False,371999
2011,45955,petrol,ahmedabad,hatchback,manual,maruti,wagon r 1.0,1,great,False,229099
2019,8199,petrol,ahmedabad,hatchback,manual,maruti,alto 800,1,great,False,345999
2014,23822,petrol,ahmedabad,sedan,manual,maruti,swift dzire,2,great,False,459399
2013,23870,petrol,ahmedabad,hatchback,manual,hyundai,eon,1,good,False,236599
2020,5491,petrol,ahmedabad,hatchback,,hyundai,grand i10 nios,1,great,False,616799
2018,23916,petrol,ahmedabad,hatchback,manual,hyundai,grand i10,2,great,False,483299
2019,12741,petrol,ahmedabad,hatchback,manual,maruti,baleno,1,great,False,653499
2012,53944,petrol,ahmedabad,hatchback,manual,hyundai,i10,3,great,False,242999
2017,33084,petrol,ahmedabad,hatchback,manual,maruti,alto 800,2,great,False,272299
2018,21137,petrol,ahmedabad,hatchback,manual,maruti,baleno,2,great,False,562399
2017,18233,petrol,ahmedabad,hatchback,manual,hyundai,grand i10,1,great,False,495099
2013,53082,petrol,ahmedabad,hatchback,manual,hyundai,i10,1,great,False,283099
2013,38823,petrol,ahmedabad,hatchback,manual,hyundai,i10,2,great,False,293699
2017,25918,diesel,ahmedabad,sedan,manual,maruti,dzire,1,great,False,578999
2017,28941,petrol,ahmedabad,hatchback,manual,hyundai,grand i10,1,great,False,471199
2020,1287,petrol,ahmedabad,hatchback,manual,maruti,alto,1,great,False,403299
2018,14861,petrol,ahmedabad,sedan,manual,maruti,dzire,1,great,False,607399
2012,44958,petrol,ahmedabad,hatchback,manual,hyundai,i10,3,good,False,247499
2018,26777,diesel,ahmedabad,hatchback,manual,maruti,baleno,1,great,False,686199
2014,49840,petrol,ahmedabad,hatchback,manual,hyundai,eon,1,great,False,219399
2019,9295,petrol,ahmedabad,hatchback,manual,hyundai,grand i10,1,great,False,490399
2019,20213,petrol,ahmedabad,hatchback,manual,maruti,alto,1,great,False,311999
2017,17913,petrol,ahmedabad,suv,manual,maruti,eeco,1,great,False,424399
2015,47171,diesel,ahmedabad,hatchback,manual,hyundai,elite i20,1,great,False,451699
2018,26660,petrol,ahmedabad,hatchback,automatic,renault,kwid,1,great,False,345699
2018,13445,petrol,ahmedabad,sedan,,honda,amaze,1,great,False,651999
2017,13446,petrol,ahmedabad,hatchback,manual,hyundai,eon,1,great,False,304199
2017,33795,petrol,ahmedabad,hatchback,manual,renault,kwid,1,great,False,276399
2018,15030,petrol,ahmedabad,hatchback,automatic,renault,kwid,1,great,False,320899
2013,29988,petrol,ahmedabad,hatchback,manual,hyundai,i20,1,great,False,393099
2017,32883,petrol,ahmedabad,suv,manual,maruti,eeco,1,great,False,389199
2018,22584,petrol,ahmedabad,hatchback,manual,maruti,alto 800,1,great,False,301999
2013,50888,petrol,ahmedabad,hatchback,manual,maruti,alto 800,1,great,False,203899
2020,11292,petrol,ahmedabad,sedan,,hyundai,aura,1,great,False,610499
2016,53223,petrol,ahmedabad,hatchback,manual,renault,kwid,2,great,False,219999
2017,35612,petrol & cng,ahmedabad,suv,manual,maruti,eeco,1,great,False,394299
2015,48569,petrol,ahmedabad,hatchback,manual,hyundai,elite i20,1,great,False,452399
2018,9230,petrol,ahmedabad,hatchback,manual,hyundai,grand i10,1,great,False,488999
2013,50191,petrol,ahmedabad,hatchback,manual,hyundai,i20,2,great,False,371499
2017,42109,petrol,ahmedabad,hatchback,manual,maruti,wagon r 1.0,1,great,False,390599
2014,31115,petrol,ahmedabad,hatchback,manual,maruti,alto 800,2,good,False,238399
2018,13579,diesel,ahmedabad,sedan,manual,maruti,dzire,1,great,False,628299
2015,44173,petrol,ahmedabad,hatchback,manual,hyundai,grand i10,1,great,False,473799
2014,53089,diesel,ahmedabad,sedan,manual,maruti,swift dzire,1,great,False,427699
2019,14436,petrol,ahmedabad,hatchback,manual,maruti,alto 800,1,great,False,345699
2013,60652,petrol,ahmedabad,hatchback,manual,maruti,swift,2,great,False,351399
2014,51537,petrol,ahmedabad,hatchback,automatic,nissan,micra,1,great,False,320999
2014,64081,petrol,ahmedabad,hatchback,manual,hyundai,grand i10,1,great,False,402699
2018,19510,petrol,ahmedabad,hatchback,manual,hyundai,grand i10,1,great,False,553699
2017,31261,petrol,ahmedabad,suv,manual,honda,wr-v,2,great,False,650399
2012,83950,petrol,ahmedabad,hatchback,manual,maruti,alto k10,3,great,False,166799
2015,27189,petrol,ahmedabad,sedan,manual,maruti,swift dzire,2,great,False,508399
2017,2556,petrol,ahmedabad,hatchback,manual,hyundai,grand i10,1,great,False,538599
2018,23354,petrol,ahmedabad,hatchback,manual,maruti,alto 800,1,great,False,317499
2013,53862,petrol,ahmedabad,hatchback,manual,maruti,wagon r 1.0,1,great,False,294199
2018,18489,petrol,ahmedabad,hatchback,manual,hyundai,grand i10,1,great,False,510999
2014,59258,petrol,ahmedabad,hatchback,manual,hyundai,i10,1,great,False,306999
2014,52070,petrol,ahmedabad,sedan,manual,hyundai,xcent,1,great,False,401999
2017,31125,diesel,ahmedabad,sedan,manual,maruti,ciaz,2,great,False,675099
2011,69373,petrol,ahmedabad,hatchback,manual,hyundai,i10,2,great,False,204099
2011,119324,petrol,ahmedabad,hatchback,manual,hyundai,i20,3,great,False,222799
2010,59608,petrol,ahmedabad,hatchback,manual,hyundai,i10,1,great,False,231799
2019,17155,petrol,ahmedabad,hatchback,manual,maruti,swift,1,great,False,578499
2018,27796,petrol,ahmedabad,hatchback,manual,renault,kwid,1,great,False,334499
2017,38858,petrol,ahmedabad,hatchback,automatic,renault,kwid,1,great,False,315699
2014,58441,petrol,ahmedabad,hatchback,manual,maruti,alto 800,2,great,False,205199
2017,51926,petrol,ahmedabad,hatchback,manual,maruti,baleno,1,great,False,419499
2019,26718,petrol & cng,ahmedabad,suv,manual,maruti,eeco,1,great,False,462799
2018,49971,diesel,ahmedabad,hatchback,manual,hyundai,grand i10,2,great,False,431699
2009,83125,petrol,ahmedabad,sedan,manual,maruti,swift dzire,1,good,False,255499
2015,46375,petrol,ahmedabad,hatchback,manual,hyundai,grand i10,1,great,False,449499
2017,58554,petrol,ahmedabad,hatchback,manual,datsun,redi go,1,great,False,209599
2018,35284,petrol & cng,ahmedabad,hatchback,manual,maruti,alto 800,1,great,False,321199
2014,66650,petrol,ahmedabad,sedan,manual,maruti,swift dzire,1,great,False,433399
2013,90168,petrol,ahmedabad,hatchback,manual,hyundai,i20,1,great,False,367299
2016,57525,diesel,ahmedabad,hatchback,manual,hyundai,grand i10,1,great,False,395699
2018,23669,petrol,ahmedabad,sedan,manual,toyota,yaris,1,great,False,819299
2019,6880,diesel,ahmedabad,suv,manual,toyota,innova crysta,1,great,False,1978184
2018,33780,petrol,ahmedabad,suv,,honda,wr-v,1,great,False,654899
2017,52328,diesel,ahmedabad,luxury suv,manual,jeep,compass,1,great,False,1423492
2017,36847,petrol,ahmedabad,hatchback,manual,maruti,baleno,1,great,False,527699
2010,77934,petrol,ahmedabad,sedan,manual,honda,accord,2,great,False,338199
2015,72209,diesel,ahmedabad,hatchback,manual,maruti,swift,2,great,False,445799
2011,102591,petrol & cng,ahmedabad,sedan,manual,hyundai,accent,3,great,False,238799
2017,74816,petrol & cng,ahmedabad,suv,manual,maruti,eeco,1,great,False,386699
2016,68900,petrol,ahmedabad,hatchback,manual,maruti,swift,1,great,False,468499
2015,66664,petrol,ahmedabad,hatchback,manual,maruti,swift,1,great,False,432499
2019,47259,petrol & cng,ahmedabad,suv,manual,maruti,eeco,1,great,False,455499
2019,19006,petrol,ahmedabad,sedan,manual,honda,city,1,great,False,806199
2019,28190,petrol,ahmedabad,sedan,manual,honda,amaze,1,great,False,596799
2016,90217,petrol,ahmedabad,hatchback,manual,hyundai,grand i10,1,great,True,478599
2015,67640,petrol,ahmedabad,hatchback,manual,maruti,swift,1,great,False,428899
2017,45843,petrol,ahmedabad,hatchback,manual,hyundai,grand i10,1,great,False,449999
2014,92170,diesel,ahmedabad,hatchback,manual,maruti,swift,4,great,False,403399
2011,51344,petrol,ahmedabad,hatchback,manual,hyundai,i20,1,good,False,297599
2017,43079,petrol & cng,ahmedabad,suv,manual,maruti,eeco,1,great,False,371299
2012,79987,petrol,ahmedabad,hatchback,manual,hyundai,i10,1,great,False,240099
2017,44071,diesel,ahmedabad,hatchback,manual,hyundai,grand i10,2,great,False,421399
2019,17328,petrol,ahmedabad,suv,,mahindra,xuv 3oo,1,great,False,718599
2019,31394,petrol,ahmedabad,hatchback,manual,renault,kwid,2,great,False,354899
2014,74867,petrol & cng,ahmedabad,hatchback,,maruti,wagon r 1.0,2,great,False,273399
2018,74601,petrol,ahmedabad,hatchback,manual,maruti,wagon r 1.0,1,great,False,376499
2014,62345,petrol,ahmedabad,hatchback,manual,hyundai,eon,2,good,False,241499
2013,80174,petrol,ahmedabad,sedan,manual,maruti,swift dzire,1,great,False,372499
2016,58673,petrol,ahmedabad,hatchback,manual,renault,kwid,3,great,False,223699
2017,78989,petrol,ahmedabad,hatchback,manual,maruti,alto 800,1,great,False,271599
2018,61410,diesel,ahmedabad,suv,manual,maruti,vitara brezza,1,great,False,722899
2017,80662,petrol & cng,ahmedabad,suv,manual,maruti,eeco,1,great,False,418199
2016,55578,petrol,ahmedabad,sedan,manual,hyundai,verna,1,great,False,600699
2019,24672,petrol,ahmedabad,sedan,,maruti,ciaz,1,great,False,806199
2017,41740,petrol,ahmedabad,hatchback,manual,hyundai,grand i10,1,great,False,502799
2015,66342,diesel,ahmedabad,suv,,hyundai,creta,1,great,False,858599
2015,77450,petrol & cng,ahmedabad,hatchback,manual,hyundai,eon,1,great,False,199499
2016,61757,petrol,ahmedabad,hatchback,manual,hyundai,eon,2,great,False,255199
2020,21891,petrol & cng,ahmedabad,,,maruti,new  wagon-r,1,great,False,488499
2019,36040,petrol & cng,ahmedabad,suv,manual,maruti,eeco,1,great,False,453499
2019,23841,petrol,ahmedabad,suv,manual,hyundai,creta,1,great,False,986899
2015,70606,petrol,ahmedabad,hatchback,manual,honda,brio,1,great,False,327399
2015,59526,diesel,ahmedabad,luxury suv,manual,mercedes benz,gla class,1,great,False,1756186
2020,18133,petrol,ahmedabad,suv,manual,tata,nexon ,1,great,False,910599
2015,79004,petrol & cng,ahmedabad,hatchback,manual,hyundai,grand i10,1,great,False,392599
2018,29703,petrol,ahmedabad,suv,manual,honda,wr-v,1,great,False,723099
2014,104449,petrol,ahmedabad,sedan,manual,honda,amaze,3,great,False,367899
2013,86009,petrol & cng,ahmedabad,hatchback,manual,honda,brio,2,great,False,332499
2018,58283,petrol,ahmedabad,hatchback,manual,maruti,alto 800,1,great,False,277099
2016,81843,petrol,ahmedabad,sedan,manual,hyundai,xcent,1,great,False,466199
2012,110924,petrol & cng,ahmedabad,hatchback,manual,maruti,alto k10,2,great,False,192699
2014,100810,petrol,ahmedabad,hatchback,manual,hyundai,elite i20,1,great,False,455399
2015,101891,petrol & cng,ahmedabad,hatchback,manual,maruti,swift,1,great,False,440299
2018,47471,diesel,ahmedabad,suv,manual,maruti,vitara brezza,1,great,False,769799
2014,104044,diesel,ahmedabad,suv,manual,maruti,ertiga,2,great,False,484299
2017,91894,petrol & cng,ahmedabad,suv,manual,maruti,eeco,1,great,False,444699
2012,100958,petrol & cng,ahmedabad,sedan,manual,maruti,swift dzire,3,great,False,377399
2018,67412,diesel,ahmedabad,hatchback,manual,maruti,baleno,1,great,False,572099
2017,68730,diesel,ahmedabad,hatchback,manual,hyundai,elite i20,2,great,False,567899
2019,53410,diesel,ahmedabad,suv,,maruti,s cross,1,great,False,807599
2016,102479,diesel,ahmedabad,suv,,ford,ecosport,1,great,False,586199
2017,73784,diesel,ahmedabad,hatchback,manual,maruti,swift,2,great,False,533899
2012,129097,petrol,ahmedabad,hatchback,manual,hyundai,i10,1,great,False,240799
2014,101452,petrol,ahmedabad,sedan,manual,maruti,swift dzire,1,great,False,424699
2010,93017,petrol & cng,ahmedabad,hatchback,manual,chevrolet,spark,3,great,False,93699
2013,70840,petrol & cng,ahmedabad,hatchback,manual,maruti,alto 800,1,good,False,236499
2018,63508,petrol,ahmedabad,sedan,manual,maruti,dzire,1,great,False,581699
2018,62382,petrol,ahmedabad,sedan,manual,maruti,ciaz,1,great,False,672299
2016,100957,petrol,ahmedabad,hatchback,manual,maruti,swift,1,great,False,479399
2014,96002,petrol & cng,ahmedabad,hatchback,manual,hyundai,elite i20,1,great,False,480499
2018,60233,diesel,ahmedabad,suv,manual,mahindra,scorpio,2,great,False,1272598
2017,83551,diesel,ahmedabad,suv,manual,maruti,ertiga,2,great,False,688899
2017,92389,petrol & cng,ahmedabad,hatchback,manual,maruti,alto 800,1,great,False,266399
2014,128569,petrol,ahmedabad,hatchback,manual,volkswagen,polo,1,great,False,381299
2019,39833,diesel,ahmedabad,suv,manual,maruti,vitara brezza,1,great,False,751999
2016,95116,diesel,ahmedabad,suv,manual,honda,br-v,1,great,False,599899
2018,71674,diesel,ahmedabad,hatchback,automatic,maruti,swift,1,great,False,597999
2019,9865,diesel,ahmedabad,,,mg,hector,1,great,False,1663266
2015,100181,petrol,ahmedabad,sedan,manual,honda,amaze,1,great,False,370699
2014,102682,petrol,ahmedabad,hatchback,manual,maruti,celerio,1,great,False,276499
2018,80177,diesel,ahmedabad,sedan,manual,maruti,dzire,2,great,False,553499
2014,80257,petrol,ahmedabad,hatchback,manual,maruti,alto 800,1,great,False,198799
2018,111610,petrol & cng,ahmedabad,suv,manual,maruti,eeco,1,great,False,370599
2012,114885,petrol,ahmedabad,hatchback,manual,maruti,wagon r 1.0,1,great,False,212199
2013,89964,petrol,ahmedabad,hatchback,manual,hyundai,eon,1,good,False,220499
2017,105404,diesel,ahmedabad,suv,manual,maruti,s cross,1,great,False,630899
2015,73669,diesel,ahmedabad,sedan,manual,maruti,swift dzire,1,great,False,516199
2008,128195,petrol & cng,ahmedabad,sedan,manual,toyota,corolla,4,great,False,94999
2017,100616,petrol,ahmedabad,hatchback,manual,maruti,baleno,1,great,False,426899
2016,77614,diesel,ahmedabad,hatchback,manual,hyundai,elite i20,3,great,False,423999
2017,94599,diesel,ahmedabad,luxury suv,,mahindra,xuv500,1,great,False,959499
2012,116551,petrol,ahmedabad,sedan,manual,maruti,swift dzire,1,great,False,341199
2019,56894,diesel,ahmedabad,suv,manual,maruti,vitara brezza,1,great,False,775899
2016,63315,petrol,ahmedabad,hatchback,manual,hyundai,eon,1,great,False,276099
2017,104876,diesel,ahmedabad,suv,manual,maruti,vitara brezza,1,great,False,650999
2014,103671,diesel,ahmedabad,hatchback,manual,maruti,swift,1,great,False,378499
2019,61704,petrol,ahmedabad,hatchback,manual,maruti,alto 800,1,great,False,317099
2012,165007,petrol & cng,ahmedabad,hatchback,manual,maruti,wagon r 1.0,1,great,False,233499
2015,87155,diesel,ahmedabad,luxury suv,automatic,audi,q3,1,great,False,1580244
2014,180339,diesel,ahmedabad,hatchback,manual,maruti,swift,2,great,False,379199
2012,121173,petrol & cng,ahmedabad,sedan,manual,hyundai,verna,3,great,False,394399
2014,111175,diesel,ahmedabad,hatchback,manual,hyundai,elite i20,1,great,False,458099
2015,128431,petrol,ahmedabad,hatchback,manual,hyundai,grand i10,1,great,False,380499
2013,122659,petrol,ahmedabad,hatchback,manual,maruti,swift,1,great,False,350499
2012,138755,petrol & cng,ahmedabad,hatchback,manual,maruti,wagon r 1.0,1,great,False,228499
2013,158876,petrol & cng,ahmedabad,hatchback,manual,hyundai,i10,1,great,False,258399
2015,127849,diesel,ahmedabad,suv,automatic,hyundai,creta,1,great,False,785699
2011,189615,petrol & cng,ahmedabad,hatchback,manual,toyota,etios liva,1,great,False,206199
2018,86650,diesel,ahmedabad,suv,manual,maruti,ertiga,1,great,False,763999
2014,109780,diesel,ahmedabad,suv,manual,nissan,terrano,1,great,False,421099
2014,174194,petrol & cng,ahmedabad,hatchback,manual,maruti,ritz,2,great,False,272399
2012,209326,petrol & cng,ahmedabad,hatchback,manual,hyundai,i10,1,great,False,238999
2013,112242,petrol,ahmedabad,hatchback,manual,maruti,wagon r 1.0,1,good,False,313799
2013,178433,petrol & cng,ahmedabad,hatchback,manual,hyundai,i10,1,good,False,278399
2013,280817,diesel,ahmedabad,suv,manual,toyota,innova,2,great,False,726699
2017,28789,petrol,ahmedabad,hatchback,manual,hyundai,grand i10,1,great,False,465199
2020,4202,petrol,ahmedabad,hatchback,automatic,maruti,swift,1,great,False,634499
2020,15127,petrol & cng,ahmedabad,suv,manual,maruti,eeco,1,great,False,453699
2010,23616,petrol,ahmedabad,hatchback,manual,maruti,alto k10,1,great,False,164799
2015,33538,diesel,ahmedabad,suv,automatic,mahindra,tuv300,2,great,False,551999
2018,26383,petrol,ahmedabad,hatchback,automatic,honda,jazz,1,great,False,647499
2013,30210,petrol,ahmedabad,hatchback,manual,hyundai,eon,1,good,False,253399
2018,37167,petrol & cng,ahmedabad,suv,manual,maruti,eeco,1,great,False,380099
2019,30199,petrol & cng,ahmedabad,hatchback,manual,renault,kwid,1,great,False,360799
2015,87060,petrol,ahmedabad,hatchback,automatic,volkswagen,polo,1,great,False,515199
2014,87944,petrol,ahmedabad,hatchback,manual,hyundai,i20,1,great,False,398599
2015,84118,petrol & cng,ahmedabad,hatchback,manual,maruti,swift,1,great,False,436299
2013,91134,petrol,ahmedabad,sedan,manual,maruti,swift dzire,1,great,False,378199
2017,97565,diesel,ahmedabad,sedan,manual,maruti,ciaz,1,great,False,576699
2012,21842,petrol,ahmedabad,hatchback,manual,maruti,wagon r 1.0,2,good,False,255000
2011,62428,diesel,ahmedabad,sedan,manual,volkswagen,vento,1,great,False,251000
2012,82287,diesel,ahmedabad,hatchback,manual,maruti,swift,1,great,False,320000
2016,91754,diesel,ahmedabad,suv,manual,hyundai,creta,1,great,False,1010011
2012,138527,diesel,ahmedabad,suv,manual,nissan,evalia,2,good,False,250000
2019,10485,petrol & cng,ahmedabad,suv,manual,maruti,eeco,1,great,True,415499
2013,35973,petrol,ahmedabad,hatchback,manual,volkswagen,polo,2,great,False,295799
2011,44783,petrol,ahmedabad,hatchback,manual,hyundai,i10,1,great,False,239299
2012,64996,petrol,ahmedabad,sedan,,honda,city,2,great,False,362799
2017,23201,petrol,ahmedabad,hatchback,,datsun,redi go,1,great,False,237099
2019,8307,petrol,ahmedabad,,,ford,freestyle,1,great,False,538999
2014,55995,petrol,ahmedabad,hatchback,manual,hyundai,elite i20,1,great,False,423499
2017,30140,petrol & cng,ahmedabad,,,maruti,omni e,1,great,False,199899
2013,47894,petrol & cng,ahmedabad,hatchback,manual,hyundai,i10,1,great,False,265099
2012,60614,petrol,ahmedabad,hatchback,manual,hyundai,santro xing,1,good,False,280199
2018,51069,petrol,ahmedabad,hatchback,manual,maruti,swift,1,great,False,487199
2014,83050,petrol,ahmedabad,suv,manual,renault,duster,1,great,False,394299
2010,105854,petrol,ahmedabad,hatchback,manual,maruti,ritz,1,great,False,160099
2013,114184,petrol,ahmedabad,hatchback,manual,hyundai,eon,1,great,False,192799
2016,20036,diesel,ahmedabad,suv,,hyundai,creta,1,great,False,951000
2018,46689,petrol,ahmedabad,hatchback,manual,hyundai,elite i20,1,great,True,625000
2015,39875,petrol,ahmedabad,sedan,automatic,honda,city,2,great,True,729000
2019,24174,diesel,ahmedabad,sedan,manual,maruti,dzire,1,great,True,725000
2018,55150,diesel,ahmedabad,sedan,manual,hyundai,verna,1,great,False,870000
2010,95844,diesel,ahmedabad,sedan,manual,ford,fiesta,2,overpriced,False,175000
2018,20379,diesel,ahmedabad,luxury sedan,automatic,audi,a4,1,good,False,3600000
2015,110294,diesel,ahmedabad,luxury sedan,automatic,volvo,s60,1,fair,False,1800000
2012,41682,diesel,ahmedabad,sedan,manual,renault,scala,1,overpriced,False,400000
2013,200944,diesel,ahmedabad,sedan,manual,maruti,swift dzire,1,fair,False,250000
2015,62397,petrol,ahmedabad,,,volkswagen,vento,1,great,False,450000
2014,81328,diesel,ahmedabad,sedan,manual,volkswagen,vento,2,fair,False,480000
2012,99307,diesel,ahmedabad,,,volvo,xc60,2,fair,False,1000000
2017,20142,petrol,ahmedabad,sedan,manual,maruti,ciaz,1,fair,False,780000
2011,24242,petrol & cng,ahmedabad,,,maruti,omni e,1,fair,False,130000
2016,64851,diesel,ahmedabad,sedan,manual,maruti,ciaz,1,fair,False,810000
2016,109725,diesel,ahmedabad,suv,manual,mahindra,xuv500,1,good,False,800000
2012,106922,diesel,ahmedabad,hatchback,manual,hyundai,i20,3,fair,False,300000
2009,166740,diesel,ahmedabad,sedan,manual,tata,indigo cs,3,overpriced,False,60000
2013,186404,diesel,ahmedabad,suv,manual,toyota,innova,2,great,False,725000
2007,153835,diesel,ahmedabad,sedan,manual,ford,fiesta,2,overpriced,False,80000
2016,20970,petrol,ahmedabad,hatchback,manual,hyundai,grand i10,1,great,True,450000
2012,108481,diesel,ahmedabad,hatchback,manual,hyundai,i20,1,good,True,280000
2017,48410,petrol,ahmedabad,,,maruti,alto 800,1,great,True,260000
2013,94181,diesel,ahmedabad,hatchback,manual,maruti,swift,1,great,False,370000
2010,77357,petrol,ahmedabad,hatchback,manual,hyundai,i20,2,overpriced,True,270000
2014,75179,diesel,ahmedabad,suv,manual,chevrolet,enjoy,1,overpriced,False,325000
2012,84243,diesel,ahmedabad,hatchback,manual,volkswagen,polo,2,overpriced,False,400000
2014,92690,petrol,ahmedabad,sedan,manual,hyundai,verna,1,fair,True,600000
2008,89663,diesel,ahmedabad,hatchback,manual,tata,indica v2,4,overpriced,False,65000
2004,111479,petrol,ahmedabad,sedan,manual,toyota,corolla,2,overpriced,False,96300
2011,165873,diesel,ahmedabad,sedan,manual,skoda,rapid,1,fair,False,265000
2006,152861,diesel,ahmedabad,sedan,manual,ford,fiesta,4,fair,False,75000
2011,74781,diesel,ahmedabad,sedan,manual,renault,fluence,2,great,False,225000
2014,73708,diesel,ahmedabad,suv,manual,ford,ecosport,1,great,False,472500
2009,70996,petrol,ahmedabad,hatchback,manual,chevrolet,spark,2,great,False,63000
2017,8689,diesel,ahmedabad,suv,manual,maruti,vitara brezza,1,great,False,850000
2006,66909,diesel,ahmedabad,hatchback,manual,tata,indica v2,2,great,False,27000
2013,145872,diesel,ahmedabad,luxury suv,automatic,bmw,x1,1,good,False,1260000
2011,67929,petrol & cng,ahmedabad,hatchback,manual,maruti,wagon r 1.0,1,good,False,216000
2014,131181,diesel,ahmedabad,sedan,manual,honda,amaze,3,good,False,300000
2014,95432,petrol & cng,ahmedabad,hatchback,manual,maruti,wagon r 1.0,1,great,False,270000
2012,89518,diesel,ahmedabad,suv,manual,renault,duster,1,fair,False,420000
2013,55485,petrol,ahmedabad,hatchback,automatic,hyundai,i10,1,great,False,300000
2011,60503,diesel,ahmedabad,hatchback,manual,volkswagen,polo,2,good,False,225000
2009,311463,diesel,ahmedabad,suv,manual,toyota,innova,4,fair,False,350000
2006,58542,petrol & cng,ahmedabad,hatchback,manual,maruti,alto,2,fair,False,85000
2011,89043,diesel,ahmedabad,hatchback,manual,maruti,ritz,2,fair,False,230000
2017,17233,petrol,faridabad,hatchback,,hyundai,grand i10,1,great,False,468699
2014,40689,diesel,faridabad,hatchback,manual,maruti,swift,1,great,False,380199
2016,35786,petrol,faridabad,hatchback,manual,maruti,alto k10,4,great,False,249099
2016,26532,petrol,faridabad,hatchback,manual,maruti,alto 800,1,great,False,262599
2016,49295,petrol,faridabad,hatchback,manual,renault,kwid,2,great,False,224299
2013,56600,diesel,faridabad,hatchback,manual,maruti,swift,1,great,False,323899
2018,57435,petrol,faridabad,hatchback,manual,datsun,redi go,1,great,False,221399
2014,55540,petrol,faridabad,hatchback,manual,maruti,swift,1,great,False,364299
2017,50045,petrol,faridabad,hatchback,manual,maruti,wagon r 1.0,1,great,False,345199
2013,50897,petrol,faridabad,hatchback,manual,maruti,swift,1,great,False,352599
2009,57864,petrol,faridabad,hatchback,manual,maruti,alto,1,great,False,140899
2017,87473,diesel,faridabad,hatchback,manual,tata,tiago,1,great,False,367099
2015,64927,diesel,faridabad,hatchback,manual,toyota,etios liva,1,great,False,446799
2016,52602,petrol,faridabad,sedan,manual,maruti,ciaz,1,great,False,587999
2008,66404,petrol,faridabad,hatchback,manual,hyundai,i10,1,good,False,179899
2013,48211,petrol,faridabad,hatchback,manual,volkswagen,polo,1,good,False,320099
2012,73900,diesel,faridabad,hatchback,manual,maruti,swift,1,great,False,330499
2009,64498,petrol,faridabad,sedan,manual,honda,city,3,great,False,230499
2015,52659,diesel,faridabad,hatchback,manual,hyundai,elite i20,2,great,False,477199
2019,9823,petrol,faridabad,hatchback,automatic,maruti,baleno,1,great,False,730599
2014,76425,diesel,faridabad,sedan,manual,maruti,swift dzire,1,great,False,375099
2014,70139,diesel,faridabad,sedan,manual,honda,city,2,great,False,480099
2015,60226,diesel,faridabad,suv,automatic,hyundai,creta,1,great,False,817899
2013,84346,diesel,faridabad,hatchback,manual,hyundai,i20,1,great,False,339299
2016,69203,petrol,faridabad,hatchback,manual,hyundai,grand i10,2,great,False,376199
2010,67372,petrol,faridabad,hatchback,manual,hyundai,i10,1,good,False,220299
2011,85316,petrol & cng,faridabad,hatchback,manual,maruti,wagon r 1.0,1,good,False,236299
2016,69278,diesel,faridabad,hatchback,manual,maruti,baleno,1,great,False,535499
2012,95400,diesel,faridabad,hatchback,manual,maruti,swift,2,great,False,306799
2015,114204,diesel,faridabad,hatchback,manual,maruti,swift,1,great,False,369199
2015,69785,diesel,faridabad,hatchback,manual,hyundai,elite i20,2,great,False,525499
2016,95231,diesel,faridabad,suv,manual,maruti,vitara brezza,1,great,False,695399
2012,96637,diesel,faridabad,hatchback,manual,maruti,swift,2,great,False,292399
2010,113004,petrol,faridabad,sedan,manual,honda,city,1,great,False,353299
2013,127420,petrol,faridabad,hatchback,manual,hyundai,grand i10,1,great,False,311299
2014,115886,petrol,faridabad,luxury suv,,honda,crv,3,great,False,925299
2016,146339,diesel,faridabad,suv,manual,maruti,vitara brezza,1,great,False,585899
2019,13156,petrol,faridabad,hatchback,manual,maruti,baleno,1,great,False,595999
2013,35998,petrol,faridabad,hatchback,manual,maruti,alto 800,1,good,False,228699
2012,47140,diesel,faridabad,hatchback,manual,maruti,swift,1,great,False,359899
2009,55752,petrol,faridabad,hatchback,manual,maruti,alto,1,great,False,148099
2010,81321,petrol,faridabad,hatchback,manual,hyundai,i10,1,good,False,207099
2017,92544,petrol & cng,faridabad,hatchback,manual,maruti,wagon r 1.0,2,great,False,327399
2018,44510,diesel,faridabad,suv,,hyundai,creta,1,great,False,1272901
2017,60278,diesel,faridabad,sedan,manual,maruti,dzire,1,great,False,583699
2012,90241,diesel,faridabad,luxury suv,manual,mahindra,xuv500,1,great,False,411399
2016,129497,petrol & cng,faridabad,hatchback,manual,maruti,celerio,1,great,False,388299
2015,161213,diesel,faridabad,sedan,manual,maruti,ciaz,1,great,False,517899
2017,19584,petrol,faridabad,hatchback,manual,maruti,celerio,1,great,False,354899
2018,23224,petrol,faridabad,hatchback,manual,maruti,swift,1,great,False,462299
2016,35253,diesel,faridabad,hatchback,manual,maruti,swift,1,great,False,436599
2011,30101,petrol,faridabad,sedan,manual,toyota,etios,1,good,False,280899
2019,14890,petrol & cng,faridabad,,,maruti,new  wagon-r,1,great,False,480399
2019,32015,petrol,faridabad,hatchback,manual,renault,kwid,1,great,False,338099
2017,37687,petrol,faridabad,hatchback,manual,maruti,ignis,1,great,False,394099
2013,46674,diesel,faridabad,suv,manual,toyota,innova,1,great,False,661899
2011,58348,petrol,faridabad,hatchback,manual,honda,jazz,1,great,False,269299
2018,15451,diesel,faridabad,suv,,hyundai,creta,2,great,False,1301484
2019,22386,diesel,faridabad,suv,manual,maruti,vitara brezza,1,great,False,786999
2010,82874,petrol,faridabad,hatchback,manual,hyundai,i20,2,great,False,194599
2019,5503,diesel,faridabad,suv,manual,mahindra,thar,1,great,False,894499
2016,57761,diesel,faridabad,suv,manual,ford,ecosport,1,great,False,525099
2012,84629,petrol,faridabad,luxury sedan,automatic,skoda,superb,3,great,False,380699
2012,86976,petrol,faridabad,suv,manual,maruti,ertiga,1,great,False,396299
2013,89057,diesel,faridabad,suv,manual,ford,ecosport,1,great,False,394199
2012,95562,petrol,faridabad,sedan,manual,volkswagen,jetta,1,great,False,397099
2012,87048,petrol,faridabad,sedan,manual,maruti,swift dzire,1,great,False,288999
2014,81799,petrol,faridabad,suv,manual,maruti,ertiga,1,great,False,443899
2014,117196,diesel,faridabad,hatchback,manual,maruti,swift,1,great,False,328599
2013,79920,diesel,faridabad,luxury suv,manual,mahindra,xuv500,1,great,False,489599
2012,141484,petrol & cng,faridabad,hatchback,manual,maruti,alto 800,2,great,False,175099
2018,76497,petrol & cng,faridabad,suv,manual,maruti,eeco,1,great,False,312699
2013,82921,petrol & cng,faridabad,hatchback,manual,maruti,alto 800,2,good,False,185399
2014,97612,diesel,faridabad,suv,manual,honda,mobilio,2,great,False,389999
2011,155467,diesel,faridabad,sedan,manual,maruti,sx4,1,great,False,175899
2015,92818,diesel,faridabad,suv,manual,mahindra,tuv300,1,great,False,486299
2015,207822,diesel,faridabad,suv,,hyundai,creta,1,great,False,662999
2013,139528,diesel,faridabad,sedan,manual,maruti,swift dzire,1,great,False,335399
2017,40613,petrol,faridabad,hatchback,manual,maruti,baleno,1,great,False,453754
2019,2583,diesel,faridabad,,,tata,harrier,1,great,False,1300000
2011,76138,petrol & cng,faridabad,hatchback,manual,maruti,wagon r 1.0,1,good,False,180000
2013,126968,diesel,faridabad,sedan,manual,nissan,sunny,1,fair,False,300000
2018,43627,petrol,faridabad,hatchback,automatic,maruti,swift,1,great,False,566099
2013,88252,diesel,faridabad,suv,manual,mahindra,scorpio,1,great,True,458000
2013,58594,diesel,faridabad,luxury suv,manual,hyundai,santa fe,1,overpriced,True,652000
2012,81210,petrol,faridabad,hatchback,manual,hyundai,santro xing,1,good,True,150000
2016,20008,petrol & cng,faridabad,suv,manual,mahindra,kuv100,2,great,False,300000
2013,152265,diesel,faridabad,suv,manual,toyota,innova,2,great,False,650000
2016,147536,diesel,faridabad,sedan,manual,maruti,swift dzire,2,great,True,390000
2008,107631,petrol,faridabad,,,toyota,corolla altis,1,great,True,215000
2012,71923,diesel,faridabad,luxury sedan,automatic,bmw,3 series,2,great,False,925000
2011,129051,diesel,faridabad,suv,manual,toyota,innova,2,great,False,495000
2014,121358,diesel,faridabad,hatchback,manual,hyundai,elite i20,2,good,False,450000
2010,103139,petrol & lpg,faridabad,hatchback,manual,hyundai,santro xing,2,fair,False,100000
1996,45876,petrol,faridabad,hatchback,manual,maruti,zen,1,overpriced,False,70000
2013,103300,diesel,faridabad,suv,manual,toyota,innova,2,good,True,800000
2014,75757,diesel,faridabad,suv,manual,nissan,terrano,1,great,False,400000
2015,68462,diesel,faridabad,,,maruti,swift dzire,1,great,True,440000
2014,73671,diesel,faridabad,sedan,manual,honda,amaze,1,good,False,350000
2014,107200,diesel,faridabad,suv,manual,nissan,terrano,1,great,False,450000
2006,47880,petrol,faridabad,hatchback,manual,maruti,wagon r,1,good,False,75000
2016,27982,diesel,faridabad,suv,manual,ford,ecosport,1,great,False,700000
2012,19010,diesel,ghaziabad,sedan,manual,maruti,swift dzire,1,great,False,366399
2018,4397,petrol,ghaziabad,hatchback,,maruti,alto k10,1,great,False,352299
2017,5064,petrol,ghaziabad,hatchback,manual,maruti,alto k10,1,great,False,349199
2015,22091,diesel,ghaziabad,hatchback,manual,maruti,ritz,1,great,False,369599
2013,28929,petrol,ghaziabad,hatchback,manual,maruti,alto 800,2,great,False,199799
2014,33627,petrol,ghaziabad,hatchback,,maruti,alto k10,2,great,False,257499
2016,14463,petrol,ghaziabad,hatchback,manual,renault,kwid,1,great,False,282499
2014,44076,petrol,ghaziabad,hatchback,manual,hyundai,grand i10,2,great,False,369499
2018,5568,petrol,ghaziabad,hatchback,manual,renault,kwid,1,great,False,319499
2013,55463,petrol,ghaziabad,hatchback,manual,honda,brio,2,great,False,219999
2014,38526,petrol,ghaziabad,hatchback,manual,maruti,alto 800,2,great,False,265799
2019,22226,petrol,ghaziabad,hatchback,manual,renault,kwid,1,great,False,360499
2017,26464,petrol,ghaziabad,hatchback,manual,hyundai,elite i20,2,great,False,473999
2013,47811,diesel,ghaziabad,suv,manual,nissan,terrano,1,great,False,490399
2013,47019,diesel,ghaziabad,suv,manual,renault,duster,1,great,False,454499
2016,20114,petrol,ghaziabad,hatchback,manual,renault,kwid,1,good,False,291399
2017,41048,petrol,ghaziabad,sedan,manual,maruti,ciaz,1,great,False,609399
2019,8026,diesel,ghaziabad,suv,,hyundai,venue,1,great,False,845099
2011,53953,petrol,ghaziabad,hatchback,manual,maruti,a star,1,good,False,194899
2014,54909,petrol,ghaziabad,hatchback,manual,maruti,wagon r 1.0,2,great,False,274199
2015,63987,diesel,ghaziabad,sedan,manual,hyundai,verna,2,great,False,559799
2008,58267,petrol,ghaziabad,hatchback,manual,maruti,alto,1,great,False,115899
2015,30896,petrol,ghaziabad,hatchback,manual,hyundai,i10,2,good,False,310299
2013,69745,petrol,ghaziabad,hatchback,manual,volkswagen,polo,1,great,False,288199
2018,26212,diesel,ghaziabad,suv,manual,maruti,vitara brezza,1,great,False,791399
2019,31532,petrol,ghaziabad,luxury suv,,jeep,compass,1,great,False,1320472
2015,61215,diesel,ghaziabad,hatchback,manual,maruti,baleno,1,great,False,466099
2009,74979,petrol,ghaziabad,hatchback,manual,maruti,a star,2,great,False,167599
2010,94362,petrol,ghaziabad,hatchback,manual,maruti,alto k10,2,great,False,156199
2015,86813,diesel,ghaziabad,sedan,manual,maruti,ciaz,1,great,False,541499
2012,77552,petrol,ghaziabad,hatchback,manual,toyota,etios liva,1,great,False,242099
2010,120582,petrol,ghaziabad,hatchback,manual,volkswagen,polo,2,great,False,210299
2015,67081,diesel,ghaziabad,hatchback,manual,maruti,swift,1,great,False,438399
2012,79907,diesel,ghaziabad,hatchback,manual,hyundai,i20,2,great,False,285499
2008,89412,petrol,ghaziabad,sedan,manual,maruti,swift dzire,2,great,False,189399
2013,98889,diesel,ghaziabad,sedan,manual,honda,amaze,1,great,False,259199
2012,89214,petrol,ghaziabad,hatchback,manual,honda,brio,1,great,False,207599
2013,69719,petrol,ghaziabad,suv,manual,renault,duster,1,good,False,406899
2014,71382,diesel,ghaziabad,hatchback,manual,maruti,swift,1,great,False,371599
2010,123572,petrol,ghaziabad,hatchback,manual,volkswagen,polo,2,great,False,184199
2014,141685,diesel,ghaziabad,sedan,manual,honda,amaze,1,great,False,310499
2012,115770,diesel,ghaziabad,sedan,manual,maruti,swift dzire,1,great,False,315299
2013,144263,diesel,ghaziabad,hatchback,manual,maruti,swift,2,great,False,295599
2012,141069,diesel,ghaziabad,hatchback,manual,hyundai,i20,1,great,False,294499
2011,144078,petrol,ghaziabad,sedan,manual,honda,city,1,great,True,304599
2016,101948,diesel,ghaziabad,suv,manual,maruti,vitara brezza,1,great,False,529999
2014,62225,diesel,ghaziabad,luxury sedan,automatic,bmw,3 series,2,great,False,1517018
2012,127042,diesel,ghaziabad,sedan,manual,maruti,swift dzire,1,great,False,287399
2012,133608,diesel,ghaziabad,hatchback,manual,toyota,etios liva,1,great,False,249599
2015,120710,diesel,ghaziabad,luxury suv,manual,mahindra,xuv500,1,great,True,639999
2014,109559,diesel,ghaziabad,sedan,manual,hyundai,verna,1,great,False,482799
2015,143079,diesel,ghaziabad,hatchback,manual,hyundai,elite i20,1,great,False,440199
2018,119791,petrol,ghaziabad,sedan,,honda,city,1,great,False,750799
2018,114832,diesel,ghaziabad,suv,manual,maruti,vitara brezza,1,great,False,647599
2012,91533,diesel,ghaziabad,luxury sedan,automatic,audi,a6,2,great,False,1049792
2010,22415,petrol,ghaziabad,sedan,manual,honda,city,1,great,False,344299
2014,44528,diesel,ghaziabad,hatchback,manual,maruti,swift,1,great,False,378399
2015,37327,petrol,ghaziabad,hatchback,manual,maruti,swift,1,great,False,419599
2015,33351,petrol,ghaziabad,hatchback,manual,maruti,baleno,1,great,False,486199
2014,38914,diesel,ghaziabad,sedan,manual,honda,amaze,1,great,False,335799
2015,28775,petrol,ghaziabad,sedan,manual,ford,figo aspire,1,great,False,412799
2015,46217,petrol,ghaziabad,hatchback,manual,hyundai,elite i20,1,great,False,474199
2019,13075,petrol,ghaziabad,sedan,manual,maruti,dzire,1,great,False,641999
2017,33097,petrol,ghaziabad,hatchback,,hyundai,grand i10,1,great,False,439899
2012,63678,petrol,ghaziabad,hatchback,manual,maruti,alto k10,1,great,False,215799
2012,63608,diesel,ghaziabad,hatchback,manual,maruti,ritz,1,good,False,285799
2012,39650,petrol,ghaziabad,hatchback,manual,maruti,ritz,1,good,False,311699
2008,94707,petrol,ghaziabad,hatchback,manual,hyundai,i10,1,great,False,157099
2008,76422,petrol,ghaziabad,hatchback,manual,maruti,swift,2,good,False,204499
2013,73501,diesel,ghaziabad,sedan,manual,hyundai,verna,1,great,False,433699
2012,80682,diesel,ghaziabad,hatchback,manual,maruti,swift,1,great,False,322199
2010,87756,petrol,ghaziabad,sedan,manual,honda,city,1,great,False,358599
2015,80469,petrol,ghaziabad,hatchback,,honda,jazz,1,great,False,400699
2017,56807,petrol & cng,ghaziabad,hatchback,manual,maruti,alto 800,1,good,False,302199
2017,73743,diesel,ghaziabad,suv,manual,ford,ecosport,1,great,False,714899
2014,82718,diesel,ghaziabad,hatchback,manual,ford,figo,2,fair,False,253599
2009,144292,petrol,ghaziabad,sedan,,honda,city,1,great,False,237999
2009,173017,petrol,ghaziabad,sedan,manual,honda,city,1,great,False,229499
2013,95840,petrol,ghaziabad,hatchback,manual,maruti,wagon r 1.0,1,great,False,253499
2015,108988,diesel,ghaziabad,sedan,manual,honda,amaze,1,great,False,348599
2015,70872,diesel,ghaziabad,hatchback,manual,hyundai,grand i10,1,good,False,352399
2015,150351,diesel,ghaziabad,luxury sedan,,hyundai,new elantra,1,great,False,645299
2012,121632,diesel,ghaziabad,luxury suv,automatic,toyota,fortuner,1,great,False,1147459
2010,29166,petrol,ghaziabad,hatchback,manual,maruti,alto,1,great,False,161199
2020,3639,petrol,ghaziabad,hatchback,manual,maruti,alto,1,great,False,322099
2012,31999,petrol,ghaziabad,hatchback,manual,maruti,swift,1,great,True,310799
2011,19599,petrol,ghaziabad,hatchback,manual,maruti,alto,1,great,False,172699
2020,3176,petrol,ghaziabad,hatchback,,maruti,s presso,1,great,False,402199
2017,8433,petrol,ghaziabad,hatchback,automatic,maruti,celerio,1,great,False,404699
2014,23794,petrol,ghaziabad,hatchback,manual,hyundai,grand i10,2,great,False,307599
2011,17407,petrol,ghaziabad,hatchback,manual,hyundai,i10,1,great,False,247499
2013,11048,petrol,ghaziabad,hatchback,manual,hyundai,eon,1,great,False,223499
2011,35568,petrol,ghaziabad,sedan,manual,honda,city,1,great,False,329599
2020,5445,petrol,ghaziabad,suv,manual,maruti,eeco,1,great,False,384599
2019,8812,petrol,ghaziabad,hatchback,,maruti,new  wagon-r,1,great,False,432199
2012,53422,petrol,ghaziabad,sedan,manual,maruti,swift dzire,1,great,False,283399
2011,41648,petrol,ghaziabad,hatchback,manual,hyundai,i10,1,great,False,229799
2013,13531,petrol,ghaziabad,hatchback,manual,hyundai,santro xing,1,good,False,231399
2012,27694,petrol,ghaziabad,sedan,,honda,city,1,great,False,382299
2018,11025,petrol,ghaziabad,hatchback,manual,maruti,baleno,1,great,False,575299
2010,54826,petrol,ghaziabad,sedan,manual,honda,city,1,great,False,308899
2017,29989,petrol,ghaziabad,hatchback,manual,maruti,swift,1,great,False,415299
2016,34760,petrol & cng,ghaziabad,hatchback,manual,maruti,alto 800,2,great,False,232499
2017,19481,diesel,ghaziabad,suv,,mahindra,tuv300,1,great,False,569999
2014,44911,petrol & cng,ghaziabad,hatchback,automatic,maruti,celerio,1,great,False,359599
2012,27242,diesel,ghaziabad,suv,manual,maruti,ertiga,1,great,False,440299
2018,22459,petrol,ghaziabad,hatchback,manual,maruti,swift,1,great,False,495599
2011,60621,petrol & cng,ghaziabad,hatchback,manual,maruti,wagon r 1.0,1,great,False,227399
2015,26118,diesel,ghaziabad,suv,automatic,mahindra,tuv300,2,great,False,544799
2011,55874,petrol,ghaziabad,hatchback,manual,hyundai,i10,1,great,False,227899
2013,62712,diesel,ghaziabad,hatchback,manual,ford,figo,1,great,False,176199
2013,48711,petrol,ghaziabad,hatchback,manual,honda,brio,3,great,False,229499
2014,13800,diesel,ghaziabad,luxury suv,automatic,audi,q3,1,great,False,1414199
2010,64752,petrol,ghaziabad,hatchback,manual,maruti,wagon r 1.0,2,great,False,175299
2017,43641,diesel,ghaziabad,suv,manual,toyota,innova crysta,1,great,False,1294599
2016,45930,diesel,ghaziabad,suv,,renault,duster,1,great,False,528199
2018,17483,petrol,ghaziabad,sedan,,maruti,ciaz,1,great,False,726499
2010,79324,petrol,ghaziabad,luxury sedan,,toyota,corolla altis,2,great,False,255699
2018,11400,petrol,ghaziabad,sedan,,maruti,ciaz,1,great,False,741799
2017,46533,diesel,ghaziabad,luxury suv,manual,jeep,compass,2,great,False,1226744
2012,69430,diesel,ghaziabad,hatchback,manual,toyota,etios liva,1,great,False,258699
2018,49286,petrol & cng,ghaziabad,suv,manual,maruti,eeco,1,great,False,305299
2012,77969,diesel,ghaziabad,hatchback,manual,hyundai,i20,1,great,False,274599
2015,81468,diesel,ghaziabad,hatchback,manual,maruti,swift,1,great,False,444599
2018,40328,petrol & cng,ghaziabad,hatchback,manual,maruti,wagon r 1.0,2,great,False,379799
2013,89139,diesel,ghaziabad,suv,manual,mahindra,scorpio,2,great,False,437099
2012,98344,petrol,ghaziabad,sedan,manual,honda,city,1,great,False,353699
2016,76651,diesel,ghaziabad,hatchback,manual,hyundai,elite i20,1,great,False,436399
2018,41721,petrol & cng,ghaziabad,suv,manual,maruti,eeco,1,great,False,374299
2014,71800,petrol,ghaziabad,sedan,manual,honda,amaze,1,great,False,323299
2014,89990,diesel,ghaziabad,luxury suv,manual,ssangyong,rexton,1,great,False,595799
2018,74994,diesel,ghaziabad,suv,manual,maruti,vitara brezza,1,great,False,607799
2015,75863,diesel,ghaziabad,suv,manual,mahindra,tuv300,1,great,False,523599
2017,93769,diesel,ghaziabad,luxury suv,,mahindra,xuv500,1,great,False,1017371
2015,59109,diesel,ghaziabad,luxury sedan,automatic,bmw,3 series,1,great,False,1469199
2012,110004,diesel,ghaziabad,suv,manual,toyota,innova,1,great,False,515299
2016,94738,diesel,ghaziabad,suv,manual,hyundai,creta,1,great,False,762099
2014,124808,petrol & cng,ghaziabad,suv,manual,maruti,eeco,1,great,False,204999
2007,94734,petrol,ghaziabad,hatchback,manual,maruti,alto,2,great,False,92499
2013,107134,diesel,ghaziabad,hatchback,manual,maruti,swift,1,great,False,305299
2015,102722,diesel,ghaziabad,luxury suv,manual,mahindra,xuv500,1,great,False,706299
2010,123137,petrol & cng,ghaziabad,sedan,manual,hyundai,accent,1,good,False,203099
2012,125269,diesel,ghaziabad,suv,manual,renault,duster,1,great,False,279499
2014,29301,petrol,ghaziabad,sedan,manual,tata,zest,1,good,False,250000
2016,57507,petrol,ghaziabad,hatchback,manual,hyundai,elite i20,1,great,False,450000
2010,84181,petrol,ghaziabad,hatchback,manual,hyundai,i10,1,great,False,135000
2005,102538,petrol,ghaziabad,,,chevrolet,optra,3,,False,100000
2010,84151,petrol,ghaziabad,hatchback,manual,maruti,alto,1,fair,False,100000
2013,82737,diesel,ghaziabad,suv,manual,tata,safari,1,good,True,285000
2013,39944,diesel,ghaziabad,luxury sedan,automatic,audi,a4,1,good,False,1050000
2016,26450,petrol,ghaziabad,,,volkswagen,vento,1,good,False,800000
2020,7770,petrol,ghaziabad,hatchback,manual,maruti,ignis,1,great,False,432099
2019,5965,petrol,ghaziabad,hatchback,manual,renault,kwid,1,great,False,393299
2013,122153,petrol,ghaziabad,luxury sedan,automatic,bmw,3 series,1,great,False,1185000
2010,79091,petrol & cng,ghaziabad,hatchback,manual,hyundai,i10,1,great,False,141899
2012,65573,petrol & cng,ghaziabad,hatchback,manual,maruti,swift,1,great,False,249799
2014,59061,petrol,ghaziabad,hatchback,manual,maruti,celerio,1,fair,False,381484
2016,87712,petrol & cng,ghaziabad,suv,,maruti,ertiga,1,great,False,571999
2018,37274,petrol & cng,ghaziabad,suv,manual,maruti,eeco,1,great,True,350000
2011,29300,petrol,ghaziabad,hatchback,manual,hyundai,i10,2,great,True,161100
2014,30297,petrol,ghaziabad,hatchback,manual,maruti,swift,1,good,True,425000
2008,84397,petrol,ghaziabad,sedan,automatic,honda,civic,4,good,True,140000
2012,44993,petrol,ghaziabad,hatchback,manual,hyundai,eon,1,great,True,140000
2004,89567,petrol & cng,ghaziabad,hatchback,manual,maruti,alto,1,great,False,20000
2014,69786,diesel,ghaziabad,suv,manual,mahindra,xuv500,1,great,False,580000
2005,68951,petrol,ghaziabad,hatchback,manual,maruti,alto,1,great,False,45000
2011,79894,petrol,ghaziabad,hatchback,manual,maruti,alto,3,great,False,130000
2014,36846,petrol,ghaziabad,sedan,manual,honda,amaze,1,great,False,356000
2013,67212,diesel,ghaziabad,sedan,manual,renault,fluence,2,great,False,285000
2011,148007,diesel,ghaziabad,sedan,manual,maruti,swift dzire,2,fair,False,200000
2008,52233,petrol & cng,ghaziabad,hatchback,manual,maruti,swift,3,fair,False,135000
2013,80551,diesel,ghaziabad,hatchback,manual,maruti,ritz,1,good,True,250000
2004,94396,petrol,ghaziabad,sedan,manual,hyundai,accent,2,overpriced,False,50160
2018,8847,petrol,ghaziabad,sedan,manual,maruti,ciaz,1,good,True,900000
2010,189456,petrol,ghaziabad,hatchback,manual,hyundai,i10,1,great,False,123000
2011,133922,petrol & cng,ghaziabad,sedan,manual,toyota,etios,1,good,True,255000
2012,44511,petrol,ghaziabad,hatchback,manual,hyundai,i10,2,good,True,230000
2013,47220,diesel,ghaziabad,hatchback,manual,maruti,ritz,1,fair,True,335000
2013,46217,diesel,ghaziabad,suv,manual,mahindra,scorpio,2,overpriced,True,700000
2008,149942,diesel,ghaziabad,sedan,manual,hyundai,verna,1,good,True,160000
2014,57299,diesel,ghaziabad,hatchback,manual,hyundai,i20,1,great,True,320000
2011,78354,petrol,ghaziabad,hatchback,manual,nissan,micra,2,overpriced,False,190000
2014,63187,diesel,ghaziabad,sedan,manual,honda,amaze,1,overpriced,True,400000
2014,101655,diesel,ghaziabad,suv,manual,renault,duster,1,great,True,370000
2018,24814,diesel,ghaziabad,,,hyundai,creta,2,good,True,1500000
2011,81239,diesel,ghaziabad,suv,manual,mahindra,scorpio,4,good,False,360000
2010,62675,petrol,ghaziabad,hatchback,manual,hyundai,i10,2,great,True,130000
2010,110833,diesel,ghaziabad,sedan,manual,maruti,swift dzire,1,good,False,240000
2009,147254,petrol,ghaziabad,hatchback,manual,maruti,swift,1,good,False,160000
2013,44427,petrol,ghaziabad,hatchback,manual,maruti,alto 800,1,great,False,200000
2007,134909,petrol,ghaziabad,hatchback,manual,maruti,wagon r,2,great,False,80000
2014,10922,petrol,ghaziabad,sedan,manual,hyundai,xcent,1,good,False,340000
2013,48237,diesel,ghaziabad,suv,manual,mahindra,quanto,1,good,False,250000
2013,82685,diesel,ghaziabad,hatchback,manual,hyundai,grand i10,3,great,False,300000
2017,29886,diesel,lucknow,hatchback,manual,maruti,baleno,1,great,False,567299
2016,142341,diesel,lucknow,suv,manual,mahindra,scorpio,1,great,False,929199
2015,3628,petrol,lucknow,hatchback,manual,maruti,alto 800,2,great,False,282399
2011,21743,petrol,lucknow,hatchback,manual,maruti,alto,1,good,False,186499
2018,20535,petrol,lucknow,hatchback,manual,maruti,alto 800,1,great,True,289099
2015,17391,petrol,lucknow,hatchback,manual,maruti,alto 800,1,great,False,275299
2015,14828,petrol,lucknow,hatchback,manual,maruti,baleno,1,great,False,527299
2016,43257,petrol,lucknow,hatchback,manual,hyundai,eon,1,great,False,266199
2015,7222,petrol,lucknow,hatchback,manual,maruti,alto 800,1,great,False,272399
2017,49227,petrol,lucknow,hatchback,manual,maruti,ignis,1,great,True,411999
2018,8204,petrol,lucknow,hatchback,manual,hyundai,eon,1,great,False,318599
2013,50998,diesel,lucknow,hatchback,manual,maruti,swift,1,great,False,379399
2020,4874,petrol,lucknow,hatchback,manual,maruti,baleno,1,great,False,608799
2013,38591,diesel,lucknow,hatchback,manual,maruti,ritz,1,good,False,309799
2013,47952,petrol,lucknow,sedan,manual,maruti,swift dzire,1,great,False,415299
2016,40610,petrol,lucknow,hatchback,manual,hyundai,eon,1,great,False,233599
2017,14048,petrol,lucknow,sedan,manual,maruti,swift dzire,1,great,False,543799
2013,31324,petrol,lucknow,sedan,manual,maruti,swift dzire,1,great,False,442499
2017,21346,petrol,lucknow,hatchback,manual,hyundai,elite i20,1,great,False,540399
2015,52398,petrol,lucknow,sedan,manual,tata,zest,1,great,False,336199
2013,27913,petrol,lucknow,hatchback,manual,maruti,alto 800,1,good,False,245799
2019,31519,petrol,lucknow,hatchback,manual,maruti,baleno,1,great,False,614099
2019,7743,petrol,lucknow,,,hyundai,new santro,1,good,False,492299
2015,43943,petrol,lucknow,hatchback,manual,maruti,swift,1,great,False,430699
2018,30599,petrol,lucknow,hatchback,manual,maruti,alto k10,1,great,False,331999
2017,53626,petrol,lucknow,hatchback,manual,hyundai,grand i10,1,great,False,373799
2018,60362,petrol,lucknow,hatchback,manual,maruti,alto 800,2,great,False,321999
2018,29890,petrol,lucknow,hatchback,manual,maruti,swift,1,great,False,536899
2019,20254,petrol,lucknow,hatchback,manual,hyundai,grand i10,1,great,False,499999
2013,54844,petrol,lucknow,hatchback,manual,hyundai,i20,2,good,False,339999
2016,51267,petrol,lucknow,hatchback,automatic,maruti,wagon r 1.0,1,great,False,386299
2018,23085,diesel,lucknow,suv,manual,mahindra,bolero,1,great,False,720799
2017,45181,petrol,lucknow,hatchback,manual,maruti,baleno,1,great,False,511799
2013,69746,petrol,lucknow,hatchback,manual,maruti,alto 800,1,great,False,190099
2018,40464,petrol,lucknow,hatchback,manual,maruti,swift,2,great,False,565399
2018,31220,petrol,lucknow,hatchback,manual,hyundai,grand i10,1,great,False,494299
2008,76434,petrol,lucknow,sedan,manual,hyundai,accent,1,fair,False,150399
2018,26347,petrol,lucknow,sedan,manual,honda,city,1,great,False,869899
2017,55502,petrol,lucknow,hatchback,manual,hyundai,grand i10,1,great,False,461499
2017,65063,diesel,lucknow,suv,manual,mahindra,bolero,1,great,False,600399
2016,39608,petrol,lucknow,hatchback,manual,datsun,redi go,1,good,False,226099
2018,32079,diesel,lucknow,suv,manual,maruti,vitara brezza,1,great,False,880799
2010,62432,petrol,lucknow,hatchback,manual,hyundai,santro xing,1,good,False,183499
2018,44406,petrol,lucknow,suv,,honda,wr-v,1,great,False,644099
2015,56058,petrol,lucknow,hatchback,manual,hyundai,elite i20,2,great,False,494599
2013,56218,petrol,lucknow,hatchback,manual,hyundai,eon,2,good,False,219999
2017,57122,diesel,lucknow,suv,automatic,hyundai,creta,1,great,False,1098575
2019,62420,petrol,lucknow,,,maruti,new  wagon-r,1,great,False,522499
2016,78540,petrol,lucknow,hatchback,,renault,kwid,1,good,False,335099
2017,97271,diesel,lucknow,hatchback,manual,hyundai,grand i10,1,great,False,468299
2017,83833,diesel,lucknow,suv,manual,tata,nexon ,2,great,False,627599
2018,59830,diesel,lucknow,sedan,,hyundai,xcent,1,great,False,539999
2014,64286,diesel,lucknow,hatchback,manual,maruti,swift,1,good,False,423299
2014,109183,diesel,lucknow,luxury sedan,automatic,bmw,5 series,2,great,False,1561660
2015,106173,diesel,lucknow,hatchback,manual,maruti,swift,1,great,False,394799
2017,232482,diesel,lucknow,sedan,manual,toyota,etios,1,great,False,542599
2011,122631,diesel,lucknow,sedan,manual,hyundai,verna,1,fair,False,381499
2016,85834,petrol,lucknow,sedan,manual,maruti,ciaz,1,great,False,522499
2014,104925,petrol,lucknow,hatchback,manual,maruti,celerio,1,great,False,273099
2015,105850,petrol,lucknow,hatchback,manual,maruti,swift,1,great,False,372099
2015,146707,diesel,lucknow,suv,manual,maruti,s cross,1,great,False,496099
2014,182082,diesel,lucknow,luxury suv,manual,toyota,fortuner,2,great,False,1268053
2015,132967,diesel,lucknow,suv,,hyundai,creta,2,great,False,730099
2015,159969,diesel,lucknow,suv,,mahindra,scorpio,1,great,False,804099
2010,104540,petrol,lucknow,hatchback,manual,maruti,alto k10,1,good,False,229899
2018,117688,diesel,lucknow,hatchback,manual,maruti,baleno,1,great,False,725999
2014,173730,petrol & cng,lucknow,hatchback,manual,maruti,alto 800,1,fair,False,244099
2015,185977,diesel,lucknow,luxury suv,manual,mahindra,xuv500,2,great,False,609399
2016,127560,diesel,lucknow,suv,manual,ford,ecosport,1,great,False,430125
2018,1355,petrol,lucknow,hatchback,manual,hyundai,grand i10,1,great,False,507599
2019,15547,petrol,lucknow,sedan,manual,maruti,dzire,1,great,False,668999
2013,26586,petrol,lucknow,hatchback,manual,maruti,alto k10,1,great,False,218499
2015,21477,petrol,lucknow,hatchback,manual,hyundai,elite i20,1,great,False,461699
2017,20888,diesel,lucknow,hatchback,manual,hyundai,grand i10,1,great,False,477299
2016,41739,diesel,lucknow,sedan,manual,maruti,swift dzire,1,great,False,537999
2018,78869,petrol,lucknow,hatchback,manual,maruti,alto 800,1,good,False,288899
2016,62899,diesel,lucknow,sedan,,maruti,swift dzire,1,great,False,528199
2019,55048,petrol,lucknow,hatchback,manual,maruti,ignis,1,great,False,380799
2018,43035,petrol,lucknow,hatchback,manual,renault,kwid,1,good,False,315899
2015,148250,diesel,lucknow,sedan,manual,hyundai,verna,2,great,False,531399
2010,77518,diesel,lucknow,hatchback,manual,maruti,swift,1,good,True,215000
2011,126285,diesel,lucknow,suv,manual,tata,safari,1,fair,False,210000
2018,62362,diesel,lucknow,hatchback,manual,tata,tiago,1,good,False,360000
2013,77251,diesel,lucknow,luxury sedan,manual,skoda,octavia,2,fair,False,630000
2016,60337,diesel,lucknow,suv,manual,mahindra,tuv300,2,overpriced,True,580000
2010,87220,diesel,lucknow,sedan,manual,hyundai,verna,1,overpriced,True,250000
2012,116838,diesel,lucknow,luxury suv,manual,toyota,fortuner,2,good,True,1100000
2012,47317,diesel,lucknow,hatchback,manual,hyundai,i20,1,overpriced,True,370000
2009,274167,diesel,lucknow,suv,manual,toyota,innova,2,overpriced,False,415000
2011,119634,diesel,lucknow,hatchback,manual,tata,indica ev2,2,overpriced,False,150000
2015,101527,diesel,lucknow,hatchback,manual,hyundai,grand i10,2,good,True,350000
2012,69029,petrol,pune,sedan,manual,maruti,swift dzire,3,great,False,364299
2013,45721,petrol,gurgaon,hatchback,manual,hyundai,eon,1,great,False,216799
2013,37395,diesel,pune,sedan,manual,honda,amaze,1,great,False,387399
2012,37652,petrol,bengaluru,hatchback,manual,hyundai,i20,3,great,False,364699
2017,53648,diesel,lucknow,suv,automatic,hyundai,creta,1,great,False,1082011
2016,55724,petrol,bengaluru,suv,manual,renault,duster,1,great,False,695999
2010,59295,petrol,chennai,hatchback,manual,hyundai,i10,2,good,False,286399
2014,50294,petrol,bengaluru,hatchback,manual,maruti,alto k10,1,great,False,283299
2018,54422,petrol & cng,new delhi,suv,manual,maruti,eeco,2,great,False,346399
2013,116848,petrol,bengaluru,hatchback,manual,maruti,alto k10,1,great,False,205299
2019,5450,petrol,mumbai,suv,,hyundai,venue,1,great,False,1211594
2015,85560,diesel,faridabad,luxury suv,manual,mahindra,xuv500,2,great,False,715299
2015,43743,petrol,bengaluru,hatchback,manual,maruti,swift,2,great,False,499099
2012,72428,diesel,new delhi,hatchback,manual,maruti,ritz,1,great,False,203899
2014,26839,petrol,new delhi,hatchback,manual,hyundai,eon,1,great,False,224999
2009,246967,petrol,mumbai,luxury sedan,,toyota,corolla altis,2,good,False,307999
2008,71758,petrol,mumbai,hatchback,manual,hyundai,santro xing,1,fair,False,157399
2012,41632,petrol,hyderabad,hatchback,automatic,hyundai,i10,1,great,False,383999
2015,121587,petrol,hyderabad,sedan,manual,honda,city,1,great,False,620299
2011,26173,petrol,ghaziabad,hatchback,manual,maruti,alto,2,good,False,188399
2015,61537,diesel,ahmedabad,,,maruti,swift,1,great,False,450000
2010,29699,petrol,mumbai,hatchback,manual,maruti,wagon r 1.0,1,good,False,210099
2019,31118,petrol,ahmedabad,suv,,hyundai,creta,1,great,False,1155236
2008,20719,petrol,bengaluru,hatchback,manual,hyundai,santro xing,1,great,False,242299
2012,11420,petrol,pune,hatchback,manual,hyundai,i10,2,great,False,270799
2011,82120,petrol,hyderabad,hatchback,manual,hyundai,i20,1,great,False,387899
2012,92029,diesel,mumbai,sedan,manual,maruti,swift dzire,2,great,False,417399
2019,7723,petrol,pune,sedan,manual,maruti,dzire,1,great,False,651999
2011,50372,petrol,mumbai,hatchback,manual,volkswagen,polo,2,great,False,305099
2014,156184,diesel,mumbai,suv,manual,mahindra,scorpio,1,great,False,830699
2013,59531,diesel,bengaluru,sedan,manual,maruti,swift dzire,1,great,False,504899
2010,9278,petrol,bengaluru,hatchback,manual,tata,nano,1,good,False,89099
2016,25881,diesel,ahmedabad,suv,manual,maruti,vitara brezza,1,great,False,802199
2017,25491,diesel,mumbai,luxury suv,manual,jeep,compass,2,great,False,1389758
2019,1222,petrol,mumbai,hatchback,manual,renault,kwid,1,great,False,397799
2011,80062,petrol,pune,sedan,automatic,honda,city,1,great,False,394099
2017,76112,petrol,mumbai,hatchback,,maruti,baleno,1,great,False,564299
2017,29996,petrol,hyderabad,hatchback,manual,maruti,swift,2,great,False,546199
2010,49945,petrol,new delhi,hatchback,manual,honda,jazz,1,good,False,288499
2017,13072,petrol,chennai,,,maruti,omni e,1,great,False,349299
2018,28944,petrol,bengaluru,sedan,manual,honda,amaze,1,great,False,570399
2014,162517,diesel,mumbai,sedan,manual,maruti,ciaz,1,great,False,541499
2016,81717,petrol & cng,new delhi,suv,,maruti,eeco,1,great,False,240899
2013,23298,petrol,bengaluru,hatchback,automatic,hyundai,i10,1,great,False,443099
2016,107150,diesel,pune,sedan,automatic,hyundai,verna,1,great,False,694399
2010,82800,diesel,pune,hatchback,manual,ford,figo,3,good,False,180000
2011,58055,petrol,bengaluru,hatchback,manual,hyundai,i20,1,good,False,416299
2007,155004,petrol,gurgaon,sedan,manual,honda,city zx,2,good,False,141399
2013,63466,petrol,bengaluru,suv,manual,ford,ecosport,1,fair,False,500000
2012,72110,petrol,gurgaon,hatchback,manual,hyundai,i10,2,good,False,237199
2016,14894,petrol,bengaluru,hatchback,manual,hyundai,elite i20,2,great,False,560999
2015,66221,petrol,mumbai,suv,manual,maruti,ertiga,1,great,False,616799
2019,15028,petrol,chennai,suv,manual,maruti,eeco,1,great,False,465599
2015,31796,petrol,bengaluru,hatchback,manual,maruti,wagon r 1.0,1,great,False,386799
2013,96343,diesel,pune,sedan,manual,toyota,etios,2,great,False,382799
2017,34470,petrol,faridabad,hatchback,manual,maruti,ignis,2,great,False,377299
2015,135250,diesel,lucknow,suv,manual,tata,safari storme,2,great,False,626999
2016,27100,petrol,bengaluru,hatchback,manual,maruti,alto 800,1,great,False,336699
2015,62761,diesel,chennai,sedan,manual,maruti,swift dzire,1,great,False,567199
2016,73401,diesel,chennai,hatchback,manual,maruti,swift,1,great,False,520499
2007,86033,petrol,hyderabad,hatchback,manual,hyundai,i10,2,good,False,249599
2018,8452,petrol & cng,mumbai,hatchback,manual,maruti,wagon r 1.0,1,great,False,487499
2014,32033,petrol,mumbai,hatchback,automatic,maruti,celerio,1,great,False,419199
2017,88398,diesel,noida,suv,manual,toyota,innova crysta,2,great,False,1248358
2015,89930,diesel,ghaziabad,sedan,manual,hyundai,xcent,1,great,False,340199
2012,62307,diesel,hyderabad,hatchback,manual,maruti,swift,1,great,False,410599
2012,83548,petrol,lucknow,sedan,manual,maruti,swift dzire,1,good,False,366799
2014,99514,petrol & cng,mumbai,suv,manual,maruti,ertiga,1,great,False,571799
2018,49270,diesel,hyderabad,sedan,,tata,tigor,1,great,False,438299
2019,13212,diesel,new delhi,suv,,hyundai,creta,1,great,False,1447530
2013,51472,diesel,bengaluru,hatchback,manual,hyundai,i20,1,great,False,415699
2018,52539,petrol & cng,noida,hatchback,manual,maruti,wagon r 1.0,1,great,False,401799
2007,117800,petrol,hyderabad,hatchback,manual,maruti,wagon r,2,good,False,182199
2007,110646,petrol & cng,ghaziabad,hatchback,manual,maruti,zen estilo,2,overpriced,False,89000
2012,31540,petrol,mumbai,hatchback,manual,maruti,wagon r 1.0,1,great,False,312499
2018,61729,diesel,ahmedabad,suv,automatic,toyota,innova crysta,1,great,False,1490758
2012,103935,diesel,gurgaon,suv,manual,toyota,innova,2,great,True,639499
2007,64809,petrol,new delhi,hatchback,manual,hyundai,santro xing,2,great,False,102499
2015,36119,petrol,pune,sedan,automatic,honda,city,1,great,False,673999
2008,114310,diesel,ahmedabad,sedan,manual,ford,fiesta,2,fair,False,111000
2015,43748,petrol,bengaluru,hatchback,manual,hyundai,eon,3,great,False,267899
2017,26386,petrol,pune,sedan,manual,tata,tigor,2,great,False,491499
2014,51206,petrol,ahmedabad,hatchback,manual,hyundai,grand i10,1,great,False,371899
2018,33080,diesel,mumbai,hatchback,manual,hyundai,elite i20,1,great,False,726099
2020,22747,petrol,ahmedabad,sedan,,hyundai,verna,1,great,False,1112008
2013,97585,diesel,bengaluru,suv,manual,maruti,ertiga,1,great,False,595999
2018,20175,petrol,ghaziabad,,,ford,freestyle,1,great,False,509099
2015,78595,diesel,noida,sedan,manual,maruti,ciaz,1,great,False,444499
2016,36179,petrol,new delhi,hatchback,manual,maruti,swift,1,great,False,367999
2018,62683,diesel,ahmedabad,luxury suv,manual,jeep,compass,1,great,False,1367538
2010,58590,petrol,mumbai,sedan,manual,maruti,sx4,2,good,False,227099
2016,28640,petrol,new delhi,suv,manual,mahindra,kuv100,1,great,False,328099
2012,30254,petrol,mumbai,hatchback,manual,honda,brio,1,great,False,302799
2018,14673,petrol,gurgaon,hatchback,manual,hyundai,grand i10,1,great,False,450399
2012,121979,petrol,ahmedabad,sedan,manual,maruti,swift dzire,1,great,False,359899
2014,227391,diesel,bengaluru,suv,manual,toyota,innova,1,great,False,1129683
2010,132687,diesel,ahmedabad,suv,manual,mahindra,xylo,1,fair,False,200000
2014,104666,petrol,gurgaon,sedan,manual,honda,city,2,great,False,493399
2015,110966,petrol,new delhi,suv,manual,ford,ecosport,1,great,False,490999
2010,71122,petrol,bengaluru,hatchback,manual,maruti,alto,2,great,False,234399
2009,68132,petrol,pune,hatchback,manual,hyundai,i10,3,great,False,174099
2015,80800,petrol,bengaluru,sedan,manual,maruti,swift dzire,3,great,False,481199
2018,9582,petrol & cng,mumbai,hatchback,manual,maruti,wagon r 1.0,1,great,False,465699
2019,22770,petrol,pune,suv,,maruti,ertiga,1,great,False,1011199
2012,40911,petrol,bengaluru,hatchback,manual,maruti,alto 800,2,great,False,269599
2019,8781,petrol,bengaluru,hatchback,,hyundai,elite i20,1,great,False,782899
2012,84213,diesel,gurgaon,hatchback,manual,maruti,swift,1,great,False,324199
2019,5419,petrol,ahmedabad,hatchback,manual,maruti,swift,1,great,False,574999
2009,85240,petrol,pune,hatchback,manual,hyundai,i10,1,great,False,151999
2010,168462,petrol,pune,sedan,manual,honda,civic,1,good,False,270099
2008,29650,petrol,pune,hatchback,manual,hyundai,santro xing,2,great,False,157299
2012,79396,diesel,new delhi,sedan,manual,maruti,swift dzire,1,great,False,373799
2010,71080,petrol,bengaluru,hatchback,manual,chevrolet,spark,1,great,False,237399
2015,70207,diesel,bengaluru,sedan,automatic,hyundai,verna,1,great,False,766599
2013,132070,diesel,noida,sedan,manual,honda,amaze,1,great,True,250000
2016,62601,diesel,ghaziabad,suv,manual,mahindra,kuv100,1,great,False,333799
2015,110600,diesel,pune,sedan,manual,honda,city,1,great,True,600000
2012,71853,petrol,chennai,hatchback,manual,hyundai,i10,2,good,False,336999
2014,56549,diesel,ghaziabad,hatchback,manual,hyundai,i20,1,great,False,340699
2015,2546,petrol,bengaluru,hatchback,manual,hyundai,grand i10,1,great,False,563799
2012,170597,petrol,new delhi,sedan,manual,hyundai,accent,1,good,False,197799
2013,81944,petrol,hyderabad,hatchback,manual,maruti,alto k10,1,great,False,257299
2009,119627,petrol & cng,mumbai,hatchback,manual,hyundai,i20,2,good,False,240899
2011,47989,petrol,chennai,hatchback,manual,hyundai,santro xing,2,great,False,227199
2015,55867,diesel,hyderabad,suv,manual,hyundai,creta,1,great,False,916099
2010,150832,diesel,mumbai,suv,manual,toyota,innova,1,great,False,582199
2016,23226,petrol,faridabad,hatchback,manual,renault,kwid,1,great,False,265699
2013,68016,petrol,ghaziabad,sedan,manual,honda,city,1,great,False,424499
2014,103397,diesel,new delhi,sedan,manual,maruti,ciaz,1,great,False,442899
2019,5715,petrol & cng,noida,suv,manual,maruti,eeco,1,great,False,386499
2009,65198,petrol,mumbai,hatchback,manual,hyundai,i10,2,great,False,169299
2015,92400,diesel,gurgaon,luxury suv,manual,mahindra,xuv500,2,great,False,858799
2014,82081,diesel,new delhi,sedan,manual,volkswagen,vento,1,great,False,310299
2015,7187,petrol,bengaluru,hatchback,automatic,maruti,celerio,1,great,False,455899
2016,95404,petrol & cng,mumbai,hatchback,manual,maruti,celerio,1,great,False,411599
2009,53231,petrol,hyderabad,hatchback,manual,maruti,ritz,1,great,False,275299
2015,52758,petrol,noida,suv,automatic,ford,ecosport,2,great,False,640299
2012,242900,diesel,mumbai,suv,manual,maruti,ertiga,1,great,False,521099
2017,49405,petrol,bengaluru,hatchback,automatic,maruti,baleno,2,great,True,674199
2014,66079,petrol,bengaluru,hatchback,manual,maruti,alto k10,1,great,False,347099
2016,48395,petrol,bengaluru,hatchback,automatic,maruti,celerio,1,great,False,461299
2008,69982,petrol & lpg,chennai,hatchback,manual,maruti,wagon r duo,1,good,False,193499
2019,46337,diesel,chennai,suv,manual,tata,hexa,1,great,False,1914453
2014,110899,diesel,chennai,sedan,manual,honda,city,1,great,False,620199
2016,83735,petrol,chennai,hatchback,automatic,maruti,celerio,1,great,False,461099
2011,30640,petrol,pune,hatchback,manual,maruti,wagon r 1.0,1,great,False,266399
2014,29000,petrol,mumbai,suv,manual,ford,ecosport,2,great,False,464499
2016,36146,petrol,hyderabad,hatchback,automatic,maruti,baleno,2,great,False,570599
2010,60291,petrol,ghaziabad,sedan,automatic,honda,civic,1,good,False,270000
2011,76919,petrol,new delhi,hatchback,manual,maruti,ritz,1,good,False,251199
2012,45635,petrol,pune,hatchback,manual,ford,figo,1,good,False,238099
2017,51514,diesel,mumbai,suv,manual,maruti,vitara brezza,1,great,False,668999
2018,72536,diesel,chennai,sedan,manual,maruti,ciaz,1,great,False,674299
2018,84119,petrol & cng,hyderabad,hatchback,manual,maruti,celerio,1,great,False,423899
2016,105691,diesel,pune,luxury suv,,mahindra,xuv500,1,great,False,920999
2018,3399,petrol,mumbai,sedan,manual,tata,tigor,1,great,False,571199
2010,71422,petrol,new delhi,hatchback,manual,maruti,wagon r 1.0,2,good,False,210099
2014,80728,petrol,mumbai,hatchback,manual,maruti,swift,1,great,False,362899
2016,38114,petrol,bengaluru,suv,manual,maruti,eeco,1,great,False,392099
2009,103556,petrol & cng,new delhi,sedan,manual,honda,accord,5,fair,True,210000
2017,35617,diesel,mumbai,luxury sedan,automatic,hyundai,new elantra,2,great,False,1134935
2015,45865,petrol,bengaluru,sedan,manual,maruti,swift dzire,1,great,False,437299
2008,75701,petrol,mumbai,hatchback,manual,maruti,swift,2,good,False,180599
2018,57069,diesel,new delhi,suv,,maruti,s cross,1,great,False,769599
2011,126386,petrol,bengaluru,hatchback,manual,maruti,wagon r 1.0,1,good,False,326599
2012,53597,diesel,new delhi,luxury sedan,,mercedes benz,e class,2,great,False,1047570
2010,128317,diesel,pune,hatchback,manual,ford,figo,2,great,False,187099
2018,57889,petrol,bengaluru,hatchback,automatic,maruti,swift,1,great,False,691299
2019,16746,diesel,mumbai,suv,,mahindra,xuv 3oo,1,great,False,1154428
2014,48657,petrol,bengaluru,hatchback,manual,maruti,alto 800,1,great,False,272899
2011,72151,petrol & cng,mumbai,hatchback,manual,maruti,wagon r 1.0,2,great,False,253799
2010,85763,petrol,mumbai,luxury sedan,,toyota,corolla altis,3,good,False,287299
2012,29177,diesel,faridabad,luxury sedan,automatic,audi,a6,1,great,False,1184223
2009,54904,petrol,hyderabad,hatchback,manual,maruti,alto,1,good,False,185599
2016,43771,petrol,pune,sedan,manual,volkswagen,ameo,1,great,False,460099
2016,111279,petrol,new delhi,hatchback,manual,maruti,wagon r 1.0,1,good,True,295000
2016,52520,diesel,new delhi,suv,manual,maruti,vitara brezza,2,great,False,595999
2017,59023,diesel,new delhi,suv,manual,maruti,vitara brezza,2,great,False,604999
2015,41516,petrol,new delhi,sedan,,maruti,swift dzire,1,great,False,448399
2014,51147,petrol,ghaziabad,sedan,manual,hyundai,xcent,1,great,False,375000
2015,35743,petrol,bengaluru,hatchback,automatic,volkswagen,polo,1,great,False,622599
2012,52977,diesel,chennai,sedan,manual,volkswagen,vento,2,great,False,367799
2020,7449,petrol,ahmedabad,suv,manual,maruti,eeco,1,great,False,472799
2011,39325,petrol,new delhi,hatchback,manual,maruti,ritz,1,good,False,286099
2018,3330,petrol,bengaluru,sedan,,maruti,ciaz,1,great,False,839099
2016,60135,diesel,bengaluru,suv,automatic,mahindra,tuv300,2,great,False,671999
2014,22656,petrol,bengaluru,hatchback,manual,maruti,alto k10,1,great,False,306999
2012,110108,petrol,new delhi,hatchback,manual,honda,jazz,1,good,False,331799
2018,52726,diesel,mumbai,suv,automatic,toyota,innova crysta,1,great,False,1972932
2014,55269,petrol,pune,hatchback,manual,maruti,alto 800,1,great,False,241499
2012,56269,petrol,pune,sedan,manual,maruti,swift dzire,1,great,False,408899
2013,109600,diesel,ahmedabad,suv,manual,renault,duster,1,great,False,413499
2012,62165,petrol,ahmedabad,hatchback,manual,hyundai,i20,2,great,False,312699
2009,58102,petrol,bengaluru,luxury sedan,manual,mercedes benz,c class,2,great,False,554499
2014,82735,diesel,hyderabad,sedan,manual,honda,city,1,great,False,524699
2019,30598,petrol,hyderabad,hatchback,,maruti,s presso,1,fair,False,441299
2012,35190,petrol,chennai,hatchback,manual,maruti,alto,2,great,False,212999
2014,82140,diesel,new delhi,sedan,manual,maruti,swift dzire,2,great,False,374799
2018,6193,petrol,bengaluru,hatchback,,maruti,alto k10,1,great,False,409199
2008,48435,petrol,hyderabad,hatchback,,maruti,swift,2,good,False,246199
2013,30011,diesel,bengaluru,sedan,manual,maruti,swift dzire,1,great,True,517499
2013,68210,petrol,mumbai,sedan,automatic,volkswagen,vento,1,great,False,401000
2019,21863,petrol,ahmedabad,sedan,,honda,amaze,1,great,False,625799
2018,55960,diesel,bengaluru,suv,manual,maruti,vitara brezza,1,great,False,788399
2014,82605,petrol & cng,pune,hatchback,manual,maruti,alto 800,2,great,False,244499
2018,24872,petrol,chennai,hatchback,manual,renault,kwid,1,great,False,364899
2008,78054,petrol,hyderabad,hatchback,manual,hyundai,i10,1,great,False,235999
2014,39790,petrol & cng,pune,suv,manual,maruti,eeco,1,great,False,371599
2014,241014,petrol,ghaziabad,sedan,manual,maruti,swift dzire,1,great,False,315299
2020,2259,petrol,bengaluru,hatchback,,hyundai,grand i10 nios,1,great,False,766099
2018,21973,petrol,ahmedabad,hatchback,manual,renault,kwid,1,great,False,325299
2014,39007,petrol,ahmedabad,hatchback,manual,hyundai,i20,1,great,False,432099
2009,90418,petrol,new delhi,sedan,manual,maruti,swift dzire,1,good,False,209599
2017,49616,diesel,chennai,sedan,automatic,volkswagen,vento,1,great,False,773199
2018,44813,diesel,ahmedabad,suv,manual,maruti,s cross,1,great,False,803399
2015,10520,petrol,bengaluru,hatchback,manual,hyundai,grand i10,1,great,False,557099
2012,66327,petrol,ahmedabad,hatchback,manual,hyundai,eon,1,good,False,196999
2018,9861,petrol,bengaluru,hatchback,,maruti,alto k10,1,great,False,436999
2009,58959,petrol,bengaluru,hatchback,manual,maruti,alto,2,great,False,201899
2019,5115,petrol,noida,sedan,manual,maruti,dzire,1,great,False,625199
2014,64628,diesel,faridabad,suv,manual,nissan,terrano,1,good,False,500000
2019,27799,petrol,ahmedabad,hatchback,manual,maruti,alto,1,great,False,338099
2016,95987,petrol,hyderabad,hatchback,manual,volkswagen,polo,1,great,False,552599
2014,72201,petrol,new delhi,sedan,manual,honda,amaze,1,great,False,371499
2010,56095,petrol,bengaluru,hatchback,manual,maruti,alto k10,1,great,False,240599
2017,10754,petrol,pune,hatchback,manual,hyundai,i20 active,1,great,False,637399
2017,71494,petrol,new delhi,hatchback,manual,hyundai,grand i10,1,great,False,386599
2018,52420,petrol & cng,new delhi,suv,manual,maruti,eeco,1,great,True,380000
2012,138000,diesel,gurgaon,hatchback,manual,hyundai,i20,1,good,False,264199
2009,101931,petrol,hyderabad,hatchback,manual,hyundai,i10,2,great,False,221899
2016,57111,petrol,new delhi,hatchback,manual,renault,kwid,1,great,False,251299
2017,23780,petrol,mumbai,suv,manual,honda,wr-v,1,great,False,723199
2014,116278,diesel,bengaluru,suv,manual,maruti,ertiga,2,great,False,593599
2011,74518,petrol,new delhi,hatchback,manual,maruti,ritz,1,great,False,218899
2016,40746,diesel,mumbai,suv,manual,honda,br-v,1,great,False,775000
2013,57900,petrol,new delhi,hatchback,manual,hyundai,i20,1,great,False,324199
2013,91004,petrol,mumbai,sedan,manual,honda,amaze,1,great,False,380699
2018,11962,petrol,hyderabad,hatchback,manual,hyundai,elite i20,1,great,False,659499
2013,41967,petrol,bengaluru,hatchback,manual,maruti,alto 800,3,great,False,249299
2008,182406,diesel,pune,suv,manual,toyota,innova,2,great,False,391999
2011,156589,petrol,new delhi,sedan,manual,toyota,etios,1,great,False,207499
2018,3783,petrol,mumbai,suv,,maruti,ertiga,1,great,False,882599
2020,6679,petrol,noida,hatchback,manual,maruti,baleno,1,great,False,622999
2016,17430,petrol,bengaluru,hatchback,automatic,volkswagen,polo,2,great,False,772499
2015,12593,petrol,bengaluru,hatchback,,maruti,alto k10,2,great,False,394199
2015,91984,petrol,hyderabad,sedan,manual,hyundai,xcent,1,great,False,421099
2013,287219,diesel,gurgaon,suv,manual,toyota,innova,1,great,False,676699
2012,64259,petrol,hyderabad,hatchback,manual,maruti,alto,1,great,False,252199
2011,62904,petrol,bengaluru,hatchback,manual,hyundai,i20,1,great,False,387599
2011,68153,petrol,bengaluru,hatchback,manual,maruti,alto k10,2,great,False,241799
2012,47729,petrol & cng,mumbai,hatchback,manual,maruti,wagon r 1.0,1,great,False,289699
2011,18974,petrol,mumbai,hatchback,manual,hyundai,i20,1,great,False,359199
2011,123568,petrol,pune,hatchback,manual,hyundai,i20,2,great,False,290699
2018,1827,petrol,mumbai,sedan,automatic,hyundai,verna,1,great,False,1182304
2015,30242,petrol,pune,hatchback,manual,maruti,alto 800,1,great,False,257499
2008,64425,petrol & cng,pune,hatchback,manual,maruti,swift,2,great,False,199999
2016,2751,petrol,mumbai,hatchback,manual,hyundai,grand i10,1,great,False,469999
2012,59949,petrol,mumbai,hatchback,manual,honda,jazz,2,great,False,335099
2013,25052,petrol,ahmedabad,hatchback,manual,hyundai,eon,1,good,False,238299
2010,34181,petrol & cng,ghaziabad,hatchback,manual,maruti,a star,1,good,False,199199
2010,160205,diesel,pune,sedan,manual,maruti,swift dzire,2,great,False,280799
2017,110111,diesel,new delhi,sedan,manual,maruti,dzire,1,great,False,467399
2015,58570,petrol,mumbai,hatchback,manual,hyundai,grand i10,1,great,False,396499
2013,115427,petrol,chennai,hatchback,manual,hyundai,i10,1,great,False,292799
2007,149025,petrol,ghaziabad,hatchback,manual,maruti,alto,4,fair,False,81000
2009,62353,petrol,bengaluru,hatchback,manual,maruti,alto,3,great,False,199299
2013,69046,diesel,new delhi,hatchback,manual,hyundai,i20,1,fair,False,378299
2013,44431,petrol,bengaluru,hatchback,manual,maruti,swift,2,great,False,481699
2014,29094,petrol,hyderabad,hatchback,manual,hyundai,elite i20,1,great,False,490799
2012,81154,diesel,bengaluru,sedan,manual,skoda,rapid,1,great,False,457799
2012,10253,petrol,mumbai,sedan,automatic,hyundai,verna,2,great,False,374799
2008,222344,petrol,mumbai,luxury sedan,,toyota,corolla altis,2,great,False,228699
2016,32339,petrol,new delhi,hatchback,manual,maruti,alto 800,1,great,False,277099
2014,30338,petrol,mumbai,hatchback,manual,maruti,celerio,1,great,False,362699
2019,22647,petrol,mumbai,sedan,manual,hyundai,verna,1,great,False,822899
2018,12608,diesel,bengaluru,suv,manual,maruti,vitara brezza,1,great,False,855999
2015,92086,diesel,new delhi,hatchback,manual,maruti,swift,1,great,False,419699
2006,106500,petrol & cng,new delhi,hatchback,manual,hyundai,santro xing,1,good,False,70000
2019,37965,diesel,mumbai,,,mg,hector,1,great,False,1826684
2017,5359,petrol,ahmedabad,hatchback,manual,maruti,alto 800,1,great,False,270000
2015,64085,diesel,bengaluru,suv,manual,maruti,s cross,1,great,False,680199
2015,19570,petrol & cng,mumbai,hatchback,,maruti,wagon r 1.0,1,great,False,374199
2015,58003,diesel,new delhi,suv,,hyundai,creta,1,great,False,841699
2018,13638,petrol,bengaluru,hatchback,manual,maruti,celerio,1,great,False,541799
2009,72623,petrol,mumbai,hatchback,manual,maruti,ritz,1,great,False,180699
2012,94644,diesel,new delhi,sedan,manual,maruti,swift dzire,1,great,False,333299
2009,215809,petrol,ghaziabad,hatchback,manual,honda,jazz,1,great,False,202799
2011,114593,petrol & cng,hyderabad,hatchback,manual,maruti,wagon r 1.0,2,great,True,235299
2004,28484,petrol,new delhi,sedan,manual,ford,ikon,2,overpriced,False,50000
2008,155454,petrol,bengaluru,sedan,manual,ford,fiesta,1,good,False,242499
2015,31048,petrol,mumbai,suv,manual,maruti,ertiga,1,great,False,660199
2010,106039,petrol,hyderabad,luxury sedan,manual,skoda,superb,1,good,False,506299
2014,43981,petrol,bengaluru,sedan,manual,maruti,swift dzire,1,great,False,517199
2017,5994,petrol,mumbai,hatchback,manual,datsun,go plus,1,great,False,393499
2014,52108,petrol,chennai,hatchback,automatic,maruti,celerio,1,great,False,380199
2015,100330,petrol,noida,sedan,manual,maruti,ciaz,1,great,False,537599
2014,87237,petrol,ghaziabad,hatchback,manual,maruti,alto k10,1,great,False,200399
2013,29454,petrol,bengaluru,hatchback,manual,maruti,alto 800,2,great,False,252999
2017,51203,diesel,pune,suv,manual,maruti,ertiga,1,great,False,768199
2017,150584,diesel,ahmedabad,suv,manual,maruti,vitara brezza,1,great,False,731399
2010,87770,petrol,new delhi,hatchback,manual,hyundai,i10,1,great,False,199699
2012,95000,diesel,ahmedabad,,,maruti,swift,2,,False,260000
2018,150635,petrol & cng,ahmedabad,suv,manual,maruti,ertiga,1,great,False,740799
2009,74034,petrol,pune,hatchback,manual,maruti,swift,2,great,False,246999
2011,640251,petrol,noida,sedan,automatic,honda,civic,2,great,False,346299
2012,49323,petrol,mumbai,hatchback,manual,maruti,alto k10,1,great,False,182099
2019,28580,diesel,ahmedabad,luxury suv,,mahindra,xuv500,1,great,False,1125744
2010,119260,petrol,pune,sedan,,honda,city,1,great,False,247099
2016,58682,diesel,new delhi,,,honda,jazz,1,good,False,500000
2017,19792,petrol,pune,hatchback,manual,maruti,baleno,1,great,False,545999
2014,53916,petrol,bengaluru,hatchback,automatic,maruti,celerio,2,great,False,398299
2017,51063,petrol & cng,mumbai,hatchback,manual,maruti,wagon r 1.0,1,great,False,409299
2013,79962,diesel,noida,suv,manual,renault,duster,1,great,False,365099
2018,35859,petrol,chennai,sedan,manual,hyundai,verna,1,great,False,973399
2014,55075,petrol,faridabad,hatchback,manual,maruti,ritz,1,great,True,269099
2010,63843,petrol,new delhi,hatchback,manual,maruti,alto k10,3,good,False,180699
2009,89307,petrol,hyderabad,hatchback,manual,maruti,alto,1,great,False,173699
2017,53935,petrol,ahmedabad,sedan,manual,maruti,ciaz,1,great,False,548599
2015,22078,petrol,pune,sedan,,volkswagen,vento,2,great,False,567599
2017,4347,petrol,new delhi,hatchback,manual,maruti,ignis,2,good,False,500000
2013,44622,petrol,mumbai,hatchback,manual,honda,brio,1,great,False,289799
2020,5076,petrol,ahmedabad,suv,manual,maruti,eeco,1,great,False,481099
2013,20924,petrol,mumbai,sedan,manual,honda,amaze,1,great,False,411499
2013,111690,diesel,noida,suv,manual,ford,ecosport,1,great,False,384299
2014,37000,petrol,bengaluru,hatchback,,ford,figo,2,,False,375000
2007,100178,petrol & cng,pune,sedan,manual,maruti,sx4,4,overpriced,False,100000
2008,117930,petrol,new delhi,sedan,manual,maruti,sx4,1,good,False,163199
2009,111095,petrol,new delhi,hatchback,manual,hyundai,i10,1,good,False,187099
2016,96726,petrol,bengaluru,sedan,automatic,volkswagen,vento,1,great,False,623899
2008,102602,petrol & cng,new delhi,sedan,manual,hyundai,accent,2,overpriced,True,150000
2016,70380,petrol,ahmedabad,hatchback,manual,maruti,alto 800,1,good,False,259599
2013,68916,petrol,mumbai,hatchback,manual,honda,brio,1,good,False,338699
2012,80909,petrol & cng,new delhi,hatchback,manual,maruti,wagon r 1.0,2,good,True,174000
2010,103406,diesel,new delhi,hatchback,manual,maruti,swift,1,great,False,152000
2019,19564,petrol,chennai,hatchback,manual,maruti,ignis,1,great,False,567099
2019,16685,petrol,ghaziabad,hatchback,manual,renault,kwid,1,great,False,386599
2008,90892,petrol,pune,hatchback,manual,maruti,alto,4,great,False,70000
2010,86559,petrol,bengaluru,sedan,manual,honda,city,2,great,False,431499
2013,68242,petrol,mumbai,sedan,manual,hyundai,verna,3,great,False,367699
2014,67597,petrol,bengaluru,sedan,manual,honda,city,2,great,False,631699
2012,115457,diesel,ghaziabad,sedan,manual,hyundai,verna,1,great,False,356599
2018,52996,diesel,mumbai,sedan,manual,maruti,dzire,1,great,False,709499
2013,115820,diesel,new delhi,suv,manual,maruti,ertiga,1,great,False,456899
2018,40049,diesel,new delhi,suv,,hyundai,creta,1,great,False,878999
2014,39756,petrol,pune,sedan,manual,hyundai,verna,2,great,False,483899
2015,71640,diesel,hyderabad,hatchback,manual,maruti,swift,1,great,False,536399
2014,31287,petrol,bengaluru,hatchback,manual,hyundai,eon,3,great,False,286499
2016,47833,petrol,hyderabad,hatchback,,maruti,alto k10,2,great,False,351199
2011,55810,petrol,new delhi,hatchback,manual,maruti,alto k10,2,good,False,206999
2017,38079,petrol,mumbai,hatchback,manual,maruti,alto k10,2,great,False,334299
2014,83300,petrol,ahmedabad,hatchback,manual,maruti,swift,1,great,False,394499
2010,98553,petrol,bengaluru,hatchback,manual,chevrolet,beat,1,good,False,224699
2015,113208,diesel,new delhi,luxury suv,manual,mahindra,xuv500,1,great,False,918099
2014,95243,diesel,mumbai,hatchback,manual,hyundai,elite i20,1,great,False,526999
2010,87265,petrol,mumbai,hatchback,manual,hyundai,i20,1,good,False,268299
2006,63992,petrol & cng,ahmedabad,hatchback,manual,chevrolet,aveo u va,2,overpriced,False,80000
2011,35039,petrol,hyderabad,hatchback,manual,maruti,alto,1,great,False,238599
2012,53558,petrol,mumbai,hatchback,manual,maruti,wagon r 1.0,1,great,False,279599
2011,36419,petrol,mumbai,hatchback,manual,toyota,etios liva,2,great,False,257399
2015,67455,petrol,bengaluru,,,maruti,omni e,1,great,False,280099
2014,53935,petrol,lucknow,sedan,manual,maruti,swift dzire,1,great,False,411099
2015,60954,petrol,chennai,hatchback,manual,toyota,etios liva,1,great,False,435099
2019,65709,diesel,chennai,sedan,manual,maruti,dzire,1,great,False,691699
2012,123846,diesel,new delhi,hatchback,manual,maruti,swift,1,great,False,327799
2018,27623,diesel,chennai,hatchback,manual,maruti,baleno,1,great,False,658899
2017,57969,petrol,ahmedabad,sedan,manual,honda,city,1,great,False,790299
2015,24134,petrol,mumbai,hatchback,automatic,volkswagen,polo,1,great,False,555899
2019,28932,petrol,mumbai,suv,,hyundai,venue,1,great,False,1071103
2015,82350,petrol,ahmedabad,hatchback,manual,hyundai,eon,2,good,False,260299
2016,58133,electric,bengaluru,hatchback,manual,mahindra,e 20,1,fair,False,350000
2011,36503,petrol,chennai,hatchback,manual,maruti,wagon r 1.0,2,great,False,290699
2011,73715,diesel,mumbai,luxury sedan,automatic,volkswagen,passat,1,great,False,582899
2012,87615,petrol,hyderabad,sedan,manual,honda,city,1,great,False,478299
2016,40705,petrol,mumbai,luxury sedan,automatic,toyota,corolla altis,1,great,False,1122108
2011,55925,petrol,bengaluru,luxury sedan,,toyota,corolla altis,4,great,False,401099
2016,34151,petrol,chennai,hatchback,manual,maruti,alto 800,2,great,False,311399
2016,71468,diesel,ghaziabad,suv,manual,maruti,vitara brezza,1,great,False,623799
2016,28987,diesel,hyderabad,suv,manual,maruti,vitara brezza,1,great,False,777299
2009,107840,petrol,pune,hatchback,manual,maruti,a star,1,great,False,184699
2014,30411,petrol,mumbai,sedan,manual,maruti,swift dzire,2,great,False,460899
2020,379,petrol,hyderabad,hatchback,,hyundai,grand i10 nios,1,great,False,680899
2019,14779,petrol,bengaluru,suv,automatic,renault,duster,2,great,False,936699
2017,62516,petrol,hyderabad,hatchback,manual,maruti,baleno,1,great,False,614099
2011,66622,petrol,new delhi,hatchback,manual,hyundai,i10,1,great,False,189499
2012,51209,diesel,mumbai,suv,manual,maruti,ertiga,1,great,False,590899
2016,82420,diesel,bengaluru,suv,manual,maruti,vitara brezza,1,great,False,756099
2012,88815,diesel,bengaluru,sedan,manual,hyundai,verna,5,great,False,413899
2009,70095,petrol & cng,new delhi,hatchback,manual,maruti,ritz,2,fair,True,170000
2018,49072,petrol,ahmedabad,sedan,manual,maruti,ciaz,1,great,False,690699
2020,3822,petrol,ahmedabad,suv,manual,maruti,eeco,1,great,False,476499
2017,33205,petrol,bengaluru,hatchback,manual,tata,tiago,1,great,False,489599
2013,63162,petrol,bengaluru,hatchback,manual,hyundai,i10,1,great,False,306000
2019,8940,petrol,chennai,hatchback,manual,maruti,swift,1,great,False,575099
2013,48861,petrol,chennai,suv,manual,ford,ecosport,1,great,False,474499
2015,106123,diesel,new delhi,hatchback,manual,hyundai,elite i20,1,great,False,480399
2012,113073,diesel,gurgaon,hatchback,manual,maruti,swift,1,great,False,291999
2014,9571,petrol,mumbai,sedan,manual,hyundai,xcent,1,great,False,460899
2018,6662,petrol,ahmedabad,hatchback,manual,maruti,alto 800,1,great,False,343299
2012,95321,diesel,gurgaon,hatchback,manual,maruti,swift,1,great,False,324599
2018,82508,diesel,mumbai,suv,manual,maruti,ertiga,1,great,False,884399
2018,14275,petrol,bengaluru,hatchback,manual,maruti,alto 800,1,great,False,304399
2016,85369,diesel,gurgaon,suv,automatic,renault,duster,1,great,True,522599
2015,171277,diesel,hyderabad,hatchback,manual,maruti,swift,1,great,False,511499
2008,84985,petrol & lpg,hyderabad,hatchback,manual,hyundai,santro xing,1,great,False,166199
2017,14965,petrol,chennai,hatchback,manual,hyundai,grand i10,1,great,False,533399
2014,88835,diesel,new delhi,sedan,manual,maruti,swift dzire,1,great,False,354099
2014,9392,petrol,pune,hatchback,automatic,tata,nano,1,great,False,187599
2014,107465,diesel,noida,hatchback,manual,volkswagen,polo,1,great,False,366399
2017,38526,petrol,hyderabad,hatchback,manual,hyundai,elite i20,2,great,False,623899
2010,72363,petrol,new delhi,hatchback,manual,maruti,swift,1,great,False,202899
2011,90696,diesel,pune,luxury sedan,automatic,bmw,3 series,2,great,False,694299
2014,23856,petrol,mumbai,luxury sedan,,mercedes benz,c class,2,great,False,1335521
2017,76040,diesel,chennai,sedan,automatic,maruti,dzire,1,great,False,707799
2019,20995,diesel,mumbai,suv,,tata,nexon ,1,great,False,973899
2015,23144,petrol,hyderabad,hatchback,manual,renault,kwid,1,good,False,286899
2015,79035,petrol,bengaluru,hatchback,automatic,nissan,micra,1,great,False,384699
2017,54562,petrol,chennai,suv,automatic,honda,br-v,1,great,False,806099
2017,18510,petrol,mumbai,suv,manual,ford,ecosport,1,great,False,606699
2013,22201,petrol,bengaluru,hatchback,automatic,hyundai,i10,1,great,False,469299
2017,46220,diesel,pune,suv,automatic,renault,duster,1,great,False,887499
2012,113771,diesel,gurgaon,luxury suv,automatic,audi,q3,1,great,False,1119381
2016,41357,petrol,gurgaon,hatchback,manual,hyundai,grand i10,1,great,False,352299
2010,233928,diesel,mumbai,suv,manual,toyota,innova,2,great,False,536199
2014,23233,petrol,hyderabad,hatchback,manual,maruti,wagon r 1.0,2,great,False,357399
2012,71968,petrol,bengaluru,hatchback,manual,maruti,wagon r,2,great,False,298599
2008,85606,petrol,bengaluru,hatchback,automatic,hyundai,i10,1,great,False,304599
2015,74825,diesel,new delhi,suv,manual,mahindra,tuv300,1,good,False,490000
2011,48380,petrol,mumbai,hatchback,manual,nissan,micra,2,good,False,199699
2013,9676,petrol,bengaluru,hatchback,manual,maruti,alto k10,1,great,False,299599
2010,57695,petrol,hyderabad,hatchback,manual,maruti,alto,2,good,False,205199
2010,19432,petrol,mumbai,hatchback,manual,maruti,ritz,1,great,False,241199
2010,46021,petrol,bengaluru,hatchback,manual,maruti,a star,2,great,False,246699
2014,90426,diesel,new delhi,sedan,manual,honda,city,1,great,False,523899
2015,58384,petrol,bengaluru,hatchback,manual,volkswagen,polo,2,great,False,531899
2013,46281,petrol,chennai,hatchback,manual,nissan,micra,2,great,False,283099
2017,29115,petrol,hyderabad,sedan,manual,maruti,dzire,1,great,False,664399
2015,36995,petrol,hyderabad,hatchback,manual,hyundai,eon,1,great,False,297799
2017,80193,diesel,gurgaon,hatchback,manual,maruti,baleno,1,great,False,581099
2015,78599,diesel,pune,suv,automatic,hyundai,creta,2,great,False,959399
2013,85256,diesel,noida,suv,manual,mahindra,bolero,1,great,False,378999
2007,33538,petrol,bengaluru,hatchback,manual,maruti,alto,1,great,False,189599
2014,100187,petrol,new delhi,sedan,manual,honda,amaze,2,great,False,400099
2014,101866,diesel,pune,sedan,manual,honda,city,2,great,False,531399
2014,50672,petrol,lucknow,sedan,manual,hyundai,xcent,2,great,False,358799
2015,74575,diesel,chennai,sedan,manual,maruti,swift dzire,1,great,False,536099
2015,84281,petrol,mumbai,hatchback,manual,volkswagen,polo,1,great,False,421499
2014,43955,petrol,bengaluru,hatchback,manual,maruti,wagon r 1.0,1,great,False,387199
2015,72955,diesel,ahmedabad,hatchback,manual,maruti,swift,2,great,False,390000
2018,47051,petrol,ahmedabad,sedan,manual,maruti,ciaz,1,great,False,664599
2009,170681,diesel,bengaluru,hatchback,manual,maruti,ritz,1,great,False,313799
2012,109303,diesel,new delhi,sedan,manual,hyundai,verna,1,great,False,358399
2014,113481,petrol,mumbai,hatchback,manual,maruti,swift,1,great,False,383599
2013,54021,diesel,mumbai,suv,manual,maruti,ertiga,1,great,False,645099
2019,45317,petrol & cng,ahmedabad,suv,manual,maruti,eeco,1,great,False,452399
2011,26569,petrol,hyderabad,hatchback,manual,ford,figo,1,good,False,263199
2018,30904,petrol,new delhi,sedan,,maruti,ciaz,1,great,False,828499
2018,53156,petrol & cng,new delhi,hatchback,,maruti,alto k10,1,great,False,302099
2019,12583,petrol,bengaluru,hatchback,manual,maruti,baleno,1,great,False,695599
2015,61188,petrol,mumbai,suv,automatic,ford,ecosport,1,great,False,607999
2009,101199,petrol,new delhi,hatchback,manual,hyundai,i10,1,good,False,179199
2009,37982,petrol,new delhi,hatchback,manual,hyundai,i10,2,fair,False,197099
2014,56469,petrol,new delhi,sedan,manual,maruti,ciaz,1,great,False,479999
2019,11855,petrol,chennai,hatchback,,hyundai,elite i20,2,great,False,628299
2014,12720,petrol,chennai,hatchback,manual,maruti,swift,1,great,False,510899
2009,76508,petrol,gurgaon,hatchback,manual,maruti,swift,4,great,False,195059
2017,14538,petrol,ahmedabad,hatchback,manual,hyundai,grand i10,1,great,False,478299
2010,53390,petrol,ghaziabad,hatchback,manual,tata,nano,2,fair,False,35000
2015,57036,petrol,bengaluru,hatchback,manual,maruti,swift,1,great,False,485399
2017,43072,petrol,new delhi,hatchback,manual,maruti,alto 800,2,great,False,270000
2020,9344,petrol,noida,sedan,manual,honda,amaze,1,great,False,685399
2019,7343,petrol,bengaluru,hatchback,manual,renault,kwid,1,great,False,400699
2020,11371,diesel,hyderabad,suv,manual,ford,ecosport,1,great,False,981199
2014,56316,petrol,mumbai,hatchback,manual,volkswagen,polo,1,great,False,420099
2012,107319,diesel,pune,sedan,manual,tata,manza,1,fair,False,256499
2017,52212,diesel,gurgaon,suv,,ford,ecosport,1,great,False,692899
2017,37386,petrol,mumbai,suv,manual,honda,wr-v,1,great,False,727299
2011,109283,petrol & cng,ghaziabad,hatchback,manual,maruti,wagon r 1.0,1,good,False,274299
2017,89362,petrol,hyderabad,sedan,automatic,honda,city,1,great,False,921799
2012,37135,petrol,pune,hatchback,manual,maruti,wagon r 1.0,1,great,False,295599
2016,22884,petrol,ahmedabad,sedan,manual,hyundai,verna,1,great,False,618799
2017,43634,diesel,hyderabad,suv,manual,maruti,ertiga,1,great,False,811699
2018,72527,diesel,bengaluru,luxury suv,automatic,hyundai,tucson new,2,great,False,1651146
2010,42795,petrol,pune,hatchback,manual,volkswagen,polo,1,good,False,285599
2014,46348,petrol,bengaluru,sedan,manual,honda,amaze,1,great,False,408899
2012,98842,petrol,mumbai,luxury sedan,manual,mercedes benz,e class,2,great,False,1139985
2016,95260,petrol,pune,hatchback,manual,hyundai,elite i20,1,great,False,453799
2012,28610,petrol,bengaluru,hatchback,manual,maruti,alto 800,1,great,False,256399
2016,41120,petrol,chennai,hatchback,manual,maruti,alto 800,2,great,False,302099
2014,81540,diesel,hyderabad,sedan,manual,maruti,swift dzire,1,great,False,547899
2016,46455,diesel,new delhi,sedan,manual,tata,zest,1,great,False,300000
2013,70687,diesel,new delhi,hatchback,manual,maruti,ritz,1,great,False,285299
2011,33717,petrol,faridabad,hatchback,manual,maruti,zen estilo,1,great,False,200799
2018,92405,petrol & cng,ahmedabad,suv,manual,maruti,eeco,1,great,False,422299
2013,59555,petrol,bengaluru,hatchback,automatic,hyundai,i10,2,great,False,370299
2014,101361,petrol,pune,hatchback,manual,maruti,celerio,2,great,False,367399
2014,62642,petrol,bengaluru,hatchback,manual,maruti,wagon r 1.0,1,great,False,410099
2017,52028,petrol,new delhi,sedan,manual,honda,city,1,great,False,850000
2015,26270,petrol,ghaziabad,hatchback,manual,hyundai,eon,1,great,False,263999
2012,56032,petrol,new delhi,hatchback,manual,volkswagen,polo,2,great,False,295299
2017,113808,diesel,pune,suv,manual,maruti,s cross,1,great,False,662399
2015,15839,petrol,bengaluru,hatchback,manual,hyundai,grand i10,1,great,False,504799
2014,2288,diesel,gurgaon,luxury sedan,automatic,jaguar,xj l,1,good,False,3866000
2014,22411,diesel,chennai,sedan,manual,nissan,sunny,1,great,False,478899
2010,84850,petrol,new delhi,hatchback,manual,hyundai,i10,1,great,False,216999
2020,6942,petrol,ahmedabad,hatchback,manual,maruti,alto,1,great,False,363499
2015,32671,petrol,chennai,hatchback,manual,renault,kwid,1,great,False,288699
2015,41688,petrol,bengaluru,hatchback,manual,hyundai,grand i10,1,great,False,401999
2019,25469,petrol,new delhi,suv,,maruti,ertiga,1,great,False,874799
2013,90309,diesel,ghaziabad,suv,manual,ford,ecosport,3,great,False,383699
2015,5972,petrol,mumbai,hatchback,manual,maruti,celerio,1,great,False,377899
2016,43240,petrol,mumbai,sedan,manual,honda,amaze,1,great,False,435599
2012,112871,petrol,hyderabad,sedan,manual,maruti,swift dzire,1,great,False,417799
2019,47782,petrol,ahmedabad,sedan,,volkswagen,ameo,1,great,False,430399
2015,37023,petrol,new delhi,hatchback,manual,hyundai,elite i20,1,great,False,507799
2013,205697,diesel,noida,luxury suv,manual,toyota,fortuner,1,great,False,1105948
2017,23023,petrol,bengaluru,hatchback,,maruti,alto k10,2,great,False,361899
2015,136775,diesel,noida,sedan,manual,honda,amaze,1,great,False,291999
2015,72343,petrol,mumbai,sedan,manual,honda,amaze,1,great,False,376799
2011,58202,petrol,pune,hatchback,manual,hyundai,i20,2,great,False,337399
2013,81382,diesel,mumbai,suv,manual,renault,duster,1,great,False,476899
2015,62928,petrol,ahmedabad,suv,manual,maruti,ertiga,1,great,False,531499
2012,70522,petrol,new delhi,hatchback,manual,maruti,swift,1,great,False,407299
2010,88895,petrol,new delhi,hatchback,manual,hyundai,i10,1,good,False,175199
2015,36307,petrol,new delhi,hatchback,manual,hyundai,elite i20,1,great,False,552599
2016,36414,petrol,hyderabad,hatchback,manual,datsun,redi go,1,good,False,200000
2016,16491,petrol,mumbai,hatchback,automatic,maruti,baleno,1,great,False,669799
2010,90062,petrol,bengaluru,hatchback,manual,hyundai,i20,1,great,False,373299
2012,25375,petrol,mumbai,sedan,manual,hyundai,verna,1,great,False,376799
2016,28787,diesel,mumbai,suv,manual,hyundai,creta,1,great,False,1021411
2012,47840,petrol,chennai,hatchback,automatic,hyundai,i10,2,good,False,379999
2008,143363,petrol,new delhi,sedan,manual,maruti,swift dzire,1,great,False,156899
2012,81759,petrol,hyderabad,hatchback,manual,maruti,alto k10,2,great,False,218999
2019,29962,petrol,mumbai,suv,manual,ford,ecosport,1,great,False,855199
2010,61156,petrol,bengaluru,hatchback,manual,maruti,ritz,1,great,False,362699
2015,94412,diesel,chennai,suv,automatic,hyundai,creta,1,great,False,812499
2008,53131,petrol,hyderabad,hatchback,manual,hyundai,santro xing,2,good,False,205799
2011,35533,petrol,hyderabad,hatchback,manual,hyundai,i10,1,great,False,317399
2011,77761,petrol,mumbai,sedan,manual,maruti,sx4,2,great,False,233699
2013,94895,diesel,ghaziabad,luxury sedan,automatic,audi,a4,3,great,False,1063528
2008,113515,petrol,new delhi,sedan,automatic,honda,city zx,1,great,False,80000
2012,83304,petrol,bengaluru,hatchback,manual,hyundai,i20,1,great,False,405099
2016,45170,petrol,bengaluru,hatchback,manual,maruti,wagon r 1.0,1,great,False,385499
2012,63009,petrol,bengaluru,hatchback,manual,maruti,swift,1,great,False,470799
2018,24707,diesel,ahmedabad,suv,automatic,tata,hexa,1,great,False,1189172
2014,122250,diesel,ghaziabad,sedan,manual,honda,city,2,great,True,400000
2015,39094,petrol,pune,hatchback,manual,maruti,wagon r 1.0,2,great,False,383199
2014,80584,diesel,noida,suv,manual,toyota,innova,1,great,False,668299
2018,18794,diesel,chennai,suv,,hyundai,creta,2,great,False,880799
2015,37429,petrol,mumbai,sedan,manual,maruti,ciaz,1,great,False,520499
2013,85864,diesel,hyderabad,sedan,manual,maruti,swift dzire,2,great,False,524399
2019,39910,diesel,mumbai,suv,automatic,maruti,vitara brezza,2,great,False,928599
2010,47861,petrol,new delhi,hatchback,manual,maruti,swift,1,great,False,264499
2016,14773,petrol,bengaluru,hatchback,manual,renault,kwid,1,great,False,381599
2014,66724,petrol,mumbai,sedan,manual,honda,city,1,great,False,529899
2011,82523,petrol & cng,new delhi,sedan,manual,toyota,etios,2,good,False,252499
2016,27015,petrol,hyderabad,hatchback,manual,hyundai,grand i10,1,great,False,492199
2017,8280,petrol,bengaluru,hatchback,manual,tata,tiago,1,great,False,542499
2012,300672,diesel,mumbai,suv,manual,toyota,innova,1,great,False,540000
2014,73364,petrol,new delhi,suv,manual,maruti,ertiga,1,great,False,523499
2016,32496,petrol,chennai,hatchback,automatic,hyundai,grand i10,1,great,False,492399
2008,119960,petrol,pune,hatchback,manual,hyundai,i10,2,great,False,199299
2013,64318,petrol & lpg,hyderabad,hatchback,manual,hyundai,i10,2,great,False,302499
2010,21013,petrol,new delhi,hatchback,manual,hyundai,i10,1,good,False,244699
2011,62555,petrol,mumbai,luxury sedan,manual,skoda,laura,1,great,False,252799
2010,42013,petrol,mumbai,sedan,manual,volkswagen,vento,1,great,False,248999
2012,100609,petrol,mumbai,sedan,manual,volkswagen,vento,1,good,False,301199
2008,82148,petrol,pune,hatchback,manual,hyundai,i10,3,great,False,199899
2014,47920,petrol,new delhi,sedan,manual,toyota,etios,1,great,False,357399
2018,16534,petrol,pune,hatchback,manual,tata,tiago,1,great,False,472599
2013,45258,diesel,bengaluru,hatchback,manual,chevrolet,beat,1,great,False,259099
2013,50232,petrol,pune,hatchback,manual,hyundai,i20,1,great,False,424299
2016,121507,diesel,ghaziabad,suv,manual,ford,ecosport,1,great,False,503199
2018,41350,petrol,bengaluru,hatchback,manual,maruti,swift,1,great,False,592499
2010,44505,petrol,gurgaon,sedan,manual,maruti,swift dzire,1,good,False,268799
2015,133949,diesel,pune,hatchback,manual,volkswagen,polo,1,great,False,403499
2019,4792,petrol,ghaziabad,,,maruti,new  wagon-r,1,great,False,473799
2010,93671,petrol,pune,sedan,automatic,honda,city,2,great,False,332899
2007,98787,petrol,hyderabad,sedan,manual,honda,civic,2,great,False,251899
2014,122226,diesel,hyderabad,sedan,manual,honda,city,1,great,False,590000
2018,30872,diesel,mumbai,suv,,hyundai,creta,1,great,False,1449045
2014,75156,petrol,mumbai,sedan,manual,honda,amaze,1,great,False,389899
2015,27767,petrol,mumbai,hatchback,manual,maruti,wagon r 1.0,1,great,False,323099
2012,81861,petrol,faridabad,hatchback,manual,maruti,alto 800,1,great,False,186999
2013,41999,diesel,new delhi,hatchback,manual,hyundai,i20,1,great,True,341999
2013,129364,diesel,gurgaon,sedan,manual,maruti,swift dzire,1,great,False,344799
2013,76084,petrol,new delhi,hatchback,manual,hyundai,grand i10,1,great,False,312199
2012,99219,petrol,new delhi,sedan,manual,honda,city,2,great,False,351499
2012,76434,petrol,mumbai,luxury sedan,manual,skoda,superb,2,great,False,351399
2009,191532,petrol,new delhi,sedan,manual,maruti,swift dzire,1,great,False,186299
2013,227458,petrol & cng,pune,hatchback,manual,maruti,wagon r 1.0,1,great,False,274399
2011,36916,petrol,new delhi,hatchback,manual,maruti,ritz,1,great,False,240499
2016,32883,petrol,chennai,hatchback,manual,maruti,alto 800,2,great,False,287299
2017,11733,petrol,chennai,hatchback,manual,maruti,alto k10,1,great,False,358699
2009,72858,petrol,new delhi,hatchback,manual,hyundai,i10,2,great,False,165199
2016,51353,diesel,new delhi,suv,,hyundai,creta,1,great,False,837999
2015,48615,petrol,ghaziabad,hatchback,manual,maruti,swift,1,great,False,415299
2011,36084,petrol,mumbai,hatchback,manual,maruti,wagon r 1.0,2,good,False,273899
2018,65207,diesel,hyderabad,hatchback,manual,maruti,swift,1,great,False,684199
2011,17980,petrol,noida,hatchback,manual,maruti,ritz,1,good,False,270699
2016,33044,petrol,hyderabad,hatchback,manual,hyundai,elite i20,2,great,False,570599
2015,15440,petrol,kolkata,hatchback,manual,hyundai,i10,1,good,False,337199
2012,88747,petrol,chennai,hatchback,manual,hyundai,eon,1,good,False,290299
2013,51650,petrol,new delhi,hatchback,manual,honda,brio,1,great,False,274099
2012,47356,petrol & cng,new delhi,hatchback,manual,maruti,wagon r 1.0,1,great,False,235199
2014,65487,petrol,chennai,hatchback,manual,maruti,alto 800,1,great,False,259099
2015,114221,diesel,hyderabad,hatchback,manual,maruti,swift,1,great,False,478699
2011,121163,petrol & cng,mumbai,luxury sedan,,toyota,corolla altis,2,great,False,357399
2009,71126,petrol,bengaluru,hatchback,manual,hyundai,i10,2,great,False,300499
2014,70965,diesel,chennai,hatchback,manual,volkswagen,polo,1,good,False,468999
2015,97868,diesel,gurgaon,hatchback,manual,maruti,swift,1,great,False,381699
2014,59818,diesel,gurgaon,suv,manual,ford,ecosport,1,great,False,435899
2008,81426,petrol,mumbai,luxury sedan,,toyota,corolla altis,3,great,False,223599
2011,73867,petrol,hyderabad,hatchback,manual,hyundai,i10,1,great,False,291599
2017,41831,petrol,noida,suv,manual,hyundai,creta,1,great,True,949799
2010,107892,petrol & cng,ahmedabad,hatchback,manual,maruti,zen estilo,3,great,False,133199
2010,101633,petrol,new delhi,hatchback,manual,maruti,ritz,2,good,False,233999
2020,3282,petrol,pune,hatchback,manual,tata,tiago,1,great,False,499199
2013,190199,petrol,bengaluru,sedan,manual,hyundai,verna,1,great,False,480799
2010,37321,petrol & cng,mumbai,hatchback,manual,hyundai,i10,2,good,False,257999
2019,22902,diesel,new delhi,hatchback,,hyundai,elite i20,1,great,False,700000
2016,53414,petrol,bengaluru,hatchback,manual,renault,kwid,1,great,False,352399
2014,171211,petrol,new delhi,sedan,manual,honda,city,1,great,False,405499
2012,170924,diesel,noida,suv,manual,toyota,innova,1,great,False,483299
2012,15914,petrol,mumbai,hatchback,manual,chevrolet,beat,1,good,False,182799
2019,18090,petrol,new delhi,hatchback,manual,datsun,redi go,1,great,False,248099
2016,56491,petrol,gurgaon,hatchback,manual,maruti,alto 800,1,great,False,244399
2008,94396,petrol,chennai,sedan,manual,honda,city zx,1,good,False,299699
2013,63674,diesel,new delhi,sedan,manual,maruti,swift dzire,1,great,False,350000
2017,19606,petrol,new delhi,hatchback,manual,hyundai,elite i20,1,great,False,615799
2016,17477,petrol,chennai,sedan,manual,maruti,swift dzire,1,great,False,549299
2017,35805,petrol,hyderabad,sedan,manual,honda,city,2,great,False,758099
2013,115213,petrol & cng,mumbai,hatchback,manual,maruti,wagon r 1.0,1,great,False,279999
2012,43367,petrol,bengaluru,hatchback,manual,maruti,alto k10,2,great,False,288599
2018,24199,petrol,bengaluru,hatchback,,renault,kwid,1,great,False,395399
2018,12409,petrol,new delhi,hatchback,automatic,maruti,wagon r 1.0,1,great,False,396999
2012,50282,petrol,bengaluru,hatchback,manual,maruti,alto k10,3,great,False,274599
2010,95624,petrol,hyderabad,hatchback,manual,hyundai,i10,3,good,False,297499
2011,55421,petrol,hyderabad,hatchback,manual,hyundai,i10,2,great,False,274399
2011,82861,petrol,chennai,hatchback,manual,hyundai,i20,1,good,False,329099
2014,88029,diesel,mumbai,suv,manual,mahindra,xuv500,1,good,True,700000
2014,35406,petrol,bengaluru,hatchback,manual,maruti,alto 800,1,great,False,290399
2012,105522,diesel,noida,sedan,manual,maruti,swift dzire,1,great,False,326599
2011,56727,petrol,mumbai,sedan,manual,honda,city,1,great,False,342699
2010,38567,petrol,bengaluru,hatchback,manual,hyundai,i10,1,great,False,312299
2019,7146,petrol,mumbai,hatchback,,hyundai,elite i20,1,great,False,812999
2014,84647,diesel,mumbai,sedan,manual,hyundai,verna,1,great,False,496099
2013,167408,diesel,new delhi,suv,manual,maruti,ertiga,1,great,False,391899
2016,18251,petrol,chennai,hatchback,manual,maruti,alto 800,2,great,False,305599
2011,81190,petrol,ahmedabad,luxury sedan,manual,mercedes benz,c class,3,great,False,669799
2014,63051,petrol,pune,sedan,manual,maruti,swift dzire,1,great,False,388799
2014,42968,petrol,mumbai,sedan,manual,maruti,swift dzire,1,great,False,439399
2014,45043,petrol,chennai,hatchback,manual,maruti,alto k10,2,great,False,272399
2012,33186,petrol,bengaluru,hatchback,manual,maruti,alto k10,2,great,False,272199
2012,88489,petrol,new delhi,sedan,manual,honda,city,2,great,False,355799
2017,46394,petrol,new delhi,sedan,manual,tata,tigor,1,great,False,393299
2013,89370,diesel,gurgaon,sedan,manual,renault,scala,1,great,False,256999
2016,138691,petrol & cng,mumbai,suv,manual,maruti,ertiga,1,great,False,655599
2013,69448,diesel,pune,hatchback,manual,maruti,swift,1,great,False,401899
2019,17518,petrol,ahmedabad,hatchback,manual,maruti,swift,1,great,False,505799
2011,46479,petrol,bengaluru,hatchback,manual,chevrolet,beat,1,good,False,248699
2014,41556,petrol,pune,hatchback,manual,hyundai,grand i10,1,great,False,429199
2017,23886,diesel,new delhi,hatchback,manual,maruti,swift,1,fair,True,550000
2012,70135,petrol,bengaluru,hatchback,manual,hyundai,eon,1,great,False,239199
2013,34999,petrol,bengaluru,hatchback,manual,hyundai,i20,1,great,False,481899
2011,38721,petrol,faridabad,hatchback,manual,hyundai,eon,1,good,False,145799
2009,88322,petrol,hyderabad,hatchback,manual,hyundai,i10,1,great,False,259199
2017,24433,petrol,ghaziabad,hatchback,,hyundai,grand i10,1,great,False,432299
2016,52417,petrol,new delhi,hatchback,manual,renault,kwid,2,great,False,219899
2015,99951,petrol,mumbai,luxury sedan,automatic,hyundai,new elantra,1,great,False,607799
2014,74950,petrol,mumbai,sedan,manual,volkswagen,vento,1,great,False,430699
2019,6243,petrol,chennai,,,kia,seltos,1,great,False,1041510
2011,44007,petrol,new delhi,hatchback,manual,hyundai,i20,1,great,False,264999
2011,181733,diesel,pune,hatchback,manual,maruti,swift,1,great,False,374299
2008,72819,petrol,bengaluru,hatchback,manual,maruti,alto,3,good,False,206499
2013,154164,diesel,new delhi,sedan,manual,maruti,swift dzire,1,great,False,310299
2016,101529,diesel,new delhi,suv,manual,maruti,vitara brezza,1,great,False,647999
2012,12377,petrol,pune,hatchback,manual,maruti,alto,1,good,False,220899
2011,68764,petrol,hyderabad,hatchback,manual,hyundai,i10,2,great,False,293099
2013,43859,petrol,chennai,sedan,manual,maruti,swift dzire,1,great,False,482099
2015,68611,petrol & cng,pune,hatchback,manual,maruti,wagon r 1.0,3,great,False,344999
2009,87557,petrol,new delhi,hatchback,manual,maruti,ritz,1,good,False,232799
2019,50814,petrol & cng,ahmedabad,suv,manual,maruti,eeco,1,great,False,444499
2017,76837,diesel,noida,sedan,manual,maruti,ciaz,1,great,False,565699
2013,66517,petrol,mumbai,sedan,manual,hyundai,verna,2,great,False,397099
2015,76322,diesel,pune,hatchback,manual,hyundai,elite i20,1,great,False,572699
2011,31715,petrol,mumbai,hatchback,manual,maruti,a star,2,great,False,179399
2011,137729,petrol,chennai,sedan,manual,nissan,sunny,1,good,False,307199
2016,14540,petrol,pune,hatchback,manual,hyundai,elite i20,1,great,False,575000
2015,52458,petrol,new delhi,hatchback,automatic,maruti,celerio,1,great,False,350599
2018,24627,petrol,chennai,hatchback,manual,maruti,baleno,1,great,False,607899
2010,61379,diesel,bengaluru,hatchback,manual,ford,figo,1,good,False,301199
2017,16389,petrol,hyderabad,hatchback,manual,datsun,redi go,1,great,False,303899
2007,59676,petrol,faridabad,hatchback,manual,maruti,alto,1,great,False,103599
2015,21236,petrol,new delhi,hatchback,manual,hyundai,elite i20,1,great,False,567499
2015,47506,petrol,pune,hatchback,manual,maruti,wagon r 1.0,1,great,True,304399
2013,92521,diesel,new delhi,sedan,manual,hyundai,verna,3,great,False,359199
2012,190416,diesel,mumbai,hatchback,manual,toyota,etios liva,1,great,False,306599
2016,62730,petrol,pune,hatchback,manual,renault,kwid,1,great,False,303099
2012,36697,petrol,mumbai,hatchback,manual,hyundai,i20,2,good,False,389399
2017,26725,petrol,bengaluru,hatchback,manual,datsun,redi go,1,great,False,282399
2011,116983,petrol,hyderabad,hatchback,manual,hyundai,i10,2,great,False,247999
2013,73361,diesel,new delhi,sedan,manual,toyota,etios,1,good,False,320000
2016,24665,petrol,gurgaon,hatchback,manual,hyundai,grand i10,1,great,False,427299
2017,15251,petrol,bengaluru,suv,manual,maruti,eeco,1,great,False,384799
2013,49259,petrol,bengaluru,sedan,manual,hyundai,verna,1,great,False,584799
2016,34682,petrol,bengaluru,hatchback,automatic,maruti,baleno,3,great,False,494999
2016,64939,petrol,mumbai,hatchback,manual,renault,kwid,2,good,False,297899
2013,73503,diesel,mumbai,suv,manual,renault,duster,2,great,False,370999
2014,74016,diesel,hyderabad,suv,manual,renault,duster,2,great,False,507899
2012,85100,petrol,new delhi,hatchback,manual,toyota,etios liva,2,great,False,257999
2009,48964,petrol,chennai,hatchback,manual,hyundai,i10,1,good,False,278699
2015,60362,diesel,ghaziabad,suv,manual,mahindra,scorpio,2,great,False,865399
2013,41294,diesel,noida,luxury sedan,manual,mercedes benz,e class,2,great,False,1445409
2016,48085,diesel,bengaluru,suv,manual,maruti,ertiga,1,great,False,825999
2014,97537,diesel,mumbai,luxury suv,manual,mahindra,xuv500,2,great,False,694799
2019,14911,petrol,pune,suv,,maruti,xl6,1,great,False,1012119
2014,174675,petrol & cng,mumbai,hatchback,manual,maruti,wagon r 1.0,1,great,False,307999
2014,50599,petrol,bengaluru,hatchback,manual,maruti,alto k10,1,great,False,323299
2010,59580,diesel,bengaluru,hatchback,manual,volkswagen,polo,1,good,False,371299
2009,42165,petrol,hyderabad,sedan,manual,tata,indigo cs,1,fair,False,143399
2010,137382,petrol,new delhi,hatchback,manual,maruti,alto,1,great,False,117099
2014,37168,petrol,mumbai,hatchback,manual,maruti,alto k10,3,good,False,214699
2014,91931,petrol,new delhi,hatchback,manual,maruti,swift,1,great,False,385399
2015,73656,diesel,chennai,luxury suv,automatic,audi,q3,2,great,False,1646803
2012,66504,petrol,pune,hatchback,manual,hyundai,i20,2,great,False,314999
2010,85037,petrol,mumbai,sedan,manual,honda,city,1,great,False,301999
2012,29425,petrol,bengaluru,hatchback,manual,maruti,wagon r 1.0,2,great,False,313899
2014,5383,petrol,noida,hatchback,manual,maruti,alto 800,1,great,False,285699
2009,67343,petrol,new delhi,luxury sedan,manual,skoda,laura,3,overpriced,False,300000
2013,58233,petrol,new delhi,sedan,manual,hyundai,verna,1,great,False,439499
2017,49922,petrol,mumbai,suv,automatic,renault,duster,1,great,False,661599
2008,43423,petrol,bengaluru,hatchback,manual,hyundai,getz prime,1,great,False,233099
2011,39597,petrol,hyderabad,hatchback,manual,hyundai,i20,2,good,False,338399
2015,35706,petrol,noida,hatchback,manual,hyundai,elite i20,1,great,False,431999
2011,70996,petrol,bengaluru,hatchback,manual,maruti,alto k10,1,great,False,257199
2016,51851,diesel,mumbai,suv,automatic,toyota,innova crysta,2,great,False,1708615
2013,62965,petrol & cng,new delhi,hatchback,manual,maruti,wagon r 1.0,1,great,False,298599
2011,52311,petrol,bengaluru,hatchback,manual,hyundai,i10,2,great,False,313999
2009,66777,petrol,bengaluru,hatchback,manual,maruti,wagon r,3,great,False,209999
2015,6799,petrol & cng,mumbai,hatchback,manual,maruti,wagon r 1.0,1,great,False,378099
2014,155205,diesel,hyderabad,sedan,manual,maruti,swift dzire,2,great,False,476299
2012,120777,diesel,noida,sedan,manual,maruti,swift dzire,1,great,False,336299
2017,20149,petrol,new delhi,sedan,manual,maruti,dzire,2,great,False,508499
2012,51808,petrol,mumbai,sedan,automatic,honda,city,2,great,False,411499
2013,88600,diesel,ahmedabad,luxury suv,manual,mercedes benz,b class,2,great,False,719499
2011,66475,petrol,mumbai,hatchback,manual,maruti,ritz,1,good,False,241699
2010,37650,petrol,lucknow,hatchback,manual,maruti,wagon r,3,good,False,232499
2010,135052,petrol,bengaluru,hatchback,manual,maruti,alto,2,great,False,224999
2011,16261,petrol,bengaluru,hatchback,manual,hyundai,santro xing,1,great,False,334199
2009,70988,petrol,new delhi,sedan,manual,maruti,swift dzire,1,good,False,240599
2010,104324,diesel,faridabad,sedan,manual,mahindra renault,logan,1,good,True,90000
2006,53377,petrol,lucknow,,,honda,city zx,5,overpriced,False,100000
2012,164127,diesel,gurgaon,hatchback,manual,maruti,swift,1,great,False,273199
2013,44854,petrol,gurgaon,hatchback,manual,hyundai,eon,1,great,False,213599
2014,65178,petrol,noida,hatchback,manual,hyundai,elite i20,1,great,False,420099
2012,108532,diesel,mumbai,luxury sedan,,hyundai,new elantra,1,great,False,488599
2010,113701,petrol,new delhi,sedan,manual,honda,city,1,great,False,353199
2019,2576,petrol,chennai,hatchback,manual,maruti,swift,1,great,False,648899
2017,47637,petrol & cng,mumbai,hatchback,manual,maruti,wagon r 1.0,1,great,False,400299
2015,11366,petrol,pune,hatchback,,maruti,alto k10,1,great,False,329999
2016,34658,diesel,bengaluru,suv,manual,mahindra,tuv300,1,great,True,534599
2015,38614,petrol,bengaluru,sedan,manual,honda,city,1,great,False,702299
2009,68306,petrol & lpg,bengaluru,hatchback,manual,hyundai,santro xing,1,great,False,239999
2016,83614,petrol,ahmedabad,hatchback,manual,tata,tiago,1,great,False,321099
2010,115045,petrol,chennai,hatchback,manual,maruti,wagon r 1.0,1,great,False,230999
2011,73611,petrol,mumbai,sedan,manual,honda,city,2,great,False,317299
2013,36750,petrol,gurgaon,hatchback,manual,maruti,alto k10,1,great,False,236999
2010,102047,petrol,pune,hatchback,manual,honda,jazz,1,great,False,231899
2009,102210,petrol,bengaluru,hatchback,manual,hyundai,santro xing,3,great,True,181399
2014,68279,diesel,new delhi,sedan,manual,honda,amaze,1,great,False,325000
2017,38359,diesel,pune,sedan,automatic,skoda,rapid,1,great,False,826299
2018,57877,petrol & cng,ahmedabad,hatchback,manual,maruti,celerio x,1,great,False,391699
2011,106451,petrol,mumbai,sedan,manual,toyota,etios,2,good,False,200000
2015,63585,petrol,pune,hatchback,manual,datsun,go,1,great,False,224499
2011,29879,petrol,bengaluru,hatchback,manual,maruti,alto,2,great,False,223999
2018,32446,petrol,ghaziabad,hatchback,manual,maruti,wagon r 1.0,1,great,False,358899
2017,8480,petrol,mumbai,hatchback,automatic,maruti,ignis,1,great,False,555699
2014,83429,petrol,bengaluru,sedan,automatic,skoda,rapid,1,great,False,505999
2013,45714,petrol,mumbai,hatchback,manual,hyundai,i20,1,great,False,328599
2013,81344,diesel,gurgaon,hatchback,manual,hyundai,i20,2,great,True,285199
2015,148319,petrol & cng,mumbai,suv,manual,maruti,ertiga,1,great,False,548299
2017,8865,petrol,bengaluru,hatchback,manual,maruti,celerio,1,good,False,480000
2015,207086,petrol & cng,ghaziabad,hatchback,manual,maruti,wagon r 1.0,2,great,False,247799
2013,60133,petrol,chennai,hatchback,manual,hyundai,grand i10,2,great,False,360699
2010,98807,petrol,bengaluru,sedan,automatic,honda,city,3,great,False,388199
2012,41964,petrol & cng,mumbai,hatchback,manual,maruti,wagon r 1.0,2,great,False,259499
2010,122773,petrol,new delhi,sedan,manual,honda,city,1,great,False,263899
2012,163110,diesel,pune,luxury suv,manual,mahindra,xuv500,1,great,False,531599
2010,124364,petrol,new delhi,hatchback,manual,hyundai,i10,1,good,False,130000
2012,67818,diesel,noida,sedan,manual,hyundai,verna,1,great,False,358099
2013,53063,petrol,mumbai,hatchback,manual,hyundai,eon,2,great,False,208499
2018,1676,petrol,pune,hatchback,manual,datsun,redi go,1,great,False,243099
2016,53647,petrol,mumbai,sedan,manual,maruti,ciaz,1,great,False,572999
2015,48590,petrol,mumbai,hatchback,manual,hyundai,i10,1,great,False,374499
2016,23105,petrol,noida,hatchback,manual,maruti,alto 800,1,great,False,224399
2011,97812,petrol,mumbai,hatchback,manual,maruti,ritz,1,great,False,262399
2011,152770,petrol,mumbai,sedan,manual,volkswagen,vento,3,great,False,245599
2011,93562,petrol,hyderabad,hatchback,manual,hyundai,i10,2,great,False,294399
2014,21725,petrol,bengaluru,hatchback,manual,maruti,alto 800,1,great,False,284399
2011,105520,diesel,chennai,hatchback,manual,nissan,micra,1,great,False,259099
2016,21041,petrol,noida,suv,manual,mahindra,kuv100,1,great,False,313099
2010,27657,petrol,mumbai,sedan,manual,honda,city,1,great,False,317499
2015,20971,diesel,bengaluru,hatchback,manual,hyundai,elite i20,1,great,False,678399
2012,91465,petrol,pune,hatchback,manual,hyundai,i20,1,great,False,298099
2013,54361,petrol,pune,hatchback,manual,maruti,wagon r 1.0,2,great,False,248999
2014,56002,petrol,mumbai,sedan,manual,maruti,swift dzire,1,great,False,472699
2011,5044,petrol,bengaluru,hatchback,manual,hyundai,i10,1,great,False,357399
2014,110017,petrol,noida,hatchback,manual,hyundai,grand i10,1,great,False,323499
2012,43847,petrol,mumbai,hatchback,manual,hyundai,santro xing,3,good,False,210699
2018,12824,petrol,bengaluru,sedan,manual,honda,amaze,1,great,False,681899
2014,94746,petrol & cng,ahmedabad,hatchback,manual,hyundai,santro xing,1,good,False,285899
2011,154355,diesel,bengaluru,sedan,manual,skoda,rapid,1,great,False,374499
2010,111674,petrol,new delhi,hatchback,manual,hyundai,i10,1,great,False,176099
2013,81479,diesel,mumbai,sedan,manual,volkswagen,vento,2,great,False,420299
2016,27265,petrol,chennai,suv,manual,mahindra,kuv100,1,great,False,369999
2015,56019,petrol,bengaluru,hatchback,manual,hyundai,grand i10,2,great,False,447599
2019,9130,petrol,new delhi,suv,manual,hyundai,creta,1,great,False,900799
2017,12889,petrol,pune,hatchback,manual,maruti,wagon r 1.0,1,great,False,432099
2013,113370,petrol,mumbai,hatchback,manual,hyundai,i20,1,great,False,345299
2013,120438,petrol,bengaluru,hatchback,manual,hyundai,grand i10,1,great,False,373599
2016,49323,petrol,mumbai,sedan,manual,hyundai,verna,1,overpriced,True,700000
2012,98462,petrol,mumbai,hatchback,manual,maruti,wagon r 1.0,1,great,False,238799
2017,10302,petrol,mumbai,hatchback,manual,hyundai,elite i20,1,great,False,618199
2013,96602,petrol & cng,pune,hatchback,manual,maruti,wagon r 1.0,4,good,False,329499
2017,10143,petrol,ahmedabad,sedan,manual,honda,amaze,1,great,False,550000
2013,75842,petrol,mumbai,hatchback,manual,maruti,ritz,2,great,True,238599
2016,169374,diesel,chennai,suv,manual,maruti,ertiga,1,great,False,703899
2015,58585,petrol,new delhi,suv,manual,hyundai,creta,1,great,False,732299
2016,30632,petrol,bengaluru,hatchback,manual,renault,kwid,1,great,False,346499
2012,41547,petrol,mumbai,suv,manual,maruti,ertiga,1,great,False,476999
2017,76217,diesel,new delhi,hatchback,manual,maruti,baleno,2,great,False,582299
2011,30746,petrol,gurgaon,hatchback,manual,hyundai,i20,1,great,False,251099
2012,21852,petrol,mumbai,hatchback,manual,maruti,wagon r 1.0,1,great,False,302099
2016,43399,diesel,mumbai,suv,manual,maruti,ertiga,1,great,False,761399
2016,57923,petrol & cng,new delhi,hatchback,manual,maruti,alto 800,1,great,False,237199
2013,100679,petrol,ahmedabad,hatchback,manual,hyundai,i10,1,great,False,246499
2014,39571,petrol & cng,new delhi,hatchback,manual,maruti,swift,1,great,False,376099
2012,82585,diesel,new delhi,hatchback,manual,maruti,swift,1,great,False,302399
2011,80612,petrol,mumbai,hatchback,manual,hyundai,i20,2,great,False,251799
2015,23973,petrol,ahmedabad,hatchback,manual,hyundai,elite i20,1,great,False,559399
2008,83474,diesel,new delhi,luxury sedan,,mercedes benz,c class,2,good,False,200000
2019,13427,petrol,lucknow,,,hyundai,new santro,1,great,False,500199
2014,29661,petrol,bengaluru,hatchback,manual,hyundai,eon,1,great,False,291899
2016,68290,diesel,mumbai,luxury suv,automatic,audi,q3,1,good,False,2750000
2012,61782,petrol,new delhi,hatchback,manual,maruti,swift,2,great,False,300000
2013,85110,petrol,new delhi,hatchback,manual,hyundai,grand i10,1,great,False,341799
2016,88378,diesel,new delhi,hatchback,manual,hyundai,elite i20,1,great,False,508499
2017,21830,petrol,hyderabad,hatchback,,hyundai,grand i10,1,great,False,574799
2009,97719,petrol,bengaluru,hatchback,manual,hyundai,i10,3,fair,False,228299
2010,66894,petrol,bengaluru,sedan,automatic,honda,civic,3,great,False,423899
2015,96631,diesel,pune,sedan,automatic,volkswagen,jetta,1,great,False,1052216
2015,119932,diesel,mumbai,luxury suv,manual,mahindra,xuv500,2,great,False,733899
2014,78542,diesel,pune,suv,manual,mahindra,thar,1,great,False,420000
2013,120039,diesel,ghaziabad,suv,manual,renault,duster,1,great,False,331799
2014,24847,diesel,ghaziabad,suv,manual,mahindra,scorpio,1,great,False,880799
2010,43890,petrol,bengaluru,hatchback,manual,hyundai,i10,2,great,False,322399
2013,108631,diesel,hyderabad,sedan,manual,maruti,swift dzire,2,great,False,471799
2019,43346,petrol,chennai,hatchback,manual,tata,tiago,1,great,False,453399
2011,95082,petrol,ahmedabad,hatchback,manual,hyundai,i10,1,good,False,252799
2017,73340,petrol & cng,pune,suv,manual,maruti,ertiga,1,great,False,612000
2017,31874,diesel,new delhi,suv,manual,honda,wr-v,1,great,False,714199
2013,49718,diesel,new delhi,sedan,manual,hyundai,verna,1,great,False,397499
2011,13579,petrol,bengaluru,sedan,manual,toyota,etios,1,great,False,402399
2016,48003,petrol & cng,mumbai,hatchback,manual,maruti,wagon r 1.0,1,great,False,347699
2015,78966,diesel,bengaluru,sedan,manual,skoda,rapid,3,great,False,457099
2010,44077,petrol & lpg,hyderabad,hatchback,manual,hyundai,santro xing,1,great,False,263599
2017,17713,petrol,hyderabad,suv,manual,hyundai,creta,1,great,False,987199
2010,75640,petrol,new delhi,hatchback,manual,hyundai,i20,2,good,False,256099
2018,14695,petrol,bengaluru,hatchback,manual,maruti,swift,1,great,False,607399
2016,24434,petrol,ahmedabad,sedan,manual,honda,amaze,1,great,False,504699
2018,31895,petrol,bengaluru,suv,manual,maruti,eeco,1,great,False,430999
2009,71417,petrol,ahmedabad,hatchback,manual,hyundai,santro xing,2,fair,False,215899
2010,67593,petrol,mumbai,hatchback,manual,maruti,zen estilo,1,good,False,184799
2011,38857,petrol,bengaluru,hatchback,manual,hyundai,i20,1,great,False,371199
2014,51261,petrol,mumbai,hatchback,manual,hyundai,i20,1,great,False,499000
2014,13068,petrol,mumbai,hatchback,manual,hyundai,i10,1,great,False,386099
2013,74457,petrol,chennai,hatchback,manual,hyundai,i20,2,great,False,386299
2015,171979,diesel,mumbai,suv,manual,renault,duster,1,great,False,475399
2013,52110,diesel,gurgaon,luxury sedan,manual,mercedes benz,e class,1,great,False,1352489
2017,10172,petrol,pune,hatchback,manual,hyundai,grand i10,1,great,False,460999
2012,104227,petrol & cng,mumbai,hatchback,manual,maruti,wagon r 1.0,1,great,False,275599
2015,47644,diesel,new delhi,hatchback,manual,hyundai,elite i20,1,great,False,491399
2012,115024,diesel,bengaluru,suv,manual,renault,duster,2,great,False,484199
2011,130494,diesel,bengaluru,sedan,manual,toyota,etios,1,great,False,380299
2010,205948,diesel,pune,suv,manual,toyota,innova,2,great,False,530699
2009,39622,petrol,pune,hatchback,manual,maruti,alto,1,good,False,164499
2012,38023,petrol,pune,hatchback,manual,volkswagen,polo,1,great,False,322699
2015,59851,petrol,noida,sedan,manual,honda,city,1,great,False,559599
2019,83351,petrol,gurgaon,,,mg,hector,1,great,False,1477426
2016,14173,petrol,pune,suv,manual,honda,br-v,1,great,False,676899
2015,84079,petrol,pune,hatchback,manual,volkswagen,polo,1,great,False,474999
2012,87063,diesel,new delhi,suv,manual,mahindra,scorpio,1,great,True,390000
2016,43387,petrol,new delhi,hatchback,manual,tata,tiago,1,great,False,329199
2017,32394,diesel,mumbai,suv,manual,mahindra,tuv300,1,great,False,705499
2014,43981,petrol,ahmedabad,hatchback,manual,maruti,celerio,1,great,False,291699
2011,88720,petrol,hyderabad,hatchback,manual,hyundai,santro xing,1,good,False,261699
2018,50364,petrol,bengaluru,hatchback,manual,maruti,swift,1,great,False,589399
2016,25485,diesel,new delhi,luxury suv,automatic,bmw,x1,2,great,False,1818604
2019,8746,petrol,bengaluru,hatchback,,hyundai,elite i20,1,great,False,650999
2012,126375,petrol,gurgaon,hatchback,manual,maruti,alto 800,2,great,False,202099
2014,186575,diesel,noida,sedan,manual,hyundai,verna,3,great,False,400599
2016,8545,petrol,chennai,hatchback,,maruti,alto k10,1,great,False,361299
2014,78930,petrol & cng,faridabad,hatchback,manual,hyundai,elite i20,2,great,False,431399
2016,23199,petrol,chennai,hatchback,,maruti,alto k10,1,great,False,376499
2012,59608,diesel,new delhi,luxury suv,manual,mahindra,xuv500,1,great,True,438099
2016,59802,diesel,pune,suv,manual,maruti,ertiga,1,great,False,788499
2014,138853,petrol,new delhi,hatchback,manual,hyundai,grand i10,1,great,False,322499
2015,41701,petrol,bengaluru,hatchback,manual,hyundai,elite i20,1,great,False,516000
2016,39768,petrol,bengaluru,hatchback,manual,hyundai,elite i20,1,great,False,650799
2014,49253,petrol,mumbai,hatchback,automatic,volkswagen,polo,1,great,False,517299
2017,81861,diesel,mumbai,luxury suv,automatic,toyota,fortuner,1,great,False,2571559
2017,10579,diesel,gurgaon,luxury sedan,manual,mercedes benz,c class,1,good,False,3250000
2016,32405,petrol,hyderabad,hatchback,manual,datsun,go plus,1,great,False,300399
2008,77123,petrol,pune,hatchback,manual,maruti,wagon r,2,good,False,138299
2015,60900,petrol,bengaluru,sedan,manual,maruti,ciaz,1,great,False,620299
2016,60068,petrol,chennai,hatchback,manual,maruti,baleno,1,great,False,556199
2015,12657,petrol,mumbai,hatchback,manual,maruti,alto k10,1,great,False,293899
2013,83315,diesel,new delhi,sedan,manual,maruti,swift dzire,1,great,False,372199
2010,38182,petrol,mumbai,hatchback,manual,hyundai,i20,1,great,False,259399
2016,63814,petrol,bengaluru,hatchback,manual,nissan,micra active,1,great,False,404399
2016,69884,diesel,faridabad,suv,manual,mahindra,tuv300,1,great,False,504299
2009,35094,petrol,pune,hatchback,manual,maruti,alto,1,great,False,156599
2017,111095,petrol & cng,new delhi,suv,manual,maruti,eeco,1,great,False,297299
2015,97803,diesel,mumbai,suv,automatic,hyundai,creta,1,great,False,888899
2011,100743,diesel,new delhi,sedan,manual,toyota,etios,1,great,False,231699
2012,50014,petrol,mumbai,hatchback,manual,maruti,wagon r 1.0,1,great,False,255199
2013,99985,petrol & cng,noida,hatchback,manual,maruti,alto k10,1,great,False,201799
2011,97608,petrol,pune,hatchback,manual,ford,figo,2,great,False,181899
2011,63165,petrol,hyderabad,hatchback,manual,maruti,wagon r 1.0,1,great,False,320599
2019,39681,diesel,new delhi,suv,manual,maruti,vitara brezza,1,great,False,771599
2018,21074,petrol,bengaluru,hatchback,manual,hyundai,grand i10,1,great,False,562399
2013,28778,petrol,mumbai,hatchback,manual,chevrolet,spark,1,good,False,180899
2012,60930,diesel,faridabad,hatchback,manual,ford,figo,1,good,False,216199
2019,5348,petrol,mumbai,,,kia,seltos,1,great,False,1734168
2015,86573,diesel,bengaluru,suv,,hyundai,creta,1,great,False,934599
2013,60472,diesel,bengaluru,sedan,manual,toyota,etios,2,great,False,492099
2018,71483,diesel,hyderabad,suv,manual,ford,ecosport,1,great,False,797399
2014,84023,diesel,ghaziabad,sedan,manual,hyundai,verna,1,great,False,491399
2018,10312,petrol & cng,mumbai,suv,manual,maruti,ertiga,1,great,False,775000
2014,32555,petrol,new delhi,hatchback,manual,maruti,swift,1,great,False,397899
2015,30511,petrol,ahmedabad,hatchback,manual,hyundai,i10,1,great,False,316699
2010,116520,diesel,bengaluru,hatchback,manual,ford,figo,2,good,False,251099
2017,30373,petrol,new delhi,hatchback,manual,hyundai,grand i10,1,great,False,425699
2015,57445,diesel,mumbai,hatchback,manual,chevrolet,sail uva,2,great,False,199799
2010,51536,petrol,chennai,suv,manual,maruti,eeco,3,great,False,232199
2016,14330,petrol,bengaluru,hatchback,automatic,tata,nano,3,great,False,205899
2010,42016,petrol,new delhi,hatchback,manual,maruti,alto,1,great,False,133199
2011,43511,petrol,bengaluru,hatchback,manual,maruti,zen estilo,3,great,False,252699
2013,57033,petrol,chennai,hatchback,manual,maruti,ritz,1,great,False,323699
2012,24076,petrol,mumbai,hatchback,manual,hyundai,i10,1,great,False,244799
2017,69848,diesel,ghaziabad,sedan,manual,maruti,ciaz,1,great,False,615099
2016,39149,petrol,new delhi,hatchback,manual,tata,tiago,1,great,False,341599
2010,58745,petrol,pune,suv,manual,maruti,eeco,2,great,False,222999
2009,75433,petrol,gurgaon,hatchback,manual,maruti,ritz,1,great,False,203099
2013,50603,petrol,pune,hatchback,manual,hyundai,santro xing,1,good,False,231299
2013,53065,diesel,mumbai,sedan,manual,maruti,swift dzire,1,great,False,407799
2014,46586,diesel,bengaluru,sedan,manual,maruti,ciaz,2,great,False,605099
2016,37772,petrol & cng,mumbai,hatchback,manual,maruti,celerio,1,great,False,426399
2014,24316,petrol,new delhi,hatchback,,maruti,alto k10,2,great,False,274399
2016,44582,petrol,mumbai,hatchback,manual,renault,kwid,2,great,False,237499
2017,83043,petrol,mumbai,sedan,automatic,maruti,ciaz,1,great,False,630899
2011,65816,petrol,hyderabad,hatchback,automatic,hyundai,i10,2,great,False,354199
2017,35926,petrol,hyderabad,hatchback,manual,hyundai,eon,1,great,False,332999
2019,12889,petrol,chennai,hatchback,manual,maruti,swift,1,great,False,582599
2014,74024,diesel,pune,sedan,manual,hyundai,verna,2,great,False,456999
2016,48541,petrol,gurgaon,hatchback,,maruti,baleno,1,great,False,533599
2012,81212,petrol,new delhi,sedan,automatic,honda,city,2,great,False,325799
2014,87125,diesel,bengaluru,sedan,manual,maruti,swift dzire,2,great,False,493599
2011,61129,petrol,new delhi,hatchback,manual,volkswagen,polo,2,good,False,217299
2014,40375,diesel,chennai,hatchback,manual,maruti,swift,1,great,False,443599
2018,3517,petrol,pune,hatchback,automatic,renault,kwid,1,great,False,422099
2015,65380,petrol,ahmedabad,hatchback,manual,maruti,swift,1,great,False,441799
2019,7857,petrol,lucknow,suv,,hyundai,venue,1,great,False,1031006
2014,88009,petrol,mumbai,sedan,manual,maruti,swift dzire,1,great,False,416599
2012,149569,diesel,ghaziabad,hatchback,manual,volkswagen,polo,1,good,False,238699
2017,31152,petrol,mumbai,hatchback,automatic,maruti,ignis,1,great,False,526899
2013,81363,diesel,chennai,hatchback,manual,hyundai,i20,2,great,False,387199
2017,61838,petrol,noida,sedan,manual,maruti,ciaz,1,great,False,603699
2017,163124,petrol,bengaluru,hatchback,manual,maruti,celerio,1,great,False,389899
2014,75691,petrol & cng,pune,hatchback,manual,hyundai,grand i10,1,great,False,377199
2016,61903,diesel,chennai,sedan,,tata,zest,1,great,False,397999
2012,53525,petrol,mumbai,sedan,manual,skoda,rapid,2,good,False,293599
2015,72206,diesel,new delhi,sedan,manual,hyundai,verna,2,great,True,550000
2019,27346,petrol & cng,ahmedabad,suv,manual,maruti,eeco,1,great,False,449199
2011,190068,diesel,mumbai,luxury suv,manual,toyota,fortuner,2,great,False,829399
2012,182075,diesel,new delhi,sedan,manual,skoda,rapid,1,great,False,258499
2018,26202,petrol,bengaluru,hatchback,manual,maruti,swift,1,great,False,624999
2017,24104,petrol,hyderabad,hatchback,manual,maruti,swift,1,great,False,535399
2017,18913,petrol,gurgaon,hatchback,manual,maruti,alto k10,2,great,False,294299
2010,66102,petrol,new delhi,hatchback,manual,maruti,wagon r,1,great,False,150000
2012,40091,petrol,mumbai,hatchback,manual,maruti,wagon r 1.0,1,great,False,310599
2010,40225,petrol,bengaluru,hatchback,manual,maruti,zen estilo,2,great,False,213599
2015,32821,petrol,ahmedabad,hatchback,manual,maruti,alto 800,1,great,False,232199
2010,40666,petrol,new delhi,hatchback,manual,maruti,alto k10,1,great,False,189699
2012,88973,petrol,new delhi,sedan,manual,volkswagen,jetta,2,great,False,448699
2002,77323,petrol & lpg,ahmedabad,hatchback,manual,maruti,800,2,overpriced,False,35000
2018,53486,diesel,ghaziabad,sedan,,honda,amaze,1,great,False,604299
2018,8854,petrol,chennai,hatchback,manual,maruti,ignis,1,great,False,562599
2015,46300,petrol,pune,sedan,manual,honda,amaze,1,great,False,400499
2016,27245,petrol,new delhi,hatchback,manual,maruti,alto k10,1,great,False,284099
